term,best_rank,worst_rank,median_rank,months_present,first_month,last_month,trend_ratio,is_category,seeds,themes
bogg bag,196.0,2563.0,1116.5,12,2025-01,2025-12,1.035022354694486,False,bogg bag,charm潮流
mosquito repellent outdoor patio,250.0,146583.0,3981.0,12,2025-01,2025-12,0.32919827569979104,False,mosquito repellent,功能康复珠宝
divorced sister,363.0,81072.0,10802.0,7,2025-06,2025-12,61.69214437367304,False,divorce*,人生重启
mosquito repellent,430.0,12232.0,1984.0,12,2025-01,2025-12,0.8416499304804573,False,mosquito repellent,功能康复珠宝
bogg bag accessories,487.0,8846.0,2798.0,12,2025-01,2025-12,2.081763122476447,False,bogg bag,charm潮流
divorce in the black tyler perry,1469.0,40990.0,7776.5,12,2025-01,2025-12,8.339251439539348,False,divorce*,人生重启
breast cancer awareness accessories,1589.0,148802.0,105154.5,12,2025-01,2025-12,0.7871142209449691,False,awareness,疾病康复
mermaid costume women,1953.0,178681.0,113630.5,10,2025-02,2025-11,0.050853753250115374,False,mermaid,风格审美
fantasy football draft board 2025,2004.0,13918.0,7961.0,2,2025-07,2025-08,,False,fantasy football,运动兴趣
the perfect divorce jeneva rose,2026.0,180018.0,20841.0,9,2025-01,2025-09,2.021170175642666,False,divorce*,人生重启
friendship,2115.0,160437.0,15079.0,9,2025-02,2025-12,5.443640871990908,False,friendship,关系联结
mosquito repellent stickers,2278.0,113391.0,18623.0,9,2025-03,2025-11,1.0564593040682306,False,mosquito repellent,功能康复珠宝
breast cancer awareness shirt,2297.0,93637.0,7732.0,3,2025-08,2025-10,,False,awareness,疾病康复
autism awareness shirt,2443.0,180978.0,57781.0,6,2025-02,2025-09,44.13924777490669,False,awareness,疾病康复
y2k tops,2821.0,12831.0,4811.5,12,2025-01,2025-12,0.928780896522832,False,y2k,风格审美
the perfect divorce,3197.0,62292.0,16149.5,12,2025-01,2025-12,0.37988461601320545,False,divorce*,人生重启
nurse jackie,3299.0,85445.0,10248.5,12,2025-01,2025-12,10.955652396821328,False,nurse,军警职业
the divorce insurance,3445.0,129742.0,61022.5,6,2025-03,2025-08,3.8807928400730987,False,divorce*,人生重启
nurse costume,3830.0,140477.0,74973.0,5,2025-07,2025-11,,False,nurse,军警职业
thunder shirt for dogs anxiety,4124.0,39994.0,23199.0,12,2025-01,2025-12,1.2275367864472815,False,anxiety,心理健康
y2k,4326.0,6333.0,5252.5,12,2025-01,2025-12,1.127038626609442,False,y2k,风格审美
the saint,5311.0,133656.0,62693.0,12,2025-01,2025-12,1.9973753743174212,False,saint,信仰精神
mermaid costume for girls,5578.0,174886.0,66879.0,7,2025-06,2025-12,0.5971428844810595,False,mermaid,风格审美
mermaid top,5799.0,163419.0,91424.0,6,2025-05,2025-10,0.21228299503569015,False,mermaid,风格审美
mermaid accessories,5914.0,154552.0,69104.5,6,2025-05,2025-10,0.32958460847047744,False,mermaid,风格审美
bible verse jar,5953.0,81348.0,31108.0,12,2025-01,2025-12,0.592626509293176,False,bible verse,宗教扩展
retirement party decorations,6134.0,25170.0,14333.0,12,2025-01,2025-12,1.5321861057998725,False,retirement,成就节点
fantasy football trophy,6178.0,151150.0,32052.0,9,2025-01,2025-12,0.6099766966366372,False,fantasy football,运动兴趣
gas masks survival nuclear and chemical military grade,6285.0,189564.0,63060.0,11,2025-01,2025-11,3.4317446885671976,False,military,军警职业
firefighter costume women,6783.0,45106.0,25944.5,2,2025-09,2025-10,,False,firefighter,军警职业
saint patricks day shirt,6800.0,27153.0,16976.5,2,2025-02,2025-03,,False,saint,信仰精神
gothic dress,7220.0,61200.0,46722.5,12,2025-01,2025-12,0.8598230832425823,False,gothic,风格审美
mermaid tail for swimming,7321.0,147162.0,62659.5,12,2025-01,2025-12,1.2321796311897406,False,mermaid,风格审美
nurse essentials,7376.0,150709.0,10825.0,12,2025-01,2025-12,0.07216926470038504,False,nurse,军警职业
mermaid birthday decorations,7407.0,46614.0,11955.5,12,2025-01,2025-12,2.537119962290832,False,mermaid,风格审美
y2k clothes,7468.0,14727.0,10225.0,12,2025-01,2025-12,1.325912733748887,False,y2k,风格审美
mermaid skirt,8019.0,199100.0,99676.0,10,2025-01,2025-10,0.1936093741649297,False,mermaid,风格审美
nurse costume woman,8213.0,51238.0,29725.5,2,2025-09,2025-10,,False,nurse,军警职业
prayer journal for woman,8336.0,25764.0,19517.5,12,2025-01,2025-12,1.2732438339057135,False,prayer,信仰精神
nurse accessories for work,8407.0,132774.0,89514.0,12,2025-01,2025-12,15.050701937579765,False,nurse,军警职业
byoma hydrating recovery oil,8439.0,182984.0,71872.0,8,2025-01,2025-08,7.186035257518148,False,recovery,戒断康复
anxiety relief items,8617.0,14019.0,12230.5,12,2025-01,2025-12,1.2945430003856537,False,anxiety,心理健康
gothic clothes for women,8638.0,20795.0,14834.5,12,2025-01,2025-12,1.0924078692158492,False,gothic,风格审美
firefighter costume men,8710.0,124902.0,66806.0,2,2025-09,2025-10,,False,firefighter,军警职业
heartland on up faith and family,8868.0,72498.0,43765.5,12,2025-01,2025-12,0.9123263727477268,False,faith,信仰精神
sweet 16 party decorations,9019.0,28878.0,13204.5,12,2025-01,2025-12,1.6530461234892708,False,sweet 16,身份仪式
mermaid barbie,9362.0,70324.0,30207.0,12,2025-01,2025-12,0.1628218250531454,False,mermaid,风格审美
police officer costume for boys,9405.0,158931.0,142860.0,8,2025-01,2025-12,0.6786848304824337,False,police officer,军警职业
quinceanera dresses,9451.0,32748.0,15064.5,12,2025-01,2025-12,2.8980404164115123,False,quincea*,身份仪式
saint patricks day decorations,9460.0,79944.0,23788.0,3,2025-01,2025-03,,False,saint,信仰精神
communion cups and wafer set,9465.0,22125.0,16872.0,12,2025-01,2025-12,1.492133891213389,False,communion,身份仪式
mermaid tail,9669.0,36802.0,16637.5,12,2025-01,2025-12,2.0837746750120365,False,mermaid,风格审美
firefighter costume for kids,9939.0,164893.0,115253.0,11,2025-01,2025-12,0.7929338064952756,False,firefighter,军警职业
mre meals military 2025,9979.0,36226.0,20279.0,11,2025-02,2025-12,1.2849497699746502,False,military,军警职业
anxiety,10368.0,50694.0,33462.5,12,2025-01,2025-12,1.3592610730220915,False,anxiety,心理健康
gothic dresses for women,10715.0,114023.0,77474.0,12,2025-01,2025-12,0.8790743936343591,False,gothic,风格审美
urns for human ashes,10751.0,114648.0,75881.5,12,2025-01,2025-12,0.13304084134460287,False,ashes,纪念哀悼
silent hill nurse costume,11067.0,93887.0,26796.0,3,2025-08,2025-10,,False,nurse,军警职业
y2k sunglasses,11212.0,41440.0,13590.5,12,2025-01,2025-12,1.5503132910079256,False,y2k,风格审美
first communion dress for girls,11213.0,152485.0,34169.0,7,2025-01,2025-10,7.55381447441113,False,communion,身份仪式
first communion decorations,11264.0,146097.0,38980.0,4,2025-02,2025-05,,False,communion,身份仪式
sympathy cards,11301.0,26455.0,17626.0,12,2025-01,2025-12,2.230299380591879,False,sympathy,纪念哀悼
beyond anxiety martha beck,11321.0,178586.0,57382.0,3,2025-01,2025-03,,False,anxiety,心理健康
breast cancer awareness,11833.0,93583.0,17761.0,3,2025-08,2025-10,,False,awareness,疾病康复
nurse badge reel,11934.0,17564.0,13673.5,12,2025-01,2025-12,1.2693886526902214,False,nurse,军警职业
purity coffee,12732.0,29035.0,23536.5,12,2025-01,2025-12,0.9597603854668577,False,purity,承诺誓约
military movies,12793.0,72941.0,29357.0,12,2025-01,2025-12,4.307402760351318,False,military,军警职业
anxiety doechii,12805.0,178232.0,66373.0,6,2025-02,2025-07,1.9998416092500197,False,anxiety,心理健康
goth,12826.0,22543.0,19010.0,12,2025-01,2025-12,0.6957652840005781,False,goth,风格审美
urn for ashes adult male,12945.0,58282.0,16911.5,12,2025-01,2025-12,2.917166173178306,False,ashes,纪念哀悼
firefighter hat,12949.0,96500.0,54724.5,2,2025-09,2025-10,,False,firefighter,军警职业
my best friends are balls book,13267.0,124725.0,68943.0,3,2025-02,2025-04,,False,best friend*,关系联结
engagement party decorations,13641.0,32260.0,18336.5,12,2025-01,2025-12,1.1495301647827862,False,engagement,承诺誓约
breast cancer awareness decorations,14106.0,18866.0,16486.0,2,2025-09,2025-10,,False,awareness,疾病康复
nurse bag,14277.0,26179.0,18937.0,12,2025-01,2025-12,1.4046424469564167,False,nurse,军警职业
shamrock decorations,14582.0,26552.0,20567.0,2,2025-02,2025-03,,False,shamrock,宗教扩展
saint patricks day accessories,14823.0,53298.0,34060.5,2,2025-02,2025-03,,False,saint,信仰精神
mermaid costume,14871.0,197324.0,102858.5,6,2025-05,2025-10,0.19507575757575757,False,mermaid,风格审美
belly button piercing,14892.0,25458.0,20629.0,12,2025-01,2025-12,1.0548400286210773,False,belly button,身体珠宝穿孔
police officer costume for girls,14975.0,68408.0,41691.5,2,2025-09,2025-10,,False,police officer,军警职业
the little mermaid,15308.0,49320.0,22635.0,12,2025-01,2025-12,2.3123945489941597,False,mermaid,风格审美
vestidos de 15 a?os quincea?era,15365.0,35445.0,18067.0,4,2025-01,2025-07,,False,quincea*,身份仪式
prayer mat,15515.0,74942.0,61126.0,12,2025-01,2025-12,3.128095975232198,False,prayer,信仰精神
mental health awareness shirt,15841.0,44358.0,30099.5,2,2025-04,2025-05,,False,awareness;mental health,心理健康;疾病康复
divorced sistas tyler perry,15923.0,95097.0,19112.0,3,2025-06,2025-08,,False,divorce*,人生重启
military backpack,16104.0,31328.0,20070.0,12,2025-01,2025-12,1.6029551954242136,False,military,军警职业
faith over fear hoodie,16186.0,163046.0,56510.0,12,2025-01,2025-12,0.859424683871922,False,faith,信仰精神
y2k accessories,16235.0,23668.0,20808.5,12,2025-01,2025-12,1.0355542846249166,False,y2k,风格审美
deet mosquito repellent,16274.0,109384.0,53321.0,12,2025-01,2025-12,1.4944442869695853,False,mosquito repellent,功能康复珠宝
urn for ashes for women,16332.0,146851.0,21919.0,12,2025-01,2025-12,6.12808246483285,False,ashes,纪念哀悼
prayer journal,16597.0,38663.0,28790.0,12,2025-01,2025-12,1.1180188861052225,False,prayer,信仰精神
tyler perry's divorce in the black,16681.0,136281.0,54541.5,12,2025-01,2025-12,4.908939692855209,False,divorce*,人生重启
mermaid,16920.0,25132.0,20097.5,12,2025-01,2025-12,1.3031194820482637,False,mermaid,风格审美
gothic decor,17263.0,27764.0,23658.5,12,2025-01,2025-12,0.8720148125755743,False,gothic,风格审美
c section recovery must haves,17283.0,29751.0,18569.0,12,2025-01,2025-12,1.6737210369350768,False,recovery,戒断康复
y2k hoodie,17418.0,68014.0,36630.5,12,2025-01,2025-12,1.5481255834520709,False,y2k,风格审美
mermaid toys,17509.0,46435.0,23212.5,12,2025-01,2025-12,0.5549534488225291,False,mermaid,风格审美
anxiety relief for dogs diffuser,17580.0,17580.0,17580.0,1,2025-01,2025-01,,False,anxiety,心理健康
mermaid man costume,17862.0,104816.0,61339.0,2,2025-09,2025-10,,False,mermaid,风格审美
love and friendship,18101.0,195261.0,138861.0,7,2025-01,2025-08,1.0733539294690373,False,friendship,关系联结
shamrock cookie cutter,18107.0,32102.0,25104.5,2,2025-02,2025-03,,False,shamrock,宗教扩展
firefighter costume,18193.0,98557.0,58375.0,2,2025-09,2025-10,,False,firefighter,军警职业
bad faith,18254.0,155919.0,104835.0,10,2025-01,2025-10,4.077500341110657,False,faith,信仰精神
retirement card,18305.0,69840.0,43440.0,12,2025-01,2025-12,1.4794960014878185,False,retirement,成就节点
initial d,18333.0,53887.0,29582.5,12,2025-01,2025-12,2.3724794162599223,False,initial,个性化定制
king of ashes,18419.0,94349.0,42893.0,8,2025-05,2025-12,2.0736459147937847,False,ashes,纪念哀悼
bug md squito stickers mosquito repellent patch,18509.0,120214.0,29602.0,5,2025-04,2025-08,,False,mosquito repellent,功能康复珠宝
barbie mermaid,18643.0,121931.0,69894.0,12,2025-01,2025-12,0.24452179343533603,False,mermaid,风格审美
mermaid accessories women,18713.0,199024.0,178061.0,7,2025-04,2025-10,0.5133673370146641,False,mermaid,风格审美
my best friend's wedding,19040.0,85797.0,49394.0,12,2025-01,2025-12,2.7522557799039804,False,best friend*,关系联结
dog calming pheromone anxiety diffuser,19421.0,19421.0,19421.0,1,2025-01,2025-01,,False,anxiety,心理健康
goth dress,19490.0,67829.0,38613.0,12,2025-01,2025-12,1.5279150560258354,False,goth,风格审美
communion wafers,19531.0,61336.0,44997.5,12,2025-01,2025-12,1.3693863359796026,False,communion,身份仪式
sexy nurse costume outfit for women,19568.0,123418.0,71493.0,2,2025-09,2025-10,,False,nurse,军警职业
engagement ornament 2025,19603.0,148175.0,29454.0,3,2025-10,2025-12,,False,engagement,承诺誓约
divorced sistas,19636.0,142478.0,57386.0,3,2025-06,2025-08,,False,divorce*,人生重启
mosquito repellent spray,20175.0,193752.0,50415.0,9,2025-03,2025-11,0.9891892570596286,False,mosquito repellent,功能康复珠宝
saint patricks day outfit women,20189.0,23033.0,21611.0,2,2025-02,2025-03,,False,saint,信仰精神
mermaid tail blanket,20416.0,124536.0,75389.0,12,2025-01,2025-12,0.29433484339227434,False,mermaid,风格审美
down syndrome awareness shirts,20710.0,188857.0,104783.5,2,2025-03,2025-10,,False,awareness,疾病康复
yves saint laurent cologne for men,21247.0,44575.0,33494.0,12,2025-01,2025-12,0.6608044409350848,False,saint,信仰精神
y2k dress,21625.0,59513.0,31748.5,12,2025-01,2025-12,1.3366594250492598,False,y2k,风格审美
castor oil belly button patch,21655.0,90024.0,42039.5,12,2025-01,2025-12,3.2810026385224274,False,belly button,身体珠宝穿孔
anxiety bookshelf,21827.0,44011.0,30672.0,12,2025-01,2025-12,0.8362495072323134,False,anxiety,心理健康
nurse shoes,21959.0,41084.0,32544.5,12,2025-01,2025-12,1.098069728172698,False,nurse,军警职业
autism awareness,22145.0,92713.0,36487.0,3,2025-02,2025-04,,False,awareness,疾病康复
mental health awareness items,22197.0,116295.0,25834.0,3,2025-03,2025-05,,False,awareness;mental health,心理健康;疾病康复
murphys naturals mosquito repellent,22320.0,144441.0,41457.0,6,2025-04,2025-09,0.9225543163215619,False,mosquito repellent,功能康复珠宝
crown of light and ashes,22371.0,140028.0,42208.0,6,2025-06,2025-12,0.40350452281414867,False,ashes,纪念哀悼
y2k belt,22514.0,50698.0,34184.5,12,2025-01,2025-12,0.8707752083138283,False,y2k,风格审美
suicide awareness shirt,22810.0,185863.0,131233.0,4,2025-03,2025-10,,False,awareness,疾病康复
vestidos de 15 años quinceañera,22824.0,95866.0,33792.5,8,2025-04,2025-12,1.5602084083917633,False,quincea*,身份仪式
solar recovery spray,23333.0,135377.0,48064.5,6,2025-03,2025-08,0.7448179475078957,False,recovery,戒断康复
mosquito repellent outdoor,24380.0,188987.0,58867.0,8,2025-04,2025-11,2.0026538573817043,False,mosquito repellent,功能康复珠宝
nurse shoes for women,24525.0,69549.0,32584.0,12,2025-01,2025-12,2.2972534016674486,False,nurse,军警职业
natpat mosquito repellent patches,24666.0,134184.0,71568.0,5,2025-04,2025-08,,False,mosquito repellent,功能康复珠宝
goth accessories,24736.0,42219.0,37053.5,12,2025-01,2025-12,0.61674787427152,False,goth,风格审美
mre meals military 2024,25031.0,77709.0,51370.0,2,2025-01,2025-02,,False,military,军警职业
y2k outfits for women,25191.0,167368.0,53008.0,11,2025-02,2025-12,0.26173533758696516,False,y2k,风格审美
bogg bag large,25279.0,170855.0,81237.5,12,2025-01,2025-12,0.7450596311191235,False,bogg bag,charm潮流
retirement decorations,25300.0,80455.0,47456.5,12,2025-01,2025-12,1.5867764993026499,False,retirement,成就节点
black gothic dress,25562.0,185079.0,83373.0,4,2025-07,2025-10,,False,gothic,风格审美
bogg bag cup holder,25709.0,197419.0,84336.0,11,2025-01,2025-12,1.7713852913736545,False,bogg bag,charm潮流
toddler firefighter costume,26167.0,176418.0,58211.0,3,2025-08,2025-10,,False,firefighter,军警职业
divorced,26662.0,161426.0,60257.0,3,2025-06,2025-08,,False,divorce*,人生重启
mermaid man and barnacle boy costumes,26844.0,169429.0,98136.5,2,2025-09,2025-10,,False,mermaid,风格审美
mosquito repellent for kids,26848.0,172579.0,71298.0,7,2025-04,2025-10,2.49741569225555,False,mosquito repellent,功能康复珠宝
yves saint laurent,27033.0,86484.0,63472.5,12,2025-01,2025-12,1.8666839244110796,False,saint,信仰精神
y2k jeans,27245.0,52271.0,43763.0,12,2025-01,2025-12,0.6319712006226892,False,y2k,风格审美
engagement dresses for women,27286.0,116108.0,32515.0,12,2025-01,2025-12,3.5968915138327633,False,engagement,承诺誓约
the saint val kilmer,27463.0,27463.0,27463.0,1,2025-04,2025-04,,False,saint,信仰精神
kids police officer costume,27651.0,198890.0,166419.0,6,2025-02,2025-10,0.3469893165715301,False,police officer,军警职业
communion cups,27756.0,57113.0,48664.5,12,2025-01,2025-12,1.261972863953062,False,communion,身份仪式
y2k top,27777.0,86695.0,44866.0,12,2025-01,2025-12,1.1405288280366788,False,y2k,风格审美
nat pat mosquito repellent stickers,27804.0,85399.0,57132.5,4,2025-05,2025-08,,False,mosquito repellent,功能康复珠宝
little mermaid costume,28417.0,112136.0,45014.0,3,2025-08,2025-10,,False,mermaid,风格审美
shamrock sweater,28530.0,153167.0,52850.0,3,2025-01,2025-03,,False,shamrock,宗教扩展
initial stockings christmas,28588.0,42766.0,35677.0,2,2025-11,2025-12,,False,initial,个性化定制
mermaid tail for swimming kids,28705.0,166388.0,70656.0,4,2025-05,2025-08,,False,mermaid,风格审美
y2k shirts,28768.0,86940.0,58407.0,12,2025-01,2025-12,0.4869514221483726,False,y2k,风格审美
nurse,29037.0,53795.0,37435.5,12,2025-01,2025-12,0.943787393905663,False,nurse,军警职业
rules of engagement,29190.0,101773.0,48091.5,12,2025-01,2025-12,2.2141521503789,False,engagement,承诺誓约
bogg bag phone holder,29278.0,160140.0,74830.0,9,2025-01,2025-12,0.8084486880142318,False,bogg bag,charm潮流
gothic home decor,29720.0,79321.0,58180.0,12,2025-01,2025-12,1.0563943084487222,False,gothic,风格审美
mermaid party favors,29782.0,163196.0,39683.5,12,2025-01,2025-12,2.4607282502443795,False,mermaid,风格审美
my best friend's exorcism,30079.0,179207.0,142930.0,5,2025-01,2025-08,,False,best friend*,关系联结
fantasy football magazine 2025,30127.0,121384.0,56111.0,3,2025-06,2025-08,,False,fantasy football,运动兴趣
shamrock stickers,30132.0,53718.0,41925.0,2,2025-02,2025-03,,False,shamrock,宗教扩展
shamrock glasses,30236.0,96933.0,63584.5,2,2025-02,2025-03,,False,shamrock,宗教扩展
urns for human ashes adult man,30274.0,186011.0,40046.0,12,2025-01,2025-12,4.658482960791499,False,ashes,纪念哀悼
mermaid costume accessories,30292.0,146349.0,88320.5,2,2025-09,2025-10,,False,mermaid,风格审美
2025 fantasy football draft board,30572.0,109857.0,70214.5,2,2025-07,2025-08,,False,fantasy football,运动兴趣
martha beck beyond anxiety,30710.0,79854.0,55282.0,2,2025-01,2025-02,,False,anxiety,心理健康
baptism decorations,30732.0,141826.0,40215.5,12,2025-01,2025-12,1.8942782055419798,False,baptism,身份仪式
first communion veil,30957.0,155013.0,69857.0,3,2025-03,2025-05,,False,communion,身份仪式
hoodies y2k,30998.0,66053.0,44751.0,12,2025-01,2025-12,1.1207674943566592,False,y2k,风格审美
y2k tops for women,31100.0,122545.0,50435.0,12,2025-01,2025-12,0.9032618192408504,False,y2k,风格审美
prayer board supplies,31207.0,104003.0,91232.5,6,2025-01,2025-12,0.9981711857724823,False,prayer,信仰精神
divorced sisters tyler perry,31342.0,181858.0,40081.0,3,2025-07,2025-09,,False,divorce*,人生重启
killing faith,31350.0,118945.0,80992.0,3,2025-10,2025-12,,False,faith,信仰精神
gothic,31625.0,70950.0,59475.5,12,2025-01,2025-12,0.6361546603162003,False,gothic,风格审美
faith based,32004.0,140847.0,48336.5,12,2025-01,2025-12,2.5820960698689954,False,faith,信仰精神
natural mosquito repellent,32122.0,165505.0,79468.0,7,2025-04,2025-10,1.9035302341838518,False,mosquito repellent,功能康复珠宝
prayer board supplies for women,32157.0,140265.0,73149.0,3,2025-01,2025-03,,False,prayer,信仰精神
saint patricks day shirt women,32386.0,138060.0,85223.0,2,2025-02,2025-03,,False,saint,信仰精神
sympathy cards with envelopes,32554.0,64887.0,45260.5,12,2025-01,2025-12,1.441783768282191,False,sympathy,纪念哀悼
long distance robot,32727.0,173446.0,111868.0,7,2025-06,2025-12,2.351200099490113,False,long distance,关系联结
little mermaid costume women,32785.0,106937.0,69861.0,2,2025-09,2025-10,,False,mermaid,风格审美
cliganic mosquito repellent patches,32814.0,62334.0,52371.0,3,2025-05,2025-07,,False,mosquito repellent,功能康复珠宝
y2k pants,33072.0,56314.0,42330.5,12,2025-01,2025-12,0.7743125187285342,False,y2k,风格审美
goth clothes,33176.0,48091.0,44514.0,12,2025-01,2025-12,0.945456090771944,False,goth,风格审美
recovery mud mask,33309.0,98847.0,49243.5,4,2025-01,2025-04,,False,recovery,戒断康复
police officer costume,33386.0,132109.0,82747.5,2,2025-09,2025-10,,False,police officer,军警职业
military gear,33516.0,51093.0,44127.5,12,2025-01,2025-12,1.3063655711877056,False,military,军警职业
nurse hat,33643.0,196287.0,162700.0,7,2025-02,2025-10,0.4275908514000052,False,nurse,军警职业
evil eye,33856.0,48149.0,36925.0,12,2025-01,2025-12,1.3407997298590202,False,evil eye,信仰精神
mental health journal,33926.0,75996.0,64256.0,12,2025-01,2025-12,1.5743518450769494,False,mental health,心理健康
graphic tees y2k,34241.0,176605.0,110914.0,12,2025-01,2025-12,1.6317777229507886,False,y2k,风格审美
mosquito repellent indoor,34303.0,106389.0,49717.5,8,2025-04,2025-11,0.8849706129303107,False,mosquito repellent,功能康复珠宝
mother daughter matching dresses,34718.0,199531.0,100459.0,8,2025-02,2025-09,3.427531129931001,False,mother daughter,关系联结
dog anxiety relief,34795.0,79392.0,52446.0,12,2025-01,2025-12,1.3903418147470334,False,anxiety,心理健康
nurse pens,34884.0,73481.0,54895.5,12,2025-01,2025-12,0.7884446492074233,False,nurse,军警职业
autism awareness stuff,35087.0,189714.0,48332.0,3,2025-03,2025-05,,False,awareness,疾病康复
hysterectomy recovery must haves,35172.0,49729.0,39356.0,12,2025-01,2025-12,1.055198842727711,False,recovery,戒断康复
faith over fear shirt,35269.0,172374.0,63020.0,12,2025-01,2025-12,0.6336316788717115,False,faith,信仰精神
y2k shorts,35291.0,194744.0,60930.5,12,2025-01,2025-12,0.9567842524499397,False,y2k,风格审美
military costume,35351.0,90603.0,62977.0,2,2025-09,2025-10,,False,military,军警职业
recovery sandals women,35699.0,194076.0,62540.0,9,2025-03,2025-11,2.118062510792609,False,recovery,戒断康复
room decor y2k,35743.0,61415.0,44186.0,12,2025-01,2025-12,1.5778303125820856,False,y2k,风格审美
mermaid backpack,35962.0,139958.0,43144.0,3,2025-06,2025-08,,False,mermaid,风格审美
mini bogg bag,36066.0,157765.0,71869.5,12,2025-01,2025-12,0.8297692615480372,False,bogg bag,charm潮流
divorce sistas tyler perry,36080.0,106368.0,71224.0,2,2025-06,2025-07,,False,divorce*,人生重启
matching couples pajamas,36110.0,172237.0,121659.0,5,2025-02,2025-12,,False,matching couple*,关系联结
military watches for men,36600.0,63746.0,39931.0,12,2025-01,2025-12,1.5840155331654073,False,military,军警职业
sweet 16,36699.0,102279.0,50918.0,12,2025-01,2025-12,1.6982348320317915,False,sweet 16,身份仪式
faith shirts for women,36864.0,133201.0,73833.0,11,2025-02,2025-12,0.6518642480749883,False,faith,信仰精神
mermaid pool toys,37027.0,196630.0,77902.5,6,2025-03,2025-08,0.6362653836767423,False,mermaid,风格审美
mermaid hair accessories,37058.0,170309.0,154027.0,6,2025-05,2025-10,0.7081277259558754,False,mermaid,风格审美
anxiety costume adult,37167.0,153653.0,95410.0,2,2025-09,2025-10,,False,anxiety,心理健康
sexy nurse costume,37234.0,89837.0,63535.5,2,2025-09,2025-10,,False,nurse,军警职业
goth boots,37264.0,88336.0,73907.5,12,2025-01,2025-12,0.8213265077905618,False,goth,风格审美
fantasy football,37389.0,198200.0,113729.5,8,2025-01,2025-12,1.3908803556852325,False,fantasy football,运动兴趣
shamrock jersey,37609.0,37609.0,37609.0,1,2025-10,2025-10,,False,shamrock,宗教扩展
faith based movies on prime,37702.0,131319.0,46002.0,3,2025-01,2025-03,,False,faith,信仰精神
leg warmers y2k,37779.0,148961.0,98467.5,12,2025-01,2025-12,0.32855517247235855,False,y2k,风格审美
engagement ornament,37941.0,54329.0,46135.0,2,2025-11,2025-12,,False,engagement,承诺誓约
y2k purse,38037.0,70903.0,50684.5,12,2025-01,2025-12,0.702405367397164,False,y2k,风格审美
divorce,38122.0,161779.0,81916.0,12,2025-01,2025-12,1.330634651080131,False,divorce*,人生重启
mermaid crown,38332.0,194662.0,143154.5,6,2025-05,2025-10,0.7199953605469096,False,mermaid,风格审美
keeping faith,38379.0,149446.0,93912.5,2,2025-09,2025-10,,False,faith,信仰精神
bioma recovery oil,38407.0,38407.0,38407.0,1,2025-01,2025-01,,False,recovery,戒断康复
prayer board,38440.0,177015.0,145325.0,12,2025-01,2025-12,1.4064282418542553,False,prayer,信仰精神
fake septum,38471.0,69127.0,48764.5,12,2025-01,2025-12,1.3928571428571428,False,septum,身体珠宝穿孔
shamrock shirt,38511.0,135993.0,87252.0,2,2025-02,2025-03,,False,shamrock,宗教扩展
military boots,38643.0,53360.0,43867.0,12,2025-01,2025-12,1.3028917418285053,False,military,军警职业
mermaid top women,38780.0,119515.0,79147.5,2,2025-09,2025-10,,False,mermaid,风格审美
bogg bag small,38796.0,171193.0,99352.5,12,2025-01,2025-12,0.5269736842105263,False,bogg bag,charm潮流
gothic skirt,38876.0,189249.0,159934.0,9,2025-04,2025-12,0.9964585075901835,False,gothic,风格审美
gothic christmas decor,39028.0,139328.0,89178.0,2,2025-11,2025-12,,False,gothic,风格审美
the saint penelope sky,39268.0,197924.0,71894.0,3,2025-03,2025-05,,False,saint,信仰精神
mermaid doll,39277.0,124017.0,88012.5,12,2025-01,2025-12,0.38959322661075035,False,mermaid,风格审美
breast cancer awareness socks,39754.0,66796.0,53275.0,2,2025-09,2025-10,,False,awareness,疾病康复
barbie mermaid dolls,39865.0,181830.0,97662.5,6,2025-06,2025-12,0.3741847792961369,False,mermaid,风格审美
magnesium spray for sleep and anxiety,39946.0,77398.0,54978.0,4,2025-01,2025-04,,False,anxiety,心理健康
proud mom of a 2025 graduate shirt,40104.0,118312.0,79208.0,2,2025-04,2025-05,,False,graduate,成就节点
saint,40130.0,132926.0,95302.0,12,2025-01,2025-12,1.43763413359428,False,saint,信仰精神
recovery suit for dogs,40341.0,72336.0,53104.5,12,2025-01,2025-12,1.664907278682344,False,recovery,戒断康复
the graduate,40519.0,181408.0,104273.0,11,2025-01,2025-11,1.3711484863046612,False,graduate,成就节点
shamrock garland,41058.0,95593.0,68325.5,2,2025-02,2025-03,,False,shamrock,宗教扩展
lego military,41089.0,71317.0,62552.5,12,2025-01,2025-12,0.7367437551906982,False,military,军警职业
shamrock ornaments,41602.0,139666.0,90634.0,2,2025-01,2025-02,,False,shamrock,宗教扩展
engagement card,41617.0,105653.0,74057.5,12,2025-01,2025-12,0.7419702223934714,False,engagement,承诺誓约
girls police officer costume,41644.0,148978.0,95311.0,2,2025-09,2025-10,,False,police officer,军警职业
ursa major golden hour recovery cream,41740.0,191315.0,123424.0,10,2025-01,2025-12,2.0847261316345906,False,recovery,戒断康复
dog calming chews - anxiety relief treats,41866.0,193032.0,54144.0,8,2025-01,2025-08,0.8894795901473482,False,anxiety,心理健康
outdoor mosquito repellent for patio,41942.0,116185.0,60050.0,5,2025-04,2025-08,,False,mosquito repellent,功能康复珠宝
best friend,42410.0,116431.0,89088.0,12,2025-01,2025-12,0.9430882484560995,False,best friend*,关系联结
first communion dress,42552.0,197899.0,141056.0,5,2025-01,2025-05,,False,communion,身份仪式
mermaid makeup,42568.0,198036.0,129813.0,3,2025-07,2025-10,,False,mermaid,风格审美
urns for human ashes adult female,42602.0,101708.0,57810.5,12,2025-01,2025-12,1.9101140488412551,False,ashes,纪念哀悼
y2k skirt,42638.0,110612.0,52905.5,12,2025-01,2025-12,1.1910388017302602,False,y2k,风格审美
belly button piercing kit,42653.0,89504.0,60841.5,12,2025-01,2025-12,1.792505811678597,False,belly button,身体珠宝穿孔
finding faith,42782.0,186659.0,145842.0,3,2025-08,2025-10,,False,faith,信仰精神
little mermaid,42895.0,77363.0,56039.5,12,2025-01,2025-12,1.4011589889287244,False,mermaid,风格审美
military costume women,42901.0,42901.0,42901.0,1,2025-10,2025-10,,False,military,军警职业
thermacell mosquito repellent,42968.0,189070.0,61721.0,7,2025-04,2025-10,2.047080441724796,False,mosquito repellent,功能康复珠宝
prayer rug,43158.0,171753.0,158575.0,12,2025-01,2025-12,2.665308798052161,False,prayer,信仰精神
bogg bag divider,43210.0,171737.0,134246.0,7,2025-01,2025-08,0.28931219717056234,False,bogg bag,charm潮流
initial makeup bag,43304.0,191864.0,171928.0,12,2025-01,2025-12,0.4669399865448419,False,initial,个性化定制
saint patricks day,43306.0,99220.0,71263.0,2,2025-02,2025-03,,False,saint,信仰精神
happy retirement decorations,43324.0,114573.0,78569.0,12,2025-01,2025-12,1.4554969255592864,False,retirement,成就节点
nurse watch,43441.0,130185.0,79660.5,12,2025-01,2025-12,1.3870093853916572,False,nurse,军警职业
goth swimsuit,44269.0,177540.0,86491.0,6,2025-02,2025-07,0.5890371582403733,False,goth,风格审美
nurse clipboard,44468.0,104967.0,67987.5,12,2025-01,2025-12,1.194323178026007,False,nurse,军警职业
mosquito repellent patches,44577.0,129802.0,68918.5,4,2025-05,2025-08,,False,mosquito repellent,功能康复珠宝
childhood cancer awareness shirts,44587.0,44587.0,44587.0,1,2025-09,2025-09,,False,awareness,疾病康复
first communion card,44655.0,45579.0,45117.0,2,2025-04,2025-05,,False,communion,身份仪式
the engagement plot,44683.0,169869.0,128215.5,8,2025-01,2025-10,1.9373729713332322,False,engagement,承诺誓约
bogg bag xl,45172.0,170195.0,90111.0,5,2025-04,2025-08,,False,bogg bag,charm潮流
mermaid dress,45311.0,157670.0,62094.0,12,2025-01,2025-12,3.0244558832952433,False,mermaid,风格审美
mental health stickers,45340.0,119860.0,58295.0,12,2025-01,2025-12,1.6051618661559344,False,mental health,心理健康
y2k beanie,45410.0,187529.0,105991.0,11,2025-01,2025-12,1.3204721320828727,False,y2k,风格审美
fantasy football belt,45584.0,156841.0,126025.0,4,2025-01,2025-12,,False,fantasy football,运动兴趣
police officer costume women sexy,46114.0,46114.0,46114.0,1,2025-10,2025-10,,False,police officer,军警职业
nurse bags for work,46128.0,85683.0,58359.5,12,2025-01,2025-12,1.5371183717193357,False,nurse,军警职业
will the pigeon graduate,46157.0,168775.0,76211.5,4,2025-03,2025-06,,False,graduate,成就节点
y2k glasses,46401.0,114079.0,68006.0,12,2025-01,2025-12,1.4703606356152688,False,y2k,风格审美
y2k room decor,46582.0,68112.0,54118.5,12,2025-01,2025-12,1.2205410178198748,False,y2k,风格审美
thunder vest for dogs anxiety,46616.0,188923.0,118197.0,4,2025-04,2025-07,,False,anxiety,心理健康
matching couples stuff,46927.0,171434.0,134793.0,12,2025-01,2025-12,1.6619292796051233,False,matching couple*,关系联结
nurse dress,47081.0,142780.0,94930.5,2,2025-09,2025-10,,False,nurse,军警职业
faith,47401.0,98936.0,62054.5,12,2025-01,2025-12,1.7081086124848373,False,faith,信仰精神
military surplus,47473.0,106132.0,71638.5,12,2025-01,2025-12,0.788712709046219,False,military,军警职业
anxiety relief,47507.0,87809.0,66356.0,12,2025-01,2025-12,1.661911755829628,False,anxiety,心理健康
breast cancer awareness pins,47803.0,92510.0,70156.5,2,2025-09,2025-10,,False,awareness,疾病康复
recovery slides,48076.0,122171.0,84044.0,11,2025-02,2025-12,2.115221214456498,False,recovery,戒断康复
goth skirt,48095.0,117825.0,88944.5,12,2025-01,2025-12,1.1336029938368117,False,goth,风格审美
shirts y2k,48312.0,127540.0,109867.0,8,2025-05,2025-12,1.0186580000362115,False,y2k,风格审美
military watch,48373.0,91034.0,65317.0,12,2025-01,2025-12,0.7328841758358582,False,military,军警职业
little mermaid party decorations,48419.0,187655.0,57100.0,11,2025-01,2025-11,2.06673794885503,False,mermaid,风格审美
mermaid prom dress,49081.0,117479.0,90520.0,5,2025-01,2025-05,,False,mermaid,风格审美
y2k backpack,49101.0,146902.0,55636.0,3,2025-06,2025-08,,False,y2k,风格审美
outdoor mosquito repellent,49251.0,143263.0,79883.0,7,2025-04,2025-10,1.0205675800858756,False,mosquito repellent,功能康复珠宝
belts y2k,49339.0,150124.0,122859.0,12,2025-01,2025-12,0.8695442326900259,False,y2k,风格审美
king of ashes s.a. cosby,49341.0,198190.0,106839.0,6,2025-05,2025-12,1.6786770187932232,False,ashes,纪念哀悼
dog surgery recovery suit,49515.0,193492.0,82156.0,6,2025-01,2025-12,0.2846931493147067,False,recovery,戒断康复
first communion cake topper,49588.0,73461.0,61524.5,2,2025-04,2025-05,,False,communion,身份仪式
anxiety relief for dogs,49602.0,121653.0,79268.0,12,2025-01,2025-12,1.2632322360419037,False,anxiety,心理健康
y2k shirt,49833.0,78635.0,65466.0,12,2025-01,2025-12,1.0919198991737853,False,y2k,风格审美
bible verse stickers,50081.0,89159.0,70789.0,12,2025-01,2025-12,1.0859245759147624,False,bible verse,宗教扩展
military,50095.0,83745.0,66767.5,12,2025-01,2025-12,1.3091113654439293,False,military,军警职业
perfect divorce,50313.0,197547.0,133545.0,5,2025-04,2025-08,,False,divorce*,人生重启
duo costumes for best friends girls,50459.0,108119.0,79289.0,2,2025-09,2025-10,,False,best friend*,关系联结
mermaid party decorations,50564.0,195845.0,80024.0,11,2025-01,2025-11,1.5443866839948015,False,mermaid,风格审美
mermaid tails for girls,50667.0,154845.0,77887.5,12,2025-01,2025-12,1.4236303265080243,False,mermaid,风格审美
yves saint laurent perfume for women,50744.0,115560.0,94235.0,12,2025-01,2025-12,0.7754320869185085,False,saint,信仰精神
congratulations graduate banner,51019.0,110502.0,80760.5,2,2025-05,2025-06,,False,graduate,成就节点
mastectomy recovery supplies,51066.0,89523.0,70338.5,12,2025-01,2025-12,0.9652835767772318,False,recovery,戒断康复
mexican gothic,51168.0,126627.0,108421.5,12,2025-01,2025-12,1.0455698070060582,False,gothic,风格审美
first communion banner kit,51366.0,151936.0,67899.0,3,2025-02,2025-04,,False,communion,身份仪式
weighted highland cow for anxiety,51524.0,115551.0,82102.5,4,2025-09,2025-12,,False,anxiety,心理健康
divorced siestas,51539.0,137389.0,94464.0,2,2025-06,2025-07,,False,divorce*,人生重启
nurse halloween costume,52073.0,175016.0,113544.5,2,2025-09,2025-10,,False,nurse,军警职业
friendship movie,52142.0,150773.0,100753.5,4,2025-06,2025-09,,False,friendship,关系联结
long distance walkie talkies,52282.0,126634.0,101389.5,12,2025-01,2025-12,1.0943643935562324,False,long distance,关系联结
awareness anthony de mello,52340.0,129623.0,102253.5,4,2025-05,2025-12,,False,awareness,疾病康复
initial keychain,52488.0,137903.0,102274.5,12,2025-01,2025-12,0.8592630592064531,False,initial,个性化定制
cancer awareness shirts,52666.0,123758.0,88212.0,2,2025-09,2025-10,,False,awareness,疾病康复
communion,52859.0,117171.0,78115.5,12,2025-01,2025-12,1.6858282106662237,False,communion,身份仪式
sympathy card,53338.0,91890.0,66454.0,12,2025-01,2025-12,1.4347462306932848,False,sympathy,纪念哀悼
engagement dress,53395.0,164234.0,140297.0,12,2025-01,2025-12,0.7566443968394221,False,engagement,承诺誓约
goth christmas decor,53482.0,53482.0,53482.0,1,2025-11,2025-11,,False,goth,风格审美
calm carry anxiety device,53567.0,198036.0,135873.0,11,2025-01,2025-12,0.728320014070418,False,anxiety,心理健康
nurse sweatshirt,53589.0,193951.0,105487.5,12,2025-01,2025-12,0.48690754246309803,False,nurse,军警职业
military toys,53657.0,167599.0,137256.5,12,2025-01,2025-12,0.35098409073986747,False,military,军警职业
bogg bag topper tray,53988.0,96875.0,82761.0,3,2025-05,2025-07,,False,bogg bag,charm潮流
mermaid skirt women,54415.0,132889.0,93652.0,2,2025-09,2025-10,,False,mermaid,风格审美
baptism outfits for boys,54554.0,124201.0,60997.0,12,2025-01,2025-12,1.906742841503883,False,baptism,身份仪式
small bogg bag,54566.0,184149.0,123328.0,12,2025-01,2025-12,1.029798080252234,False,bogg bag,charm潮流
fake belly button piercing for women swarovski,55069.0,194068.0,114313.0,3,2025-01,2025-07,,False,belly button,身体珠宝穿孔
confirmation decorations,55131.0,178799.0,73060.0,4,2025-02,2025-05,,False,confirmation,身份仪式
dog urns for ashes,55279.0,140633.0,76758.0,12,2025-01,2025-12,2.287736725626341,False,ashes,纪念哀悼
cat recovery suit,55407.0,130349.0,72486.5,12,2025-01,2025-12,1.2971667686607895,False,recovery,戒断康复
baptism dresses for baby girls,55412.0,175913.0,72608.0,12,2025-01,2025-12,2.8551218142245314,False,baptism,身份仪式
friendship lamp,55570.0,169370.0,121640.5,4,2025-01,2025-12,,False,friendship,关系联结
shamrock,55689.0,61187.0,58438.0,2,2025-02,2025-03,,False,shamrock,宗教扩展
bitty bogg bag,55896.0,150316.0,78806.0,12,2025-01,2025-12,0.9378713705973325,False,bogg bag,charm潮流
suicide prevention awareness,56067.0,122397.0,89232.0,2,2025-08,2025-09,,False,awareness,疾病康复
dog recovery suit female,56293.0,108001.0,77016.0,12,2025-01,2025-12,1.8260028055471704,False,recovery,戒断康复
toddler police officer costume,56403.0,110215.0,83309.0,2,2025-09,2025-10,,False,police officer,军警职业
belly button patch,56617.0,120248.0,90404.0,7,2025-01,2025-07,1.5373536622988617,False,belly button,身体珠宝穿孔
mermaid wedding dresses for bride,56722.0,175007.0,99605.0,11,2025-01,2025-11,1.1828860681234181,False,mermaid,风格审美
first communion,57353.0,176701.0,118303.0,3,2025-03,2025-05,,False,communion,身份仪式
military vest,57467.0,180314.0,157885.0,11,2025-01,2025-11,0.718184642434578,False,military,军警职业
compression socks for women nurse-approved,57822.0,192907.0,125364.5,2,2025-08,2025-09,,False,nurse,军警职业
nurse babe shoes,57879.0,102357.0,96364.0,4,2025-01,2025-04,,False,nurse,军警职业
firefighter pants,57908.0,57908.0,57908.0,1,2025-10,2025-10,,False,firefighter,军警职业
medium bogg bag,57939.0,185010.0,113060.0,9,2025-03,2025-12,1.6284362285512117,False,bogg bag,charm潮流
an ember in the ashes,58084.0,106318.0,70615.0,12,2025-01,2025-12,1.6406875363281574,False,ashes,纪念哀悼
prayer cards,58171.0,88695.0,65926.0,12,2025-01,2025-12,0.9533031344054966,False,prayer,信仰精神
legacy of ashes,58342.0,58342.0,58342.0,1,2025-07,2025-07,,False,ashes,纪念哀悼
recovery slides men,58393.0,198343.0,122959.0,11,2025-01,2025-12,0.7651500347403162,False,recovery,戒断康复
matching couples swimsuits,58503.0,108290.0,104648.0,5,2025-03,2025-07,,False,matching couple*,关系联结
nurse halloween shirts,58790.0,181979.0,120384.5,2,2025-09,2025-10,,False,nurse,军警职业
saint maud,58828.0,188008.0,105232.5,10,2025-01,2025-11,1.4739292067448524,False,saint,信仰精神
mosquito repellent wipes,58844.0,152475.0,116870.0,7,2025-03,2025-09,0.8991383289736883,False,mosquito repellent,功能康复珠宝
i dont have enough faith to be an atheist,58921.0,148212.0,129440.0,4,2025-09,2025-12,,False,faith,信仰精神
beyond anxiety,59048.0,59048.0,59048.0,1,2025-01,2025-01,,False,anxiety,心理健康
y2k jacket,59092.0,157437.0,99980.0,12,2025-01,2025-12,0.6060439295196718,False,y2k,风格审美
recuerdos para 15 a?os quincea?eras,59187.0,73725.0,67076.0,4,2025-01,2025-07,,False,quincea*,身份仪式
baby mosquito repellent,59396.0,196630.0,107257.0,7,2025-03,2025-09,1.28202355091043,False,mosquito repellent,功能康复珠宝
nurse sweatshirts for women,59407.0,196307.0,140817.0,9,2025-01,2025-12,1.6942836860659585,False,nurse,军警职业
communion dress,59463.0,191732.0,83363.0,4,2025-01,2025-04,,False,communion,身份仪式
weighted blanket for anxiety,59487.0,111302.0,67254.0,5,2025-08,2025-12,,False,anxiety,心理健康
autism awareness shirt kids,59576.0,80514.0,70045.0,2,2025-03,2025-04,,False,awareness,疾病康复
y2k swimsuit,59645.0,173722.0,105208.0,5,2025-03,2025-07,,False,y2k,风格审美
nurse christmas shirt,59826.0,114342.0,87084.0,2,2025-11,2025-12,,False,nurse,军警职业
sexy firefighter costumes for women,59905.0,59905.0,59905.0,1,2025-10,2025-10,,False,firefighter,军警职业
firefighter hat adult,60130.0,60130.0,60130.0,1,2025-10,2025-10,,False,firefighter,军警职业
anxiety clean,60220.0,145148.0,69931.0,3,2025-03,2025-05,,False,anxiety,心理健康
calming chews for dogs anxiety,60439.0,192469.0,142473.0,4,2025-05,2025-08,,False,anxiety,心理健康
nurse badge,60471.0,86473.0,72242.0,12,2025-01,2025-12,1.1641485872682613,False,nurse,军警职业
halloween nurse shirt,60570.0,103994.0,82282.0,2,2025-09,2025-10,,False,nurse,军警职业
confirmation card,60610.0,138546.0,63412.0,3,2025-03,2025-05,,False,confirmation,身份仪式
y2k bikini,60940.0,192053.0,110998.5,6,2025-02,2025-07,0.6378581011759135,False,y2k,风格审美
bogg bag medium,61058.0,179511.0,94866.5,10,2025-03,2025-12,0.7954100573742828,False,bogg bag,charm潮流
fantasy football draft board,61147.0,61147.0,61147.0,1,2025-08,2025-08,,False,fantasy football,运动兴趣
get lost in prayer before you start overthinking,61203.0,61203.0,61203.0,1,2025-03,2025-03,,False,prayer,信仰精神
mermaid balloons,61353.0,159006.0,94127.0,10,2025-01,2025-10,0.7989431901070381,False,mermaid,风格审美
gothic tops for women,61408.0,184334.0,114908.0,11,2025-01,2025-11,0.5051480051480052,False,gothic,风格审美
mens firefighter costume,61694.0,61694.0,61694.0,1,2025-10,2025-10,,False,firefighter,军警职业
divorce insurance,61903.0,110323.0,86113.0,2,2025-03,2025-04,,False,divorce*,人生重启
happy retirement banner,61923.0,185008.0,131465.5,12,2025-01,2025-12,1.3021270620232956,False,retirement,成就节点
firefly recovery device,61987.0,186446.0,110890.5,10,2025-03,2025-12,1.8492977632458942,False,recovery,戒断康复
firefighter swipe tool,61987.0,164864.0,113425.5,2,2025-08,2025-09,,False,firefighter,军警职业
toddler mermaid costume,62386.0,93530.0,77958.0,2,2025-09,2025-10,,False,mermaid,风格审美
deviated septum corrector,62535.0,197668.0,159577.0,12,2025-01,2025-12,2.926624396314183,False,septum,身体珠宝穿孔
catholic prayer book,62561.0,110041.0,86638.5,12,2025-01,2025-12,0.9826877967847131,False,prayer,信仰精神
weighted stuffed animals for anxiety,62621.0,197481.0,92872.0,7,2025-02,2025-12,0.37330106742690444,False,anxiety,心理健康
gothic corset,62834.0,141140.0,101987.0,2,2025-09,2025-10,,False,gothic,风格审美
mermaid net skirt,62859.0,62859.0,62859.0,1,2025-10,2025-10,,False,mermaid,风格审美
c section recovery,63158.0,118520.0,110398.0,12,2025-01,2025-12,0.7892090730847409,False,recovery,戒断康复
mermaid dress women,63222.0,118893.0,79371.0,10,2025-01,2025-10,0.796828067978358,False,mermaid,风格审美
dog tags military,63262.0,174227.0,150867.0,9,2025-02,2025-10,0.8910725568660489,False,military,军警职业
mental health shirt,63358.0,131903.0,89501.0,9,2025-02,2025-10,0.7385727533770572,False,mental health,心理健康
little mermaid toys,63457.0,115128.0,83274.0,12,2025-01,2025-12,0.6645100540671891,False,mermaid,风格审美
father son matching shirts,63790.0,108858.0,86324.0,2,2025-05,2025-06,,False,father son,关系联结
nurse scissors,63982.0,100098.0,70557.5,12,2025-01,2025-12,1.3936003547147502,False,nurse,军警职业
cac reader military,64039.0,94387.0,71404.5,12,2025-01,2025-12,1.4186949608610568,False,military,军警职业
retirement banner,64199.0,186012.0,123810.5,12,2025-01,2025-12,1.1864095869317801,False,retirement,成就节点
tummy tuck recovery must haves,64215.0,118575.0,83360.0,12,2025-01,2025-12,1.4795677588888294,False,recovery,戒断康复
firefighter tools,64298.0,133681.0,95773.0,12,2025-01,2025-12,1.186265560165975,False,firefighter,军警职业
kinetic recovery rope,64653.0,172814.0,122947.5,12,2025-01,2025-12,0.9273491444010807,False,recovery,戒断康复
covered and armed prayer book,64999.0,116791.0,66311.0,3,2025-08,2025-10,,False,prayer,信仰精神
y2k shoes,65061.0,125619.0,92533.0,12,2025-01,2025-12,0.8534970876416671,False,y2k,风格审美
off mosquito repellent spray,65064.0,126203.0,89909.0,4,2025-05,2025-08,,False,mosquito repellent,功能康复珠宝
military costume for kids,65068.0,171312.0,118190.0,2,2025-09,2025-10,,False,military,军警职业
anxiety and stress relief supplements,65178.0,99724.0,87243.0,5,2025-08,2025-12,,False,anxiety,心理健康
prayer bowl,65232.0,136662.0,100947.0,2,2025-11,2025-12,,False,prayer,信仰精神
y2k stickers,65354.0,110079.0,79556.0,12,2025-01,2025-12,1.1714219676930584,False,y2k,风格审美
little mermaid pool toy,65415.0,65415.0,65415.0,1,2025-04,2025-04,,False,mermaid,风格审美
vestido de 15 años quinceañera,66034.0,153139.0,84317.0,7,2025-04,2025-11,1.2827936673398919,False,quincea*,身份仪式
dog recovery suit,66128.0,105669.0,88783.5,12,2025-01,2025-12,0.9578766314795454,False,recovery,戒断康复
vestido de 15 a?os quincea?era,66139.0,78205.0,74897.5,4,2025-01,2025-07,,False,quincea*,身份仪式
retirement card for woman,66149.0,165317.0,124054.5,12,2025-01,2025-12,1.2722997256572968,False,retirement,成就节点
nurse jacket,66285.0,116530.0,88353.0,12,2025-01,2025-12,1.2669245896582306,False,nurse,军警职业
initial ornaments,66439.0,96119.0,81279.0,2,2025-11,2025-12,,False,initial,个性化定制
four leaf clover,66577.0,129004.0,97790.5,2,2025-02,2025-03,,False,four leaf clover,宗教扩展
starscope monocular military grade,66853.0,162590.0,113358.0,10,2025-02,2025-12,0.7676112230391515,False,military,军警职业
mosquito repellent candle,66977.0,190729.0,98822.0,4,2025-05,2025-08,,False,mosquito repellent,功能康复珠宝
baby bogg bag,67072.0,163568.0,105894.0,11,2025-01,2025-12,1.0943585094528492,False,bogg bag,charm潮流
five year engagement,67238.0,91664.0,79451.0,2,2025-02,2025-03,,False,engagement,承诺誓约
shamrock lights,67477.0,67477.0,67477.0,1,2025-02,2025-02,,False,shamrock,宗教扩展
a carpenters prayer,67600.0,114307.0,90953.5,2,2025-03,2025-04,,False,prayer,信仰精神
septum stretching kit,68017.0,101385.0,78553.5,12,2025-01,2025-12,1.2739653392124577,False,septum,身体珠宝穿孔
little mermaid backpack,68099.0,68450.0,68274.5,2,2025-07,2025-08,,False,mermaid,风格审美
crocs mellow recovery slide,68157.0,198048.0,111291.0,11,2025-01,2025-12,1.2341666113116194,False,recovery,戒断康复
broken saint,68183.0,68183.0,68183.0,1,2025-01,2025-01,,False,saint,信仰精神
shamrock pillow,68379.0,68379.0,68379.0,1,2025-02,2025-02,,False,shamrock,宗教扩展
kids mosquito repellent,68875.0,197958.0,106076.5,4,2025-05,2025-08,,False,mosquito repellent,功能康复珠宝
nurse ornament,68996.0,113273.0,91134.5,2,2025-11,2025-12,,False,nurse,军警职业
mosquito repellent for dogs,69136.0,158850.0,109633.0,4,2025-05,2025-08,,False,mosquito repellent,功能康复珠宝
nurse costume accessories,69287.0,69287.0,69287.0,1,2025-10,2025-10,,False,nurse,军警职业
cremation urns for human ashes,69573.0,171631.0,83447.0,11,2025-01,2025-11,2.0056849913364743,False,ashes;cremation,纪念哀悼
recuerdos para 15 años quinceañeras,69628.0,141350.0,74833.0,7,2025-04,2025-11,1.3717496945068062,False,quincea*,身份仪式
military jackets for men,69779.0,189778.0,112350.0,8,2025-01,2025-12,1.0710422480993167,False,military,军警职业
my best friends are balls,69857.0,69857.0,69857.0,1,2025-03,2025-03,,False,best friend*,关系联结
her saint harmony west,70061.0,70061.0,70061.0,1,2025-04,2025-04,,False,saint,信仰精神
large bogg bag,70093.0,188851.0,119310.5,6,2025-03,2025-08,0.5906051900092655,False,bogg bag,charm潮流
best friend birthday card,70451.0,149537.0,103819.0,11,2025-01,2025-11,1.005914139030428,False,best friend*,关系联结
fake belly button piercing,70732.0,185894.0,96240.0,11,2025-01,2025-12,1.0915358133979696,False,belly button,身体珠宝穿孔
cremation urns,70789.0,182317.0,117312.0,10,2025-03,2025-12,0.6393321028754765,False,cremation,纪念哀悼
the great divorce cs lewis,70877.0,181107.0,131236.5,12,2025-01,2025-12,0.8660925209625918,False,divorce*,人生重启
breast cancer awareness shirt men,70910.0,70910.0,70910.0,1,2025-10,2025-10,,False,awareness,疾病康复
saint costume kids,70910.0,70910.0,70910.0,1,2025-10,2025-10,,False,saint,信仰精神
dog anxiety vest,70948.0,159664.0,113964.0,12,2025-01,2025-12,1.265787152923151,False,anxiety,心理健康
mermaid barbie dolls,71142.0,193335.0,165076.5,6,2025-07,2025-12,0.7655108494166394,False,mermaid,风格审美
mermaid blanket,71254.0,181694.0,157739.5,6,2025-07,2025-12,0.643357518138604,False,mermaid,风格审美
bogg bag organizer,71265.0,141993.0,98499.0,5,2025-03,2025-07,,False,bogg bag,charm潮流
gothic costumes for women,71384.0,71384.0,71384.0,1,2025-10,2025-10,,False,gothic,风格审美
goth makeup,71427.0,126772.0,112335.5,12,2025-01,2025-12,0.7715912031047866,False,goth,风格审美
my best friend's girl,71464.0,93564.0,91066.0,5,2025-02,2025-06,,False,best friend*,关系联结
gothic black dress,71517.0,174563.0,123040.0,2,2025-09,2025-10,,False,gothic,风格审美
engagement decorations,71615.0,130029.0,94778.0,12,2025-01,2025-12,0.8502019666245053,False,engagement,承诺誓约
goth top,71863.0,180470.0,147925.0,9,2025-04,2025-12,1.0727389344160212,False,goth,风格审美
goth shoes,71863.0,132487.0,110900.0,12,2025-01,2025-12,1.0384328543727936,False,goth,风格审美
wisdom teeth recovery must haves,71867.0,118113.0,91566.0,10,2025-03,2025-12,1.1084787892786045,False,recovery,戒断康复
nurse badge accessories,71907.0,116932.0,84401.0,12,2025-01,2025-12,1.4709380567268626,False,nurse,军警职业
post workout recovery powder,71964.0,188671.0,96847.0,11,2025-01,2025-11,1.9064466163146134,False,recovery,戒断康复
waterboy weekend recovery,72307.0,197650.0,123733.0,10,2025-03,2025-12,1.3950932314534983,False,recovery,戒断康复
long distance vibrator,72320.0,108392.0,97192.0,9,2025-01,2025-09,1.1381329336268677,False,long distance,关系联结
mosquito repellent candles,72323.0,198736.0,98050.0,7,2025-04,2025-10,0.9357791160442455,False,mosquito repellent,功能康复珠宝
nurse shirt,72383.0,173058.0,123920.0,11,2025-01,2025-12,0.9623564679392791,False,nurse,军警职业
bible verse cards,72492.0,149035.0,112379.5,12,2025-01,2025-12,0.7152216090911382,False,bible verse,宗教扩展
bogg bag cooler,72645.0,167988.0,106706.5,4,2025-04,2025-07,,False,bogg bag,charm潮流
retirement,72687.0,183696.0,111378.0,12,2025-01,2025-12,1.5691517975182123,False,retirement,成就节点
quinceanera decorations,72809.0,147696.0,97506.5,10,2025-01,2025-10,1.624207484902844,False,quincea*,身份仪式
claimed by my brothers best friend,73294.0,81438.0,77366.0,2,2025-01,2025-02,,False,best friend*,关系联结
my little pony:friendship is magic,73428.0,197490.0,108427.5,6,2025-01,2025-08,1.073373115700384,False,friendship,关系联结
baptism favors,73463.0,199112.0,109371.0,11,2025-01,2025-11,0.545941224247935,False,baptism,身份仪式
claimed by my brothers best friends,73521.0,86496.0,80008.5,2,2025-01,2025-02,,False,best friend*,关系联结
y2k sweater,73921.0,148770.0,120049.0,7,2025-01,2025-12,0.6306622418567291,False,y2k,风格审美
purple up for military kids shirt,74043.0,171841.0,122942.0,2,2025-03,2025-04,,False,military,军警职业
breast cancer awareness sweatshirt,74157.0,163456.0,118806.5,2,2025-09,2025-10,,False,awareness,疾病康复
gothic cat tree,74214.0,144242.0,95159.5,12,2025-01,2025-12,1.5867381889535221,False,gothic,风格审美
military helmet,74352.0,161007.0,117644.0,12,2025-01,2025-12,1.131476588874211,False,military,军警职业
awareness,74379.0,158062.0,131600.0,6,2025-06,2025-12,0.9114910495738594,False,awareness,疾病康复
mermaid cake topper,74450.0,193394.0,93710.5,10,2025-01,2025-10,1.192636726317002,False,mermaid,风格审美
blink 182 nurse costume,74503.0,74503.0,74503.0,1,2025-10,2025-10,,False,nurse,军警职业
mini urns for human ashes,74743.0,129785.0,87822.0,12,2025-01,2025-12,1.4817764511112226,False,ashes,纪念哀悼
anointing oil for prayer,75052.0,123551.0,88442.0,12,2025-01,2025-12,1.3514960229374768,False,prayer,信仰精神
best friend ornament,75149.0,147723.0,111436.0,2,2025-11,2025-12,,False,best friend*,关系联结
firefighter,75687.0,171058.0,141831.5,12,2025-01,2025-12,0.7374733915119905,False,firefighter,军警职业
shamrock wreath,75758.0,192902.0,134330.0,2,2025-02,2025-03,,False,shamrock,宗教扩展
survival kits military grade,75995.0,176823.0,146476.0,7,2025-01,2025-12,1.4528951275475772,False,military,军警职业
mermaid man costume women,76186.0,76186.0,76186.0,1,2025-10,2025-10,,False,mermaid,风格审美
prayer book,76271.0,117791.0,100964.5,12,2025-01,2025-12,1.1455398064844677,False,prayer,信仰精神
cutter mosquito repellent,76305.0,175733.0,118783.0,4,2025-05,2025-08,,False,mosquito repellent,功能康复珠宝
nurse stickers,76306.0,195726.0,142780.5,12,2025-01,2025-12,1.2819280239054176,False,nurse,军警职业
cancer awareness items,76604.0,156976.0,116790.0,2,2025-09,2025-10,,False,awareness,疾病康复
domestic violence awareness shirt,76604.0,76604.0,76604.0,1,2025-10,2025-10,,False,awareness,疾病康复
womens mermaid costume,76796.0,188131.0,132463.5,2,2025-09,2025-10,,False,mermaid,风格审美
goth dress for women,76824.0,178279.0,126961.5,10,2025-01,2025-10,0.6533694591038357,False,goth,风格审美
bogg bag sale,76850.0,180802.0,121521.0,3,2025-07,2025-09,,False,bogg bag,charm潮流
belly button patch cover for castor oil,76891.0,191612.0,124155.0,3,2025-03,2025-08,,False,belly button,身体珠宝穿孔
muslim prayer rug,76945.0,97585.0,87265.0,2,2025-02,2025-03,,False,prayer,信仰精神
initial stockings,77285.0,101998.0,89641.5,2,2025-11,2025-12,,False,initial,个性化定制
prayer journal for men,77552.0,196558.0,163034.0,9,2025-01,2025-12,1.0347751578813749,False,prayer,信仰精神
nurse backpack,77592.0,140037.0,94597.0,12,2025-01,2025-12,1.292346972320235,False,nurse,军警职业
y2k shirts men,77718.0,159156.0,123290.0,9,2025-04,2025-12,0.8793426861711612,False,y2k,风格审美
military lego sets,77775.0,93292.0,85533.5,2,2025-11,2025-12,,False,military,军警职业
mermaid cake decorations,77930.0,166754.0,109222.5,10,2025-01,2025-10,0.9614664874410268,False,mermaid,风格审美
advice for the graduate 2025,77950.0,172442.0,147999.0,3,2025-04,2025-06,,False,graduate,成就节点
anti anxiety coloring book,78116.0,154259.0,116187.5,2,2025-10,2025-11,,False,anxiety,心理健康
indoor mosquito repellent,78150.0,124612.0,100143.5,6,2025-05,2025-10,1.1855289282910837,False,mosquito repellent,功能康复珠宝
prayer shawl,78213.0,189222.0,140390.0,9,2025-01,2025-12,0.5218015881916297,False,prayer,信仰精神
shamrock sweater women,78627.0,150628.0,114627.5,2,2025-02,2025-03,,False,shamrock,宗教扩展
sweet 16 cake topper,78636.0,190324.0,89970.0,12,2025-01,2025-12,1.846880316221355,False,sweet 16,身份仪式
sexy nurse,78826.0,78826.0,78826.0,1,2025-10,2025-10,,False,nurse,军警职业
y2k bag,78872.0,123793.0,97040.5,12,2025-01,2025-12,0.764854191484848,False,y2k,风格审美
goth decor,78897.0,119461.0,102895.5,12,2025-01,2025-12,1.045127950310559,False,goth,风格审美
first communion banner,78994.0,167813.0,123403.5,2,2025-04,2025-05,,False,communion,身份仪式
gothic wall decor,79010.0,144660.0,113961.5,12,2025-01,2025-12,1.1724825875477793,False,gothic,风格审美
deet free mosquito repellent,79143.0,182023.0,117321.5,4,2025-05,2025-08,,False,mosquito repellent,功能康复珠宝
baggy jeans y2k,79468.0,140030.0,107041.0,12,2025-01,2025-12,0.8358304833251905,False,y2k,风格审美
barbie in a mermaid tale,79722.0,179549.0,122317.5,6,2025-01,2025-08,0.6674358060154321,False,mermaid,风格审美
hoka recovery slides womens,79729.0,190510.0,122276.5,10,2025-03,2025-12,2.0539602258232676,False,recovery,戒断康复
gothic curtains,80007.0,168217.0,124021.5,12,2025-01,2025-12,1.015400312470108,False,gothic,风格审美
mermaid bra,80048.0,80048.0,80048.0,1,2025-10,2025-10,,False,mermaid,风格审美
shamrock shirts for women,80289.0,127862.0,104075.5,2,2025-02,2025-03,,False,shamrock,宗教扩展
stocking with initial,80713.0,101496.0,91104.5,2,2025-11,2025-12,,False,initial,个性化定制
y2k tank top,80857.0,155661.0,108240.0,9,2025-02,2025-10,0.8826003940452011,False,y2k,风格审美
dog thunder jacket anxiety calming vest,81062.0,165054.0,117079.0,4,2025-04,2025-07,,False,anxiety,心理健康
sweet 16 dresses,81089.0,186546.0,119933.0,11,2025-01,2025-11,1.646013504139111,False,sweet 16,身份仪式
usa faith wear,81115.0,99995.0,90555.0,2,2025-11,2025-12,,False,faith,信仰精神
baptism dress for women,81164.0,166454.0,98067.5,10,2025-01,2025-10,0.9512853799285531,False,baptism,身份仪式
confirmation dresses,81390.0,165553.0,109409.0,4,2025-01,2025-04,,False,confirmation,身份仪式
prayer quilt with cross inside,81469.0,195875.0,172065.5,10,2025-01,2025-12,1.1765980938704454,False,prayer,信仰精神
purity coffee beans,81769.0,155398.0,118583.5,2,2025-10,2025-12,,False,purity,承诺誓约
nurse yard compression socks women,81793.0,136726.0,109259.5,2,2025-01,2025-03,,False,nurse,军警职业
sweet 16 decorations,81805.0,168054.0,133124.0,11,2025-01,2025-11,0.9678966115626998,False,sweet 16,身份仪式
mermaid bath toys,81943.0,176775.0,146527.0,11,2025-02,2025-12,0.56675178461127,False,mermaid,风格审美
mans best friend vinyl,82207.0,89698.0,85952.5,2,2025-08,2025-09,,False,best friend*,关系联结
goth christmas,82286.0,185084.0,133685.0,2,2025-11,2025-12,,False,goth,风格审美
firefighter accessories,82669.0,155560.0,109491.0,12,2025-01,2025-12,1.2172349145448205,False,firefighter,军警职业
friendship ornaments for women friends,82711.0,144365.0,113538.0,2,2025-11,2025-12,,False,friendship,关系联结
nurse costume for kids,82812.0,82812.0,82812.0,1,2025-10,2025-10,,False,nurse,军警职业
bible verse box,82820.0,82820.0,82820.0,1,2025-12,2025-12,,False,bible verse,宗教扩展
long distance,83634.0,194113.0,185207.0,5,2025-01,2025-12,,False,long distance,关系联结
wwjd,83767.0,132298.0,101313.0,12,2025-01,2025-12,1.2699699426177247,False,wwjd,宗教扩展
small urns for human ashes,83792.0,118520.0,101406.0,12,2025-01,2025-12,0.7876806915599556,False,ashes,纪念哀悼
mermaid pool toy,84023.0,84023.0,84023.0,1,2025-04,2025-04,,False,mermaid,风格审美
firefighter suspenders,84211.0,84211.0,84211.0,1,2025-10,2025-10,,False,firefighter,军警职业
gothic boots,84236.0,179258.0,148379.0,5,2025-08,2025-12,,False,gothic,风格审美
anxiety costume,84456.0,84456.0,84456.0,1,2025-10,2025-10,,False,anxiety,心理健康
divorce sistas,84843.0,155353.0,120098.0,2,2025-06,2025-07,,False,divorce*,人生重启
nurse shirts for women,84844.0,195706.0,141124.0,9,2025-02,2025-10,1.0191250248008843,False,nurse,军警职业
gothdark women's 2025 summer floral print vintage goth dress mesh spliced double-layered irregular h,85087.0,197782.0,141434.5,2,2025-04,2025-06,,False,goth,风格审美
nurse compression socks for women,85262.0,137450.0,105975.5,12,2025-01,2025-12,1.1777556218041105,False,nurse,军警职业
fake belly button piercing for women pura vida,85307.0,85307.0,85307.0,1,2025-10,2025-10,,False,belly button,身体珠宝穿孔
mens breast cancer awareness shirt,85334.0,85334.0,85334.0,1,2025-10,2025-10,,False,awareness,疾病康复
her saint,85335.0,165632.0,136630.5,4,2025-01,2025-04,,False,saint,信仰精神
on a wing and a prayer movie,85338.0,184589.0,130414.0,9,2025-01,2025-09,1.5247017290146956,False,prayer,信仰精神
first communion veil for girls catholic,85374.0,178198.0,131786.0,2,2025-03,2025-04,,False,communion,身份仪式
goth belt,85508.0,185619.0,149100.0,12,2025-01,2025-12,0.9937595926185915,False,goth,风格审美
nurse headbands for women,85524.0,186546.0,115959.0,12,2025-01,2025-12,1.7482897908658543,False,nurse,军警职业
mermaid bathing suit for girls,85561.0,177659.0,118461.0,5,2025-03,2025-07,,False,mermaid,风格审美
police officer costume women,85639.0,85639.0,85639.0,1,2025-10,2025-10,,False,police officer,军警职业
matching couples christmas pajamas,85841.0,118346.0,102093.5,2,2025-11,2025-12,,False,matching couple*,关系联结
rosary in a year prayer guide ascension press,85883.0,160201.0,123042.0,2,2025-01,2025-02,,False,prayer,信仰精神
dog recovery suit male,86565.0,172645.0,117391.0,12,2025-01,2025-12,1.7325742003545521,False,recovery,戒断康复
nurse tote bag,86681.0,183696.0,136403.0,11,2025-01,2025-12,1.2907560935168296,False,nurse,军警职业
silent hill nurse,86971.0,86971.0,86971.0,1,2025-10,2025-10,,False,nurse,军警职业
matching couple outfits,87141.0,177135.0,115090.0,7,2025-03,2025-09,1.0235554783213137,False,matching couple*,关系联结
recovery rope,87310.0,185207.0,146995.0,7,2025-01,2025-12,1.382610495029017,False,recovery,戒断康复
a prayer for owen meany by john irving,87371.0,198242.0,152822.0,9,2025-01,2025-12,0.963329887058146,False,prayer,信仰精神
mermaid toys for girls 4-6,87484.0,188065.0,141942.5,12,2025-01,2025-12,0.6020799154080526,False,mermaid,风格审美
the ashes and the star cursed king,87620.0,181325.0,120164.0,9,2025-01,2025-09,1.4089498457736316,False,ashes,纪念哀悼
engagement photo dresses,87782.0,147878.0,114177.5,10,2025-01,2025-10,0.7899048771100237,False,engagement,承诺誓约
faith over fear,87880.0,198457.0,128670.5,10,2025-01,2025-12,0.8205657539292731,False,faith,信仰精神
y2k hoodies,87912.0,172256.0,117106.0,11,2025-01,2025-12,0.7815860663950304,False,y2k,风格审美
military smart watches for men,88024.0,160348.0,107387.5,12,2025-01,2025-12,1.4719180879407245,False,military,军警职业
stickers y2k,88036.0,192919.0,143677.5,6,2025-01,2025-09,0.8013500017219409,False,y2k,风格审美
divorced sisters,88301.0,145384.0,116842.5,2,2025-06,2025-07,,False,divorce*,人生重启
black gothic dress for women,88377.0,88377.0,88377.0,1,2025-10,2025-10,,False,gothic,风格审美
mental health,88462.0,141306.0,118526.5,12,2025-01,2025-12,1.3739902558370067,False,mental health,心理健康
breast cancer awareness shirts,88472.0,103752.0,96112.0,2,2025-09,2025-10,,False,awareness,疾病康复
y2k sweatpants,88679.0,195691.0,134370.5,10,2025-01,2025-12,0.5639865484561296,False,y2k,风格审美
police officer costume for women,88877.0,88877.0,88877.0,1,2025-10,2025-10,,False,police officer,军警职业
nurse jackets for women,89149.0,162908.0,137437.0,4,2025-09,2025-12,,False,nurse,军警职业
womens firefighter costume,89240.0,89240.0,89240.0,1,2025-10,2025-10,,False,firefighter,军警职业
divorce sisters,89240.0,190325.0,100255.0,3,2025-06,2025-08,,False,divorce*,人生重启
septum,89240.0,116212.0,104695.5,12,2025-01,2025-12,1.0842650668121079,False,septum,身体珠宝穿孔
castor oil patches belly button,89325.0,188061.0,153165.0,6,2025-02,2025-07,1.2333933609898002,False,belly button,身体珠宝穿孔
anxiety pen,89369.0,185114.0,147215.5,8,2025-01,2025-11,0.6725649993969572,False,anxiety,心理健康
white nurse dress,89566.0,89566.0,89566.0,1,2025-10,2025-10,,False,nurse,军警职业
adult mermaid costume,89566.0,152502.0,121034.0,2,2025-09,2025-10,,False,mermaid,风格审美
mother daughter journal,89569.0,162570.0,120672.0,7,2025-01,2025-12,1.3043352107868238,False,mother daughter,关系联结
bogg bag clearance,89631.0,174118.0,90847.0,3,2025-05,2025-07,,False,bogg bag,charm潮流
5 year engagement,89688.0,137670.0,113679.0,2,2025-02,2025-03,,False,engagement,承诺誓约
nurse socks,90218.0,134527.0,98229.0,3,2025-04,2025-12,,False,nurse,军警职业
mosquito repellent for yard,90442.0,161221.0,130534.0,3,2025-05,2025-07,,False,mosquito repellent,功能康复珠宝
up faith and family,90513.0,170769.0,148398.0,9,2025-01,2025-12,1.1198466286607636,False,faith,信仰精神
suicide prevention awareness shirt,90576.0,90576.0,90576.0,1,2025-09,2025-09,,False,awareness,疾病康复
nurse christmas sweatshirt,90587.0,198304.0,144445.5,2,2025-11,2025-12,,False,nurse,军警职业
school nurse office decor,90649.0,127101.0,108875.0,2,2025-07,2025-08,,False,nurse,军警职业
byoma recovery oil,90865.0,90865.0,90865.0,1,2025-01,2025-01,,False,recovery,戒断康复
kids firefighter costume,90902.0,90902.0,90902.0,1,2025-10,2025-10,,False,firefighter,军警职业
adult fidgets for anxiety and stress,91000.0,171665.0,140633.0,9,2025-01,2025-12,1.5026646941394552,False,anxiety,心理健康
gothic shower curtain,91539.0,165054.0,136793.0,11,2025-01,2025-11,1.049839917890899,False,gothic,风格审美
1000-lb best friends,91585.0,106418.0,99001.5,2,2025-01,2025-06,,False,best friend*,关系联结
myself yves saint laurent men,91827.0,197181.0,171560.0,7,2025-05,2025-12,0.7745220331079505,False,saint,信仰精神
cat surgery recovery suit female,91961.0,183596.0,132664.5,8,2025-01,2025-08,1.8189240340668855,False,recovery,戒断康复
gas mask military,92016.0,94962.0,93489.0,2,2025-01,2025-06,,False,military,军警职业
shamrock sunglasses,92020.0,92020.0,92020.0,1,2025-03,2025-03,,False,shamrock,宗教扩展
mosquito repellent incense sticks,92086.0,92101.0,92093.5,2,2025-06,2025-07,,False,mosquito repellent,功能康复珠宝
first communion shoes for girls,92123.0,133279.0,112701.0,2,2025-03,2025-04,,False,communion,身份仪式
man's best friend vinyl,92130.0,153908.0,95369.0,3,2025-10,2025-12,,False,best friend*,关系联结
military belt,92180.0,169823.0,114368.5,12,2025-01,2025-12,1.5180993478154268,False,military,军警职业
goth pants,92660.0,160180.0,138318.5,12,2025-01,2025-12,0.9392730003337413,False,goth,风格审美
boys police officer costume,92843.0,92843.0,92843.0,1,2025-10,2025-10,,False,police officer,军警职业
the case for faith,92877.0,92877.0,92877.0,1,2025-09,2025-09,,False,faith,信仰精神
bogg bag duoop,93011.0,167761.0,136119.5,4,2025-04,2025-07,,False,bogg bag,charm潮流
vera or faith,93159.0,93159.0,93159.0,1,2025-07,2025-07,,False,faith,信仰精神
silent hill nurse mask,93296.0,93296.0,93296.0,1,2025-10,2025-10,,False,nurse,军警职业
matching couple costumes,93362.0,93362.0,93362.0,1,2025-10,2025-10,,False,matching couple*,关系联结
nurse watches for women,93384.0,195742.0,135993.0,11,2025-01,2025-12,1.2577632672269896,False,nurse,军警职业
nurse fanny pack,93604.0,165730.0,103764.5,12,2025-01,2025-12,1.5044912132799406,False,nurse,军警职业
bogg bag strap,93660.0,182273.0,109548.0,4,2025-03,2025-07,,False,bogg bag,charm潮流
murphys mosquito repellent,93660.0,191655.0,141498.0,7,2025-04,2025-10,1.2231692320739516,False,mosquito repellent,功能康复珠宝
mermaid cupcake toppers,93798.0,141491.0,122396.0,9,2025-01,2025-09,0.7473140744622837,False,mermaid,风格审美
thermacell mosquito repellent refills,93878.0,170053.0,150740.0,3,2025-06,2025-08,,False,mosquito repellent,功能康复珠宝
domestic violence awareness items,94032.0,172209.0,133120.5,2,2025-09,2025-10,,False,awareness,疾病康复
y2k summer tops,94126.0,193539.0,141745.0,5,2025-03,2025-07,,False,y2k,风格审美
worry stones for anxiety,94340.0,161059.0,126341.5,12,2025-01,2025-12,1.2633483055735184,False,anxiety,心理健康
baseball bogg bag,94341.0,155327.0,127812.0,4,2025-02,2025-05,,False,bogg bag,charm潮流
suicide awareness items,94423.0,94423.0,94423.0,1,2025-09,2025-09,,False,awareness,疾病康复
mermaid tails,94473.0,185364.0,153820.0,6,2025-03,2025-08,0.5514779783668081,False,mermaid,风格审美
evil eye decor,94595.0,163408.0,106935.5,12,2025-01,2025-12,1.362803218784015,False,evil eye,信仰精神
tax planning to and through early retirement,94676.0,168768.0,131722.0,2,2025-09,2025-10,,False,retirement,成就节点
sierra club engagement calendar 2026,94972.0,122814.0,108893.0,2,2025-11,2025-12,,False,engagement,承诺誓约
goth shirt,95091.0,187016.0,169457.0,11,2025-02,2025-12,0.8482926960113731,False,goth,风格审美
sexy police officer costumes for women,95092.0,95092.0,95092.0,1,2025-10,2025-10,,False,police officer,军警职业
mermaid skeleton,95158.0,99328.0,97243.0,2,2025-09,2025-10,,False,mermaid,风格审美
silent hill nurse costumes,95192.0,141820.0,118506.0,2,2025-09,2025-10,,False,nurse,军警职业
initial bag,95838.0,171731.0,170428.0,3,2025-05,2025-12,,False,initial,个性化定制
goth purse,95845.0,136620.0,127789.0,12,2025-01,2025-12,0.8369319224417395,False,goth,风格审美
baptism card,95994.0,184007.0,132104.0,11,2025-01,2025-11,0.6316434834942938,False,baptism,身份仪式
surviving an unwanted divorce,96098.0,96098.0,96098.0,1,2025-11,2025-11,,False,divorce*,人生重启
mermaid man belt,96158.0,96158.0,96158.0,1,2025-10,2025-10,,False,mermaid,风格审美
black goth dress,96290.0,164755.0,130522.5,2,2025-09,2025-10,,False,goth,风格审美
heartland on up faith and family channel,96391.0,122373.0,103545.0,3,2025-05,2025-07,,False,faith,信仰精神
gothic clothes,96588.0,174065.0,138026.0,12,2025-01,2025-12,0.6538623193020442,False,gothic,风格审美
goth bikini,96702.0,174179.0,140135.0,5,2025-03,2025-07,,False,goth,风格审美
communion bread,97006.0,194841.0,148733.5,8,2025-01,2025-12,0.9958200543460028,False,communion,身份仪式
1st communion dress,97084.0,148623.0,128684.0,4,2025-01,2025-04,,False,communion,身份仪式
prayer jar,97105.0,192974.0,143402.0,3,2025-01,2025-12,,False,prayer,信仰精神
the friendship bench,97156.0,97156.0,97156.0,1,2025-02,2025-02,,False,friendship,关系联结
morning recovery,97212.0,171418.0,111108.5,12,2025-01,2025-12,0.6591692338941738,False,recovery,戒断康复
faith over fear sweatshirt,97242.0,97242.0,97242.0,1,2025-01,2025-01,,False,faith,信仰精神
corporate goth,97500.0,178670.0,145175.0,7,2025-02,2025-10,0.6435820506902897,False,goth,风格审美
y2k clothes men,97633.0,189978.0,140006.5,12,2025-01,2025-12,1.3188261480787253,False,y2k,风格审美
mermaid wig,97774.0,97774.0,97774.0,1,2025-10,2025-10,,False,mermaid,风格审美
mermaid costume adult,97804.0,198122.0,147963.0,2,2025-09,2025-10,,False,mermaid,风格审美
nurse scrubs,98034.0,176960.0,147567.0,12,2025-01,2025-12,1.0488698530619465,False,nurse,军警职业
first communion cards girl,98153.0,98153.0,98153.0,1,2025-04,2025-04,,False,communion,身份仪式
saint patricks day shirt men,98224.0,98224.0,98224.0,1,2025-03,2025-03,,False,saint,信仰精神
nurse graduation party decorations,98342.0,111190.0,104766.0,2,2025-04,2025-05,,False,nurse,军警职业
gothic halloween decor,98407.0,126415.0,112411.0,2,2025-09,2025-10,,False,gothic,风格审美
y2k men,98433.0,195208.0,142699.5,10,2025-01,2025-12,0.5771468079244361,False,y2k,风格审美
anxiety relief items for women,98668.0,181867.0,140267.5,2,2025-01,2025-02,,False,anxiety,心理健康
nurse jamie face roller,98768.0,175334.0,138691.5,4,2025-03,2025-07,,False,nurse,军警职业
student nurse badge,98832.0,198485.0,172226.0,9,2025-01,2025-09,1.1984989750710837,False,nurse,军警职业
calm carry anxiety device glowco,98854.0,98854.0,98854.0,1,2025-12,2025-12,,False,anxiety,心理健康
nurse t shirt,99232.0,168453.0,132852.0,6,2025-04,2025-09,0.9728102284623895,False,nurse,军警职业
urns for ashes,99296.0,183878.0,132391.0,11,2025-01,2025-11,1.1920676402767103,False,ashes,纪念哀悼
mermaid pinata,99748.0,194612.0,134210.0,8,2025-01,2025-09,0.6553235873208877,False,mermaid,风格审美
athan clock for prayer with sound,100284.0,193885.0,177368.0,3,2025-01,2025-03,,False,prayer,信仰精神
mermaid tablecloth,100357.0,176567.0,119933.0,7,2025-03,2025-09,0.7915742647447067,False,mermaid,风格审美
gothic lolita dress,100735.0,142119.0,121427.0,2,2025-09,2025-10,,False,gothic,风格审美
firefighter helmet,100973.0,100973.0,100973.0,1,2025-10,2025-10,,False,firefighter,军警职业
urn for ashes,100974.0,149688.0,131182.5,12,2025-01,2025-12,1.2487307032590051,False,ashes,纪念哀悼
wisdom teeth recovery,101052.0,184114.0,116555.0,4,2025-01,2025-06,,False,recovery,戒断康复
nurse essentials for work,101098.0,146519.0,119288.0,12,2025-01,2025-12,1.3348927729331188,False,nurse,军警职业
muscle recovery,101255.0,186772.0,148607.0,12,2025-01,2025-12,1.6523213747362073,False,recovery,戒断康复
bogg bag topper,101300.0,159206.0,119332.0,3,2025-05,2025-07,,False,bogg bag,charm潮流
adult best friends,101306.0,183040.0,142173.0,2,2025-03,2025-05,,False,best friend*,关系联结
goth bathing suit,101354.0,193324.0,156048.0,5,2025-03,2025-07,,False,goth,风格审美
bible verse wall art,101384.0,132271.0,106830.0,5,2025-08,2025-12,,False,bible verse,宗教扩展
simply southern bogg bag,101664.0,147858.0,113874.0,3,2025-05,2025-07,,False,bogg bag,charm潮流
the dangers of a shallow faith,101714.0,101714.0,101714.0,1,2025-09,2025-09,,False,faith,信仰精神
sympathy cards for loss of loved one,101809.0,192865.0,142050.0,11,2025-01,2025-11,1.3233242859453922,False,sympathy,纪念哀悼
communion decorations,101898.0,171172.0,136535.0,2,2025-04,2025-05,,False,communion,身份仪式
purity face wash,102259.0,149517.0,132231.5,12,2025-01,2025-12,1.2024915101531637,False,purity,承诺誓约
white engagement dresses for women,102326.0,141569.0,115392.5,10,2025-01,2025-10,0.8557007125890737,False,engagement,承诺誓约
goth clothes for women,102329.0,194147.0,156118.5,12,2025-01,2025-12,0.7146182340907834,False,goth,风格审美
nurse caps for women,102421.0,177998.0,122483.0,11,2025-01,2025-12,1.3755728358532098,False,nurse,军警职业
first communion favors,102818.0,162411.0,132614.5,2,2025-04,2025-05,,False,communion,身份仪式
shamrock sprinkles,102849.0,189505.0,146177.0,2,2025-02,2025-03,,False,shamrock,宗教扩展
natural mosquito repellent for skin,103460.0,197482.0,143048.0,3,2025-05,2025-07,,False,mosquito repellent,功能康复珠宝
orthodox prayer book,103482.0,144025.0,123551.5,12,2025-01,2025-12,0.8046859780311999,False,prayer,信仰精神
school nurse shirt,103548.0,161208.0,132378.0,2,2025-07,2025-08,,False,nurse,军警职业
frida mom c section recovery kit,103776.0,191242.0,128959.5,10,2025-01,2025-10,1.2405350520925305,False,recovery,戒断康复
friendship ornament,103791.0,103791.0,103791.0,1,2025-12,2025-12,,False,friendship,关系联结
off spray mosquito repellent,104270.0,164676.0,131940.0,4,2025-05,2025-08,,False,mosquito repellent,功能康复珠宝
divorce insurance kdrama,104517.0,104517.0,104517.0,1,2025-04,2025-04,,False,divorce*,人生重启
bogg bag cooler insert,104548.0,181802.0,141643.0,3,2025-05,2025-07,,False,bogg bag,charm潮流
communion card,104741.0,139773.0,122257.0,2,2025-04,2025-05,,False,communion,身份仪式
friendship lamps,104794.0,126896.0,115845.0,2,2025-11,2025-12,,False,friendship,关系联结
chubbycable spyblocker - military-grade privacy screen with magic installer & self-cleaning adhesive,104796.0,176127.0,140461.5,2,2025-03,2025-04,,False,military,军警职业
weighted hoodie for anxiety,104967.0,150707.0,142345.0,5,2025-01,2025-12,,False,anxiety,心理健康
gothic victorian dress,105244.0,163018.0,134131.0,2,2025-09,2025-10,,False,gothic,风格审美
y2k outfits,105494.0,190526.0,126987.0,4,2025-06,2025-09,,False,y2k,风格审美
firefighter costume adult,105627.0,105627.0,105627.0,1,2025-10,2025-10,,False,firefighter,军警职业
surgery recovery items,105655.0,169677.0,135226.5,12,2025-01,2025-12,1.0972394358395592,False,recovery,戒断康复
recovery slides for women,105747.0,177048.0,165791.0,8,2025-01,2025-08,0.7104899810876351,False,recovery,戒断康复
goth sandals,105958.0,149569.0,132103.0,4,2025-04,2025-07,,False,goth,风格审美
plus size gothic dress,106147.0,144420.0,125283.5,2,2025-09,2025-10,,False,gothic,风格审美
xl bogg bag,106259.0,124392.0,106580.0,3,2025-05,2025-07,,False,bogg bag,charm潮流
nurse badge holder,106259.0,178710.0,157215.5,10,2025-01,2025-10,0.7353794964944743,False,nurse,军警职业
mermaid corset,106427.0,106427.0,106427.0,1,2025-10,2025-10,,False,mermaid,风格审美
baby boy baptism outfit,106443.0,135300.0,122471.0,10,2025-01,2025-10,0.9905521442769655,False,baptism,身份仪式
gothic swimsuits for women,106445.0,183937.0,130628.0,3,2025-05,2025-07,,False,gothic,风格审美
brothers best friend romance books,106485.0,149381.0,117752.5,12,2025-01,2025-12,1.3372211760958563,False,best friend*,关系联结
septum piercing,106490.0,149605.0,125104.5,12,2025-01,2025-12,1.210668064492806,False,septum,身体珠宝穿孔
initial christmas stockings,106498.0,145793.0,126145.5,2,2025-11,2025-12,,False,initial,个性化定制
rockstar recovery,106504.0,194164.0,150334.0,2,2025-09,2025-12,,False,recovery,戒断康复
book of common prayer,106557.0,150691.0,121415.0,12,2025-01,2025-12,1.115448003818547,False,prayer,信仰精神
nurse halloween costume women,106574.0,106574.0,106574.0,1,2025-10,2025-10,,False,nurse,军警职业
valerian root for anxiety,106584.0,169383.0,126016.5,6,2025-01,2025-06,1.2528356609768714,False,anxiety,心理健康
y2k party decorations,106598.0,174634.0,128637.0,11,2025-01,2025-11,1.153435865930368,False,y2k,风格审美
gothic top,106657.0,170482.0,138569.5,2,2025-09,2025-10,,False,gothic,风格审美
kids mermaid tails for swimming,106765.0,117108.0,111936.5,2,2025-06,2025-07,,False,mermaid,风格审美
tnt mosquito repellent outdoor,107162.0,144748.0,125955.0,2,2025-05,2025-06,,False,mosquito repellent,功能康复珠宝
mermaid leggings for women,107219.0,107219.0,107219.0,1,2025-10,2025-10,,False,mermaid,风格审美
prayer box,107307.0,187529.0,142396.0,12,2025-01,2025-12,0.9748132071689741,False,prayer,信仰精神
first holy communion decorations,107381.0,107381.0,107381.0,1,2025-04,2025-04,,False,communion,身份仪式
mermaid ears,107473.0,107473.0,107473.0,1,2025-10,2025-10,,False,mermaid,风格审美
goth christmas sweater,107483.0,148000.0,127741.5,2,2025-11,2025-12,,False,goth,风格审美
military dog tags,107517.0,198799.0,172676.0,6,2025-02,2025-10,0.847016930932545,False,military,军警职业
mermaid decor,107619.0,191786.0,140773.0,10,2025-01,2025-12,1.1464791178258227,False,mermaid,风格审美
saint patricks day hat,107658.0,107658.0,107658.0,1,2025-03,2025-03,,False,saint,信仰精神
best friends,107666.0,185231.0,156506.0,11,2025-01,2025-12,1.2910633443838448,False,best friend*,关系联结
white foundation goth,107755.0,195396.0,151575.5,2,2025-09,2025-10,,False,goth,风格审美
faith of angels movie 2024,107954.0,117333.0,112331.0,3,2025-03,2025-06,,False,faith,信仰精神
y2k hoodie men,108114.0,185794.0,153655.0,5,2025-01,2025-12,,False,y2k,风格审美
military jacket,108283.0,189470.0,152065.0,7,2025-01,2025-12,0.8126212722767844,False,military,军警职业
mosquito repellent sprays,108323.0,189714.0,141679.5,4,2025-05,2025-08,,False,mosquito repellent,功能康复珠宝
coyote brown shirts military,108326.0,182587.0,130004.0,7,2025-02,2025-08,1.008207439771084,False,military,军警职业
first communion favors for guests,108694.0,108694.0,108694.0,1,2025-04,2025-04,,False,communion,身份仪式
mermaid headband,108740.0,108740.0,108740.0,1,2025-10,2025-10,,False,mermaid,风格审美
gothic wrapping paper,108883.0,159093.0,133988.0,2,2025-11,2025-12,,False,gothic,风格审美
firefighter shirt,108885.0,108885.0,108885.0,1,2025-10,2025-10,,False,firefighter,军警职业
mini bogg bag for girls,108953.0,185562.0,139958.0,5,2025-03,2025-07,,False,bogg bag,charm潮流
septum piercing kit,109175.0,164191.0,136781.0,12,2025-01,2025-12,1.0963271552457066,False,septum,身体珠宝穿孔
a question of faith,109211.0,170601.0,139906.0,2,2025-01,2025-02,,False,faith,信仰精神
mental health office decor,109225.0,188570.0,164977.0,3,2025-07,2025-09,,False,mental health,心理健康
mermaid costume top,109238.0,109238.0,109238.0,1,2025-10,2025-10,,False,mermaid,风格审美
cartilage revive plus,109292.0,172983.0,157978.0,3,2025-07,2025-09,,False,cartilage,身体珠宝穿孔
gothic christmas ornaments,109411.0,109411.0,109411.0,1,2025-11,2025-11,,False,gothic,风格审美
cat recovery suit female,109505.0,178339.0,138167.0,11,2025-01,2025-12,1.1811061929257887,False,recovery,戒断康复
jorts y2k,109586.0,192636.0,145194.0,8,2025-03,2025-10,1.0991182730313165,False,y2k,风格审美
military boots for men,109644.0,177162.0,147013.5,12,2025-01,2025-12,1.429004556032646,False,military,军警职业
thanksgiving nurse shirt,109712.0,109712.0,109712.0,1,2025-11,2025-11,,False,nurse,军警职业
recovery strap,109916.0,197335.0,164524.0,5,2025-01,2025-12,,False,recovery,戒断康复
alzheimers awareness shirts,109923.0,164646.0,137284.5,2,2025-09,2025-10,,False,awareness,疾病康复
mental health mood journal,110035.0,110035.0,110035.0,1,2025-12,2025-12,,False,mental health,心理健康
the retirement plan,110130.0,182329.0,146229.5,2,2025-05,2025-06,,False,retirement,成就节点
down syndrome awareness,110139.0,110139.0,110139.0,1,2025-03,2025-03,,False,awareness,疾病康复
prayer journal for teen girls,110175.0,110175.0,110175.0,1,2025-12,2025-12,,False,prayer,信仰精神
divorce in black,110314.0,139657.0,124985.5,2,2025-02,2025-03,,False,divorce*,人生重启
military jacket women,110441.0,195631.0,182964.5,6,2025-01,2025-11,0.8361824355130262,False,military,军警职业
prayer plant,110550.0,198733.0,171024.0,6,2025-03,2025-09,1.2100232707580778,False,prayer,信仰精神
faking it with the firefighter,110658.0,110658.0,110658.0,1,2025-06,2025-06,,False,firefighter,军警职业
mermaid leggings,110807.0,110807.0,110807.0,1,2025-10,2025-10,,False,mermaid,风格审美
best friend blanket,110814.0,192852.0,188172.5,4,2025-01,2025-12,,False,best friend*,关系联结
gothic rug,111073.0,199146.0,167900.0,11,2025-01,2025-12,0.8297009790949986,False,gothic,风格审美
graduate yard sign 2025,111545.0,111545.0,111545.0,1,2025-05,2025-05,,False,graduate,成就节点
gothic purse,111924.0,194463.0,159586.0,12,2025-01,2025-12,0.6882907855322573,False,gothic,风格审美
mosquito repellent kids,111968.0,170543.0,168680.0,3,2025-05,2025-07,,False,mosquito repellent,功能康复珠宝
walking by faith tripping constantly t shirt,112065.0,112065.0,112065.0,1,2025-06,2025-06,,False,faith,信仰精神
app controlled vibrator long distance,112099.0,138010.0,125054.5,2,2025-11,2025-12,,False,long distance,关系联结
nurse valentines day shirt,112142.0,119824.0,115983.0,2,2025-01,2025-02,,False,nurse,军警职业
divorce in the black,112208.0,156273.0,134240.5,2,2025-02,2025-03,,False,divorce*,人生重启
y2k tankini,112559.0,187718.0,183257.0,3,2025-05,2025-07,,False,y2k,风格审美
gothic vampire dress,112638.0,112638.0,112638.0,1,2025-10,2025-10,,False,gothic,风格审美
faith wardrobe,112709.0,112709.0,112709.0,1,2025-09,2025-09,,False,faith,信仰精神
goth corset,113205.0,158646.0,135925.5,2,2025-09,2025-10,,False,goth,风格审美
bible verse mapping journal,113360.0,113360.0,113360.0,1,2025-06,2025-06,,False,bible verse,宗教扩展
black shorts y2k,113376.0,113376.0,113376.0,1,2025-10,2025-10,,False,y2k,风格审美
mental health awareness,113455.0,150817.0,132136.0,2,2025-04,2025-05,,False,awareness;mental health,心理健康;疾病康复
y2k long sleeve top,113812.0,155806.0,137708.5,4,2025-09,2025-12,,False,y2k,风格审美
y2k bathing suit,113841.0,170965.0,159766.0,3,2025-05,2025-07,,False,y2k,风格审美
comfort hoodie for anxiety,113884.0,126587.0,120235.5,2,2025-01,2025-02,,False,anxiety,心理健康
hoodie y2k,113977.0,193317.0,162864.5,6,2025-02,2025-12,0.763794783540286,False,y2k,风格审美
y2k halter top,114418.0,167886.0,145949.5,6,2025-04,2025-09,1.139959238732002,False,y2k,风格审美
mosquito repellent lotion,114570.0,193841.0,161086.0,4,2025-05,2025-08,,False,mosquito repellent,功能康复珠宝
breast cancer awareness stickers,114617.0,155699.0,135158.0,2,2025-09,2025-10,,False,awareness,疾病康复
cartilage hoop,114631.0,195556.0,168780.0,12,2025-01,2025-12,0.8368714056727891,False,cartilage,身体珠宝穿孔
men's military & tactical boots,114648.0,177696.0,144185.0,5,2025-01,2025-05,,False,military,军警职业
posters y2k,114678.0,178926.0,148790.0,8,2025-01,2025-08,0.727395707652371,False,y2k,风格审美
shamrock headband,114700.0,114700.0,114700.0,1,2025-03,2025-03,,False,shamrock,宗教扩展
medical alert systems for seniors,114826.0,189564.0,146042.0,10,2025-01,2025-10,1.4891249925746146,False,medical alert,功能康复珠宝
goth car accessories,114945.0,192303.0,138510.0,10,2025-01,2025-10,1.0014477353283078,False,goth,风格审美
retirement decorations for women,114973.0,188336.0,163259.0,5,2025-02,2025-06,,False,retirement,成就节点
faith sweatshirts for women,115015.0,181731.0,165654.5,4,2025-09,2025-12,,False,faith,信仰精神
kids military costume,115109.0,115109.0,115109.0,1,2025-10,2025-10,,False,military,军警职业
little mermaid costume for girls,115165.0,115165.0,115165.0,1,2025-10,2025-10,,False,mermaid,风格审美
2025 engagement ornament,115404.0,122722.0,119063.0,2,2025-11,2025-12,,False,engagement,承诺誓约
mental health posters,115474.0,115474.0,115474.0,1,2025-08,2025-08,,False,mental health,心理健康
garmont boots military,115907.0,185332.0,134744.5,12,2025-01,2025-12,1.0974526453298499,False,military,军警职业
goth stickers,115979.0,189941.0,162414.5,12,2025-01,2025-12,1.2096169180100538,False,goth,风格审美
gothic christmas,116024.0,116024.0,116024.0,1,2025-11,2025-11,,False,gothic,风格审美
little mermaid dress,116596.0,167668.0,129968.0,8,2025-01,2025-08,1.115593647251735,False,mermaid,风格审美
my best friends exorcism,116605.0,198569.0,127572.0,4,2025-06,2025-09,,False,best friend*,关系联结
prayer journal for women,116609.0,176687.0,127299.0,3,2025-01,2025-12,,False,prayer,信仰精神
7 steps to inner child recovery free book,116756.0,116756.0,116756.0,1,2025-04,2025-04,,False,recovery,戒断康复
y2k hat,117051.0,177015.0,162204.5,12,2025-01,2025-12,0.93304489554008,False,y2k,风格审美
ashes for ash wednesday,117057.0,117057.0,117057.0,1,2025-02,2025-02,,False,ashes,纪念哀悼
inner child recovery workbook,117221.0,180590.0,148573.5,4,2025-05,2025-08,,False,recovery,戒断康复
anxiety supplements,117377.0,197388.0,142993.0,10,2025-01,2025-10,1.395035782803557,False,anxiety,心理健康
prayer quilt,117488.0,184447.0,148212.0,3,2025-09,2025-12,,False,prayer,信仰精神
sexy nurse lingerie for women,117495.0,158879.0,142774.5,10,2025-01,2025-10,0.9314507467816076,False,nurse,军警职业
mermaid party,117622.0,188379.0,139959.0,6,2025-01,2025-08,0.6641982465831342,False,mermaid,风格审美
military legos,117640.0,144570.0,131105.0,2,2025-11,2025-12,,False,military,军警职业
gothic bedding,117701.0,193951.0,167181.0,7,2025-01,2025-11,0.9493688137787697,False,gothic,风格审美
lovense bluetooth viboators women long distance,117781.0,173141.0,134273.0,5,2025-08,2025-12,,False,long distance,关系联结
y2k halloween costumes,117837.0,117837.0,117837.0,1,2025-10,2025-10,,False,y2k,风格审美
friendship blu ray,118035.0,118035.0,118035.0,1,2025-08,2025-08,,False,friendship,关系联结
fantasy football decorations,118035.0,118035.0,118035.0,1,2025-08,2025-08,,False,fantasy football,运动兴趣
proud dad of a 2025 graduate shirt,118136.0,118136.0,118136.0,1,2025-05,2025-05,,False,graduate,成就节点
a very merry christmas prayer,118172.0,175666.0,146919.0,2,2025-10,2025-11,,False,prayer,信仰精神
mosquito repellent coils,118415.0,166014.0,127289.0,3,2025-06,2025-08,,False,mosquito repellent,功能康复珠宝
breaking4: faith kipyegon vs. the 4-minute mile,118473.0,118473.0,118473.0,1,2025-06,2025-06,,False,faith,信仰精神
suitical recovery suit for dogs,118528.0,173886.0,146847.0,10,2025-01,2025-10,1.316591262277136,False,recovery,戒断康复
shamrock decor,119009.0,119009.0,119009.0,1,2025-02,2025-02,,False,shamrock,宗教扩展
shamrock st johns jersey,119150.0,119150.0,119150.0,1,2025-10,2025-10,,False,shamrock,宗教扩展
nurse accessories,119282.0,199321.0,153552.0,11,2025-01,2025-12,0.927081184157054,False,nurse,军警职业
best friend christmas card,119394.0,119394.0,119394.0,1,2025-12,2025-12,,False,best friend*,关系联结
father son matching swim trunks,119684.0,199931.0,159807.5,2,2025-05,2025-06,,False,father son,关系联结
magnesium for sleep and anxiety,119768.0,198048.0,164991.5,8,2025-01,2025-10,1.3012623778850918,False,anxiety,心理健康
jackets y2k,119933.0,183994.0,165551.0,5,2025-07,2025-12,,False,y2k,风格审美
1st communion decorations,120153.0,120153.0,120153.0,1,2025-04,2025-04,,False,communion,身份仪式
shamrock face stickers,120215.0,120215.0,120215.0,1,2025-03,2025-03,,False,shamrock,宗教扩展
how to be a saint,120402.0,120402.0,120402.0,1,2025-09,2025-09,,False,saint,信仰精神
military duffle bag,120536.0,198001.0,140703.0,11,2025-01,2025-12,1.2543644328590564,False,military,军警职业
gothic bathroom decor,120673.0,181908.0,167386.0,10,2025-01,2025-10,0.808382312213435,False,gothic,风格审美
evil eye keychain,120726.0,197220.0,154635.0,11,2025-01,2025-12,0.7922912549605565,False,evil eye,信仰精神
why your my best friend book,120865.0,120865.0,120865.0,1,2025-09,2025-09,,False,best friend*,关系联结
deet mosquito repellent travel size,120877.0,193563.0,124911.0,3,2025-02,2025-04,,False,mosquito repellent,功能康复珠宝
calmi,120966.0,192349.0,146894.0,3,2025-04,2025-12,,False,calmi,功能康复珠宝
shamrock cutouts,121015.0,144334.0,132674.5,2,2025-02,2025-03,,False,shamrock,宗教扩展
thunder jacket for dogs anxiety,121279.0,164993.0,146142.0,5,2025-01,2025-06,,False,anxiety,心理健康
hoka ora recovery slide 3,121359.0,192527.0,148103.0,7,2025-03,2025-12,1.2815270453670755,False,recovery,戒断康复
gothic corset tops for women,121436.0,199453.0,175645.5,6,2025-05,2025-10,0.801733344066114,False,gothic,风格审美
saint germain bakery,121462.0,156718.0,139090.0,2,2025-01,2025-02,,False,saint,信仰精神
knee replacement recovery aids,121462.0,151661.0,138353.5,12,2025-01,2025-12,1.1318698900817588,False,recovery,戒断康复
knee surgery recovery equipment,121694.0,168541.0,139001.0,12,2025-01,2025-12,1.2441934137936363,False,recovery,戒断康复
dog mosquito repellent,121803.0,159113.0,140458.0,2,2025-06,2025-07,,False,mosquito repellent,功能康复珠宝
cac card reader military,122036.0,191091.0,150174.0,9,2025-01,2025-09,1.2357454101554606,False,military,军警职业
baptism candle,122279.0,189318.0,155798.5,2,2025-04,2025-05,,False,baptism,身份仪式
military child month shirt,122776.0,122776.0,122776.0,1,2025-04,2025-04,,False,military,军警职业
christmas stocking with initial,122870.0,139328.0,131099.0,2,2025-11,2025-12,,False,initial,个性化定制
a 30-day devotional for women: from fear & anxiety to faith and lasting peace in just 10 minutes a d,123180.0,123180.0,123180.0,1,2025-10,2025-10,,False,anxiety;faith,信仰精神;心理健康
evil eye beads,123405.0,184157.0,131699.0,10,2025-01,2025-10,0.8270562329760965,False,evil eye,信仰精神
breast cancer awareness shirts for women,123437.0,123437.0,123437.0,1,2025-10,2025-10,,False,awareness,疾病康复
the anatomy of anxiety,124119.0,124119.0,124119.0,1,2025-05,2025-05,,False,anxiety,心理健康
mermaid costume toddler,124336.0,124336.0,124336.0,1,2025-10,2025-10,,False,mermaid,风格审美
best friend ornaments for women,124386.0,124386.0,124386.0,1,2025-12,2025-12,,False,best friend*,关系联结
girls mermaid costume,124489.0,187993.0,156241.0,2,2025-09,2025-10,,False,mermaid,风格审美
sympathy wind chimes,124593.0,177959.0,142226.0,9,2025-01,2025-09,1.2480263108381688,False,sympathy,纪念哀悼
fake septum piercing,125394.0,194810.0,140202.0,12,2025-01,2025-12,1.155678613895023,False,septum,身体珠宝穿孔
gothic shoes,125449.0,179022.0,138412.0,4,2025-07,2025-10,,False,gothic,风格审美
will the pigeon graduate book,125681.0,125681.0,125681.0,1,2025-05,2025-05,,False,graduate,成就节点
nike recovery shoes,125720.0,125720.0,125720.0,1,2025-03,2025-03,,False,recovery,戒断康复
mermaid stickers,125809.0,180891.0,143918.0,9,2025-01,2025-09,0.7620817622070546,False,mermaid,风格审美
dangly belly button piercing,126032.0,196481.0,162343.0,8,2025-01,2025-09,1.0427122263747999,False,belly button,身体珠宝穿孔
goth tops for women,126033.0,190112.0,173476.0,7,2025-03,2025-10,0.8368176013922005,False,goth,风格审美
god is above bible verse jar,126248.0,126248.0,126248.0,1,2025-12,2025-12,,False,bible verse,宗教扩展
y2k jersey,126300.0,195875.0,161244.5,4,2025-05,2025-09,,False,y2k,风格审美
goth swimsuits for women,126320.0,155787.0,141053.5,2,2025-05,2025-06,,False,goth,风格审美
ac recovery machine,126401.0,179443.0,138872.0,3,2025-06,2025-08,,False,recovery,戒断康复
goth makeup kit,126577.0,195387.0,160982.0,2,2025-10,2025-12,,False,goth,风格审美
mermaid swimsuit,126602.0,180597.0,130555.0,3,2025-05,2025-07,,False,mermaid,风格审美
gothic accessories for woman,126966.0,198916.0,162941.0,2,2025-09,2025-10,,False,gothic,风格审美
goth tops,127017.0,195249.0,174752.0,9,2025-01,2025-10,0.7833495506839906,False,goth,风格审美
first communion decorations for girls,127047.0,127047.0,127047.0,1,2025-04,2025-04,,False,communion,身份仪式
summer tops y2k,127170.0,136169.0,131669.5,2,2025-05,2025-06,,False,y2k,风格审美
bogg bag insert,127418.0,168088.0,152670.0,3,2025-05,2025-07,,False,bogg bag,charm潮流
y2k keychain,127910.0,199444.0,189328.0,9,2025-01,2025-09,0.7200747769556747,False,y2k,风格审美
goth heels,128029.0,185454.0,154945.0,3,2025-08,2025-10,,False,goth,风格审美
prayer,128257.0,193051.0,167059.0,9,2025-01,2025-12,1.3550088819507993,False,prayer,信仰精神
fake belly button piercing for women magenergy,128408.0,128408.0,128408.0,1,2025-04,2025-04,,False,belly button,身体珠宝穿孔
belly button cleaner,128442.0,128442.0,128442.0,1,2025-12,2025-12,,False,belly button,身体珠宝穿孔
black corset dress gothic,128452.0,128452.0,128452.0,1,2025-10,2025-10,,False,gothic,风格审美
quinceanera dresses for guest,128735.0,187936.0,137895.0,7,2025-03,2025-09,0.7694305147592615,False,quincea*,身份仪式
mermaid net,128794.0,128794.0,128794.0,1,2025-10,2025-10,,False,mermaid,风格审美
firefighter costume accessories,128978.0,128978.0,128978.0,1,2025-10,2025-10,,False,firefighter,军警职业
boo boo crew nurse shirt,129313.0,129313.0,129313.0,1,2025-10,2025-10,,False,nurse,军警职业
ember in the ashes,129514.0,185965.0,149787.5,8,2025-01,2025-08,1.385648697914697,False,ashes,纪念哀悼
military hat,129601.0,196894.0,163247.5,2,2025-09,2025-10,,False,military,军警职业
nurse costume women,129601.0,129601.0,129601.0,1,2025-10,2025-10,,False,nurse,军警职业
saint seiya,129744.0,172259.0,153232.5,12,2025-01,2025-12,1.1338262260828906,False,saint,信仰精神
red prayer book,129947.0,129947.0,129947.0,1,2025-03,2025-03,,False,prayer,信仰精神
goth boots for women,129962.0,181652.0,141140.0,3,2025-08,2025-10,,False,goth,风格审美
nurse week,130085.0,130085.0,130085.0,1,2025-05,2025-05,,False,nurse,军警职业
down syndrome awareness socks,130282.0,130282.0,130282.0,1,2025-03,2025-03,,False,awareness,疾病康复
mermaid pants,130287.0,130287.0,130287.0,1,2025-10,2025-10,,False,mermaid,风格审美
belt y2k,130533.0,177940.0,169331.0,4,2025-07,2025-10,,False,y2k,风格审美
stim machine for muscle recovery,130629.0,186372.0,160291.5,12,2025-01,2025-12,1.2688611117412643,False,recovery,戒断康复
christmas nurse shirt,130861.0,153449.0,142155.0,2,2025-11,2025-12,,False,nurse,军警职业
graphic tees for women y2k,131249.0,177292.0,176590.0,5,2025-02,2025-08,,False,y2k,风格审美
adult firefighter costume,131250.0,131250.0,131250.0,1,2025-10,2025-10,,False,firefighter,军警职业
mermaid hair clips,131365.0,131365.0,131365.0,1,2025-10,2025-10,,False,mermaid,风格审美
blue mermaid top,131507.0,131507.0,131507.0,1,2025-10,2025-10,,False,mermaid,风格审美
best mosquito repellent,131732.0,131732.0,131732.0,1,2025-06,2025-06,,False,mosquito repellent,功能康复珠宝
nurse clogs,131848.0,199916.0,190266.0,9,2025-01,2025-12,0.7404958507717462,False,nurse,军警职业
first communion plates,132162.0,132162.0,132162.0,1,2025-04,2025-04,,False,communion,身份仪式
prayer shawls for women,132232.0,182895.0,148623.0,7,2025-01,2025-07,1.006365098268774,False,prayer,信仰精神
confirmation dresses for teen girls,132524.0,155173.0,143848.5,2,2025-03,2025-04,,False,confirmation,身份仪式
iphone 17 pro max case military grade,132766.0,195515.0,147121.0,4,2025-09,2025-12,,False,military,军警职业
the hunter's prayer,132965.0,194200.0,163582.5,2,2025-04,2025-11,,False,prayer,信仰精神
the prayer of freedom,133085.0,133085.0,133085.0,1,2025-12,2025-12,,False,prayer,信仰精神
nurse accessories costume,133129.0,133129.0,133129.0,1,2025-10,2025-10,,False,nurse,军警职业
y2k sunglasses for women,133329.0,182871.0,169031.5,6,2025-04,2025-10,0.8027032654335983,False,y2k,风格审美
friendship lamps set of 2 long distance,133348.0,172645.0,152996.5,2,2025-11,2025-12,,False,friendship;long distance,关系联结
mermaid face gems,134086.0,134086.0,134086.0,1,2025-10,2025-10,,False,mermaid,风格审美
bible verse pens,134246.0,172999.0,153622.5,2,2025-03,2025-04,,False,bible verse,宗教扩展
military pants,134263.0,187295.0,167116.5,4,2025-01,2025-10,,False,military,军警职业
sweet 16 sash,134274.0,190860.0,159646.0,9,2025-01,2025-09,1.1090798709404566,False,sweet 16,身份仪式
shamrock tattoos temporary,134344.0,134344.0,134344.0,1,2025-03,2025-03,,False,shamrock,宗教扩展
bible verse jar for kids,134372.0,134372.0,134372.0,1,2025-12,2025-12,,False,bible verse,宗教扩展
mermaid shirt,134381.0,134381.0,134381.0,1,2025-10,2025-10,,False,mermaid,风格审美
hoka recovery slides men,134557.0,195988.0,150643.5,6,2025-03,2025-12,1.0964199979125353,False,recovery,戒断康复
nurse shoes for women comfortable,134584.0,181302.0,161827.0,8,2025-01,2025-08,1.1209580431459147,False,nurse,军警职业
refrigerant recovery machine,134640.0,196606.0,163314.0,4,2025-05,2025-08,,False,recovery,戒断康复
mans best friend,134868.0,141512.0,138190.0,2,2025-08,2025-09,,False,best friend*,关系联结
goth room decor,134918.0,186948.0,166834.0,11,2025-01,2025-12,1.1154338910813961,False,goth,风格审美
retirement blanket,135018.0,140193.0,137605.5,2,2025-01,2025-02,,False,retirement,成就节点
nurse cap,135170.0,158751.0,146960.5,2,2025-09,2025-10,,False,nurse,军警职业
y2k dresses,135228.0,179535.0,144197.0,8,2025-02,2025-09,0.9623975822699798,False,y2k,风格审美
jordan 4 military black,135235.0,182737.0,158986.0,2,2025-01,2025-08,,False,military,军警职业
bible verse calendar 2026,135277.0,135277.0,135277.0,1,2025-12,2025-12,,False,bible verse,宗教扩展
engagement christmas ornament 2025,135464.0,160933.0,148198.5,2,2025-11,2025-12,,False,engagement,承诺誓约
cat anxiety relief,135746.0,169083.0,140209.5,10,2025-01,2025-10,1.1030593613870638,False,anxiety,心理健康
disrupting divorce book,135777.0,135777.0,135777.0,1,2025-10,2025-10,,False,divorce*,人生重启
duo costumes for best friends,135958.0,135958.0,135958.0,1,2025-10,2025-10,,False,best friend*,关系联结
y2k graphic tee,136300.0,185871.0,155505.0,3,2025-06,2025-08,,False,y2k,风格审美
prayer beads,136578.0,185003.0,167271.0,11,2025-01,2025-12,1.2123800959232613,False,prayer,信仰精神
gothic halloween costumes women,136723.0,136723.0,136723.0,1,2025-10,2025-10,,False,gothic,风格审美
engagement party dress,137050.0,182984.0,160017.0,2,2025-08,2025-09,,False,engagement,承诺誓约
sexy mermaid costume women,137386.0,137386.0,137386.0,1,2025-10,2025-10,,False,mermaid,风格审美
y2k mens fashion,137450.0,137450.0,137450.0,1,2025-10,2025-10,,False,y2k,风格审美
military costume men,137574.0,137574.0,137574.0,1,2025-10,2025-10,,False,military,军警职业
suicide awareness,137605.0,196927.0,165119.5,4,2025-02,2025-09,,False,awareness,疾病康复
mosquito repellent sticks,137861.0,139164.0,138512.5,2,2025-06,2025-07,,False,mosquito repellent,功能康复珠宝
willow tree friendship figurines,138006.0,138006.0,138006.0,1,2025-12,2025-12,,False,friendship,关系联结
mermaid wedding dress,138178.0,175979.0,169334.0,3,2025-01,2025-03,,False,mermaid,风格审美
vestidos de quincea?era,138523.0,138523.0,138523.0,1,2025-01,2025-01,,False,quincea*,身份仪式
goth wrapping paper,138637.0,138637.0,138637.0,1,2025-12,2025-12,,False,goth,风格审美
saint joseph statue to sell home,138675.0,164470.0,149175.5,6,2025-04,2025-09,1.1719963814419667,False,saint,信仰精神
friendship ornaments,138745.0,138745.0,138745.0,1,2025-12,2025-12,,False,friendship,关系联结
green mermaid skirt,138806.0,138806.0,138806.0,1,2025-10,2025-10,,False,mermaid,风格审美
serenity prayer,138832.0,195629.0,171425.5,10,2025-01,2025-12,1.255029201817002,False,prayer,信仰精神
mosquito repellent spray for body,138872.0,158602.0,148737.0,2,2025-06,2025-07,,False,mosquito repellent,功能康复珠宝
plus size gothic clothing,138902.0,173398.0,152682.5,4,2025-07,2025-10,,False,gothic,风格审美
first communion plates and napkins,139107.0,139107.0,139107.0,1,2025-04,2025-04,,False,communion,身份仪式
mermaid tail adult,139164.0,181479.0,168616.0,3,2025-05,2025-07,,False,mermaid,风格审美
yves saint laurent perfume for men,139316.0,192635.0,165975.5,2,2025-05,2025-06,,False,saint,信仰精神
gothic wallpaper,139360.0,195256.0,166762.0,7,2025-01,2025-10,0.8360496782881939,False,gothic,风格审美
adult mermaid costumes for women,139603.0,139603.0,139603.0,1,2025-10,2025-10,,False,mermaid,风格审美
mermaid swimsuit for girls 4-6,139878.0,183776.0,167491.0,3,2025-05,2025-07,,False,mermaid,风格审美
goth cat tree,140123.0,185361.0,167075.0,9,2025-01,2025-09,0.967594735797897,False,goth,风格审美
gothic boots for women,140227.0,181209.0,160718.0,2,2025-09,2025-10,,False,gothic,风格审美
boys breast cancer awareness shirts,140361.0,140361.0,140361.0,1,2025-10,2025-10,,False,awareness,疾病康复
communion veil for girls,140532.0,140532.0,140532.0,1,2025-04,2025-04,,False,communion,身份仪式
shamrock farms protein drinks,140757.0,172474.0,164860.0,5,2025-04,2025-08,,False,shamrock,宗教扩展
cat urns for ashes,140878.0,195982.0,165021.0,8,2025-01,2025-08,1.2145718627276854,False,ashes,纪念哀悼
saint costume,140890.0,140890.0,140890.0,1,2025-10,2025-10,,False,saint,信仰精神
fake belly button piercing for women secret,141006.0,141006.0,141006.0,1,2025-05,2025-05,,False,belly button,身体珠宝穿孔
blind faith,141056.0,141056.0,141056.0,1,2025-02,2025-02,,False,faith,信仰精神
nurse bags,141410.0,141410.0,141410.0,1,2025-05,2025-05,,False,nurse,军警职业
legacy of ashes the history of the cia,141603.0,141603.0,141603.0,1,2025-07,2025-07,,False,ashes,纪念哀悼
ashes and the star cursed king,141641.0,153725.0,144120.0,3,2025-01,2025-03,,False,ashes,纪念哀悼
mans best friend sabrina carpenter,141739.0,184608.0,170952.0,4,2025-09,2025-12,,False,best friend*,关系联结
first communion balloons,141745.0,141745.0,141745.0,1,2025-04,2025-04,,False,communion,身份仪式
a prayer for owen meany,141801.0,141801.0,141801.0,1,2025-11,2025-11,,False,prayer,信仰精神
y2k rug,142073.0,199803.0,184258.0,6,2025-01,2025-12,1.0702448232082065,False,y2k,风格审美
mosquito repellent indoor home,142175.0,168775.0,155475.0,2,2025-06,2025-07,,False,mosquito repellent,功能康复珠宝
dog anxiety,142227.0,195394.0,191426.0,7,2025-01,2025-12,1.0055478357171963,False,anxiety,心理健康
anxiety hoodie,142232.0,142232.0,142232.0,1,2025-12,2025-12,,False,anxiety,心理健康
gothic crown,142238.0,142238.0,142238.0,1,2025-10,2025-10,,False,gothic,风格审美
like a prayer,142257.0,159517.0,150887.0,2,2025-01,2025-02,,False,prayer,信仰精神
purple mermaid top,142306.0,142306.0,142306.0,1,2025-10,2025-10,,False,mermaid,风格审美
military patches,142346.0,187110.0,159122.0,12,2025-01,2025-12,1.2529537395780568,False,military,军警职业
y2k phone case,142655.0,164432.0,157660.0,11,2025-01,2025-12,1.0208366339457158,False,y2k,风格审美
lego military minifigures,142716.0,183776.0,170053.0,9,2025-01,2025-11,1.072095840283107,False,military,军警职业
nurse outfit,142822.0,142822.0,142822.0,1,2025-10,2025-10,,False,nurse,军警职业
retirement cards,143013.0,184478.0,163745.5,2,2025-05,2025-06,,False,retirement,成就节点
badge reel nurse,143199.0,194066.0,174202.0,7,2025-05,2025-12,1.1223579950544194,False,nurse,军警职业
luvlink friendship lamp,143284.0,143284.0,143284.0,1,2025-12,2025-12,,False,friendship,关系联结
gothic lamp,143301.0,192007.0,171418.0,7,2025-01,2025-12,1.0803007852150883,False,gothic,风格审美
the black divorce,143433.0,166946.0,155189.5,2,2025-02,2025-03,,False,divorce*,人生重启
gingerbread bogg bag,143451.0,143451.0,143451.0,1,2025-11,2025-11,,False,bogg bag,charm潮流
school nurse,143551.0,156471.0,150011.0,2,2025-07,2025-08,,False,nurse,军警职业
thundershirt for dogs anxiety,143591.0,198457.0,171024.0,2,2025-06,2025-07,,False,anxiety,心理健康
student nurse badge reel,143635.0,198952.0,156694.0,3,2025-01,2025-09,,False,nurse,军警职业
cremation urn,143667.0,184663.0,152223.0,5,2025-01,2025-05,,False,cremation,纪念哀悼
tights y2k,143701.0,196393.0,190861.0,3,2025-07,2025-10,,False,y2k,风格审美
goth shorts,143793.0,194473.0,173159.0,6,2025-04,2025-09,1.2034145764004893,False,goth,风格审美
bogg bag medium size,144089.0,197660.0,186144.0,4,2025-02,2025-06,,False,bogg bag,charm潮流
nurse scrubs for women set,144108.0,183487.0,162086.0,8,2025-01,2025-08,1.1929107200378657,False,nurse,军警职业
gothic witch costume,144146.0,144146.0,144146.0,1,2025-10,2025-10,,False,gothic,风格审美
retirement napkins,144184.0,144184.0,144184.0,1,2025-05,2025-05,,False,retirement,成就节点
urn for dog ashes,144334.0,180096.0,163260.0,11,2025-01,2025-11,1.161827449997692,False,ashes,纪念哀悼
funny nurse badge reel,144355.0,197020.0,181859.0,6,2025-02,2025-12,1.069604969055722,False,nurse,军警职业
boonie hats for men military,144390.0,187916.0,169373.0,4,2025-04,2025-07,,False,military,军警职业
nurse clipboard foldable,144556.0,196724.0,185788.0,6,2025-01,2025-09,1.285607770433661,False,nurse,军警职业
zilkee ultra recovery converter 2025,144652.0,181244.0,162948.0,2,2025-11,2025-12,,False,recovery,戒断康复
proud sister of a 2025 graduate shirt,144686.0,144686.0,144686.0,1,2025-05,2025-05,,False,graduate,成就节点
faith shirts for men,144914.0,186756.0,185794.0,3,2025-06,2025-12,,False,faith,信仰精神
goth tights,144963.0,195982.0,146011.0,3,2025-08,2025-10,,False,goth,风格审美
gothic makeup,144963.0,192342.0,168652.5,2,2025-09,2025-10,,False,gothic,风格审美
gothic wedding dress,145005.0,197709.0,166049.0,3,2025-08,2025-10,,False,gothic,风格审美
military flashlight,145270.0,145270.0,145270.0,1,2025-01,2025-01,,False,military,军警职业
first communion candle,145311.0,145311.0,145311.0,1,2025-04,2025-04,,False,communion,身份仪式
womens police officer costume outfit,145337.0,145337.0,145337.0,1,2025-10,2025-10,,False,police officer,军警职业
y2k belts,145599.0,186422.0,168574.0,5,2025-07,2025-12,,False,y2k,风格审美
goth lingerie,145669.0,197181.0,170461.0,10,2025-01,2025-12,0.9334558356856606,False,goth,风格审美
y2k pants men,146086.0,194473.0,175388.0,5,2025-08,2025-12,,False,y2k,风格审美
anxiety book,146292.0,181867.0,164079.5,2,2025-01,2025-02,,False,anxiety,心理健康
christmas nurse sweatshirt,146416.0,146416.0,146416.0,1,2025-12,2025-12,,False,nurse,军警职业
shamrock sweatshirt,146497.0,189090.0,167793.5,2,2025-02,2025-03,,False,shamrock,宗教扩展
military backpack for men,146885.0,190677.0,158233.0,9,2025-01,2025-09,1.0242413650251152,False,military,军警职业
mermaid costume for women,147162.0,147162.0,147162.0,1,2025-10,2025-10,,False,mermaid,风格审美
flextail mosquito repellent,147233.0,183379.0,165306.0,2,2025-06,2025-07,,False,mosquito repellent,功能康复珠宝
mr fluffy friend anti anxiety dog bed,147370.0,147370.0,147370.0,1,2025-01,2025-01,,False,anxiety,心理健康
communion veil,147468.0,147468.0,147468.0,1,2025-04,2025-04,,False,communion,身份仪式
from best friend to fiance,147537.0,147537.0,147537.0,1,2025-12,2025-12,,False,best friend*,关系联结
the captivating story of saint nicholas,147669.0,147669.0,147669.0,1,2025-12,2025-12,,False,saint,信仰精神
shamrock hat,147675.0,147675.0,147675.0,1,2025-03,2025-03,,False,shamrock,宗教扩展
unwinding anxiety,147788.0,199221.0,192207.0,3,2025-01,2025-08,,False,anxiety,心理健康
goth press on nails,147823.0,194228.0,176280.0,5,2025-05,2025-10,,False,goth,风格审美
gothic wall art,147994.0,168502.0,158248.0,2,2025-08,2025-09,,False,gothic,风格审美
military romance,148203.0,184222.0,170913.0,7,2025-01,2025-08,1.1063189373931956,False,military,军警职业
funny saint patricks day shirt,148375.0,148375.0,148375.0,1,2025-03,2025-03,,False,saint,信仰精神
mental health books,148467.0,180372.0,164419.5,2,2025-01,2025-02,,False,mental health,心理健康
retirement cake topper,148497.0,174651.0,161574.0,2,2025-05,2025-06,,False,retirement,成就节点
joico moisture recovery,148556.0,181802.0,177942.5,4,2025-09,2025-12,,False,recovery,戒断康复
divorce s,149126.0,149126.0,149126.0,1,2025-06,2025-06,,False,divorce*,人生重启
mermaid outfit women,149446.0,189524.0,169563.0,4,2025-06,2025-10,,False,mermaid,风格审美
nurse shirts,149576.0,187315.0,176127.0,5,2025-04,2025-09,,False,nurse,军警职业
gothic belt,149595.0,186751.0,168173.0,2,2025-09,2025-10,,False,gothic,风格审美
grief recovery handbook,149887.0,190947.0,164240.0,4,2025-01,2025-09,,False,recovery,戒断康复
anxiety inside out costume,150074.0,150074.0,150074.0,1,2025-10,2025-10,,False,anxiety,心理健康
kids mosquito repellent stickers,150244.0,150244.0,150244.0,1,2025-06,2025-06,,False,mosquito repellent,功能康复珠宝
deviated septum corrector magnet,150276.0,150276.0,150276.0,1,2025-03,2025-03,,False,septum,身体珠宝穿孔
plus size nurse costume,150316.0,150316.0,150316.0,1,2025-10,2025-10,,False,nurse,军警职业
"case with slide camera cover & rotatable ring kickstand, military - grade shockproof protective case",150404.0,150404.0,150404.0,1,2025-09,2025-09,,False,military,军警职业
engagement party decor,150591.0,196007.0,188891.5,6,2025-01,2025-09,0.9690145102781137,False,engagement,承诺誓约
p38 can opener military,150592.0,150592.0,150592.0,1,2025-12,2025-12,,False,military,军警职业
mermaid dress for girls,150601.0,198728.0,161927.0,5,2025-06,2025-10,,False,mermaid,风格审美
y2k nails,150740.0,190836.0,183257.0,11,2025-01,2025-12,0.9946583514099783,False,y2k,风格审美
anxiety depression and jesus book,150810.0,150810.0,150810.0,1,2025-02,2025-02,,False,anxiety,心理健康
engagement party,150847.0,180380.0,171172.0,5,2025-05,2025-09,,False,engagement,承诺誓约
divorced s,150867.0,150867.0,150867.0,1,2025-06,2025-06,,False,divorce*,人生重启
gothic accessories,150883.0,155598.0,153240.5,2,2025-09,2025-10,,False,gothic,风格审美
breathing stitch to help anxiety,151270.0,173578.0,162424.0,2,2025-04,2025-05,,False,anxiety,心理健康
autism awareness shirt men,151355.0,155506.0,153430.5,2,2025-03,2025-04,,False,awareness,疾病康复
goth hair accessories,151401.0,195353.0,176441.5,4,2025-07,2025-10,,False,goth,风格审美
best friend picture frame,151464.0,151464.0,151464.0,1,2025-12,2025-12,,False,best friend*,关系联结
yard mosquito repellent,151671.0,151671.0,151671.0,1,2025-06,2025-06,,False,mosquito repellent,功能康复珠宝
makeup bag with initial,151722.0,151722.0,151722.0,1,2025-12,2025-12,,False,initial,个性化定制
zen drops for anxiety,151722.0,182201.0,166961.5,2,2025-04,2025-05,,False,anxiety,心理健康
faux septum piercings,151974.0,193186.0,182462.0,3,2025-01,2025-04,,False,septum,身体珠宝穿孔
leg recovery compression system,152111.0,152111.0,152111.0,1,2025-12,2025-12,,False,recovery,戒断康复
y2k hair accessories,152190.0,191907.0,172474.0,3,2025-07,2025-09,,False,y2k,风格审美
saint cloud perfume,152309.0,152309.0,152309.0,1,2025-05,2025-05,,False,saint,信仰精神
white gothic dress,152403.0,152403.0,152403.0,1,2025-10,2025-10,,False,gothic,风格审美
the divorce he never saw coming,152504.0,152504.0,152504.0,1,2025-12,2025-12,,False,divorce*,人生重启
best mosquito repellent for patio,152603.0,152603.0,152603.0,1,2025-06,2025-06,,False,mosquito repellent,功能康复珠宝
quinceanera crown,152631.0,162429.0,154111.0,3,2025-01,2025-03,,False,quincea*,身份仪式
bird baptism brine,152786.0,152786.0,152786.0,1,2025-11,2025-11,,False,baptism,身份仪式
wildland firefighter gear,152837.0,152837.0,152837.0,1,2025-03,2025-03,,False,firefighter,军警职业
happy retirement,152873.0,191739.0,181494.0,3,2025-02,2025-05,,False,retirement,成就节点
the great divorce,152991.0,159689.0,156340.0,2,2025-08,2025-09,,False,divorce*,人生重启
little mermaid costume adult,153039.0,153039.0,153039.0,1,2025-10,2025-10,,False,mermaid,风格审美
mermaid homecoming dresses,153366.0,153366.0,153366.0,1,2025-09,2025-09,,False,mermaid,风格审美
nurse compression socks,153659.0,161842.0,157750.5,2,2025-05,2025-12,,False,nurse,军警职业
women police officer costume,153753.0,153753.0,153753.0,1,2025-10,2025-10,,False,police officer,军警职业
belleville military boots,153786.0,194549.0,167155.0,8,2025-01,2025-08,1.1091761918290126,False,military,军警职业
thunder coat for dogs anxiety,153887.0,153887.0,153887.0,1,2025-01,2025-01,,False,anxiety,心理健康
gothic room decor,154115.0,188544.0,173595.5,6,2025-01,2025-12,0.9354151177199505,False,gothic,风格审美
bible verse,154409.0,154409.0,154409.0,1,2025-12,2025-12,,False,bible verse,宗教扩展
initial tote bags for women,155110.0,155110.0,155110.0,1,2025-05,2025-05,,False,initial,个性化定制
canmake mermaid skin gel uv spf 50,155243.0,187121.0,177570.0,3,2025-03,2025-05,,False,mermaid,风格审美
y2k sandals,155252.0,196754.0,192314.0,3,2025-05,2025-07,,False,y2k,风格审美
nurse christmas ornament,155340.0,155340.0,155340.0,1,2025-12,2025-12,,False,nurse,军警职业
backyard mosquito repellent,155371.0,155371.0,155371.0,1,2025-06,2025-06,,False,mosquito repellent,功能康复珠宝
goth backpack,155414.0,177292.0,166353.0,2,2025-07,2025-08,,False,goth,风格审美
mental health sweatshirt,155463.0,155463.0,155463.0,1,2025-01,2025-01,,False,mental health,心理健康
y2k clothes women,156123.0,197035.0,188937.0,7,2025-03,2025-12,0.9801924723094083,False,y2k,风格审美
autism awareness shirt women,156160.0,177284.0,166722.0,2,2025-03,2025-04,,False,awareness,疾病康复
gothic dresses,156295.0,163233.0,159764.0,2,2025-09,2025-10,,False,gothic,风格审美
mermaid plates,156295.0,195777.0,174393.5,4,2025-05,2025-08,,False,mermaid,风格审美
fidget toys adults anxiety,156518.0,198890.0,175713.5,4,2025-01,2025-04,,False,anxiety,心理健康
mermaid hair,156696.0,156696.0,156696.0,1,2025-10,2025-10,,False,mermaid,风格审美
prayer jar with scriptures for women,156943.0,156943.0,156943.0,1,2025-03,2025-03,,False,prayer,信仰精神
mermaid bra top,156950.0,156950.0,156950.0,1,2025-10,2025-10,,False,mermaid,风格审美
first communion decorations for boys,157084.0,157084.0,157084.0,1,2025-04,2025-04,,False,communion,身份仪式
a little prayer,157149.0,157149.0,157149.0,1,2025-10,2025-10,,False,prayer,信仰精神
beanie y2k,157280.0,187225.0,172252.5,2,2025-11,2025-12,,False,y2k,风格审美
mermaid tail for kids,157335.0,199163.0,178249.0,2,2025-06,2025-07,,False,mermaid,风格审美
crocs recovery slide,157343.0,187257.0,179022.0,3,2025-03,2025-07,,False,recovery,戒断康复
gothic tops,157499.0,185622.0,175575.0,4,2025-06,2025-10,,False,gothic,风格审美
organic mosquito repellent,157529.0,157529.0,157529.0,1,2025-06,2025-06,,False,mosquito repellent,功能康复珠宝
adult pacifier for anxiety,157691.0,157691.0,157691.0,1,2025-08,2025-08,,False,anxiety,心理健康
victorian gothic dress,157723.0,157723.0,157723.0,1,2025-10,2025-10,,False,gothic,风格审美
nurse jackets for women scrub,157765.0,178328.0,175625.0,3,2025-01,2025-03,,False,nurse,军警职业
ashes of us,157823.0,157823.0,157823.0,1,2025-11,2025-11,,False,ashes,纪念哀悼
shamrock table runner,158193.0,158193.0,158193.0,1,2025-02,2025-02,,False,shamrock,宗教扩展
nurse tote bags,158386.0,158386.0,158386.0,1,2025-05,2025-05,,False,nurse,军警职业
nurse badge reels,158386.0,197761.0,179353.0,3,2025-04,2025-12,,False,nurse,军警职业
first communion party favors,158464.0,158464.0,158464.0,1,2025-04,2025-04,,False,communion,身份仪式
mermaid shower curtain,158576.0,179207.0,163915.0,8,2025-01,2025-08,0.9722696607439167,False,mermaid,风格审美
quinceanera,158642.0,198890.0,178000.5,6,2025-01,2025-09,1.2133540905636324,False,quincea*,身份仪式
mother daughter matching outfits,158654.0,192974.0,189137.0,4,2025-02,2025-05,,False,mother daughter,关系联结
gothic shirt,158816.0,192620.0,175718.0,2,2025-09,2025-10,,False,gothic,风格审美
dog surgical recovery suit female,158961.0,177929.0,168655.5,4,2025-01,2025-04,,False,recovery,戒断康复
draw the circle the 40 day prayer challenge,159111.0,159111.0,159111.0,1,2025-01,2025-01,,False,prayer,信仰精神
mermaid man,159590.0,159590.0,159590.0,1,2025-10,2025-10,,False,mermaid,风格审美
shamrock balloons,159637.0,159637.0,159637.0,1,2025-03,2025-03,,False,shamrock,宗教扩展
holy communion bread and wine,159676.0,196894.0,172226.0,3,2025-01,2025-09,,False,communion,身份仪式
shoulder surgery recovery supplies,159792.0,199401.0,180408.0,5,2025-07,2025-12,,False,recovery,戒断康复
gothic press on nails,159792.0,172814.0,165122.0,3,2025-08,2025-10,,False,gothic,风格审美
mermaid pool float,159846.0,159846.0,159846.0,1,2025-06,2025-06,,False,mermaid,风格审美
1st communion dresses for girls,159945.0,174496.0,167220.5,2,2025-03,2025-04,,False,communion,身份仪式
pins for backpacks y2k,159986.0,179988.0,169987.0,2,2025-07,2025-08,,False,y2k,风格审美
breast cancer awareness banner,160215.0,160215.0,160215.0,1,2025-10,2025-10,,False,awareness,疾病康复
military knife,160419.0,195707.0,181809.5,4,2025-01,2025-06,,False,military,军警职业
proud aunt of a 2025 graduate shirt,160527.0,160527.0,160527.0,1,2025-05,2025-05,,False,graduate,成就节点
recovery sandals,160686.0,161622.0,161154.0,2,2025-05,2025-06,,False,recovery,戒断康复
90 day bible verse jar,160713.0,160713.0,160713.0,1,2025-12,2025-12,,False,bible verse,宗教扩展
suuksess women sexy square neck tank top summer y2k going out basic cami shirt,160795.0,179165.0,169980.0,2,2025-05,2025-07,,False,y2k,风格审美
black lipstick goth,160846.0,160846.0,160846.0,1,2025-10,2025-10,,False,goth,风格审美
mermaid tops,161303.0,161303.0,161303.0,1,2025-10,2025-10,,False,mermaid,风格审美
mermaid birthday outfit,161440.0,190820.0,174891.0,9,2025-01,2025-09,1.0935624740955208,False,mermaid,风格审美
white mermaid top,161474.0,161474.0,161474.0,1,2025-10,2025-10,,False,mermaid,风格审美
vital flex core ab stimulator military grade,161577.0,168516.0,165046.5,2,2025-03,2025-04,,False,military,军警职业
first communion headpiece for girls,161770.0,161770.0,161770.0,1,2025-04,2025-04,,False,communion,身份仪式
gothic pants,161937.0,177636.0,169786.5,2,2025-09,2025-10,,False,gothic,风格审美
goth nails,161992.0,186659.0,176854.0,3,2025-08,2025-10,,False,goth,风格审美
quinceanera card,162007.0,199165.0,173181.5,4,2025-05,2025-10,,False,quincea*,身份仪式
mermaid headpiece,162044.0,162044.0,162044.0,1,2025-10,2025-10,,False,mermaid,风格审美
retirement candle,162105.0,162105.0,162105.0,1,2025-05,2025-05,,False,retirement,成就节点
initial christmas ornaments,162122.0,164918.0,163520.0,2,2025-11,2025-12,,False,initial,个性化定制
acl recovery must haves,162134.0,181314.0,166371.0,3,2025-02,2025-04,,False,recovery,戒断康复
best friend christmas ornaments,162175.0,162175.0,162175.0,1,2025-12,2025-12,,False,best friend*,关系联结
nurse keychain,162317.0,162317.0,162317.0,1,2025-05,2025-05,,False,nurse,军警职业
nurse cup,162317.0,162317.0,162317.0,1,2025-05,2025-05,,False,nurse,军警职业
fantasy football championship belt,162432.0,162432.0,162432.0,1,2025-08,2025-08,,False,fantasy football,运动兴趣
gasmask military grade,162675.0,162675.0,162675.0,1,2025-06,2025-06,,False,military,军警职业
girls first communion dress,162733.0,162733.0,162733.0,1,2025-04,2025-04,,False,communion,身份仪式
anxiety vest for dogs,162785.0,187529.0,175157.0,2,2025-06,2025-07,,False,anxiety,心理健康
mermaid dress up for girls 4-6,162865.0,199616.0,186272.0,7,2025-01,2025-07,0.9290097009320089,False,mermaid,风格审美
gothic bedroom decor,163004.0,189018.0,173620.0,3,2025-07,2025-09,,False,gothic,风格审美
breast cancer awareness pin,163136.0,163136.0,163136.0,1,2025-10,2025-10,,False,awareness,疾病康复
divorce party decorations for women,163228.0,199444.0,187166.0,7,2025-02,2025-08,0.9316147626290929,False,divorce*,人生重启
anxiety bookshelf mini books,163259.0,199245.0,189000.0,4,2025-01,2025-08,,False,anxiety,心理健康
best friends for never,163528.0,163528.0,163528.0,1,2025-03,2025-03,,False,best friend*,关系联结
la nuit de l'homme yves saint laurent,163630.0,191108.0,179733.0,10,2025-01,2025-12,1.1128403969699876,False,saint,信仰精神
military flags,163898.0,163898.0,163898.0,1,2025-05,2025-05,,False,military,军警职业
retirement balloons,163898.0,189060.0,176479.0,2,2025-05,2025-06,,False,retirement,成就节点
marena recovery compression garment,164016.0,198337.0,179158.0,11,2025-01,2025-12,0.9795675114136526,False,recovery,戒断康复
human urns for ashes,164342.0,164342.0,164342.0,1,2025-01,2025-01,,False,ashes,纪念哀悼
jesus and your mental health rebecca maxwell,164470.0,164470.0,164470.0,1,2025-08,2025-08,,False,mental health,心理健康
dress for mother of graduate,164640.0,164640.0,164640.0,1,2025-04,2025-04,,False,graduate,成就节点
y2k bottoms,164755.0,167943.0,165553.0,3,2025-07,2025-09,,False,y2k,风格审美
anxiety stuffed animal,164799.0,164799.0,164799.0,1,2025-01,2025-01,,False,anxiety,心理健康
the five year engagement,164992.0,175855.0,170423.5,2,2025-02,2025-03,,False,engagement,承诺誓约
y2k dress for women,165174.0,199143.0,197251.0,5,2025-04,2025-08,,False,y2k,风格审美
shamrock window clings,165336.0,165336.0,165336.0,1,2025-02,2025-02,,False,shamrock,宗教扩展
first communion napkins,165421.0,165421.0,165421.0,1,2025-04,2025-04,,False,communion,身份仪式
sweet 16 party favors,165638.0,197958.0,173784.0,5,2025-01,2025-09,,False,sweet 16,身份仪式
women lolita lace ruffled layered shorts y2k fairy tiered bloomers pumpkin party festival boy shorts,165784.0,165784.0,165784.0,1,2025-10,2025-10,,False,y2k,风格审美
baptism favors for guests,165835.0,198947.0,171120.0,3,2025-03,2025-05,,False,baptism,身份仪式
goth sweater,165881.0,174237.0,172338.0,3,2025-10,2025-12,,False,goth,风格审美
y2k heels,166244.0,187108.0,176676.0,2,2025-08,2025-09,,False,y2k,风格审美
daisy pins nurse,166266.0,166266.0,166266.0,1,2025-02,2025-02,,False,nurse,军警职业
shamrock confetti,166561.0,166561.0,166561.0,1,2025-03,2025-03,,False,shamrock,宗教扩展
mermaid birthday,166774.0,191612.0,185937.0,4,2025-01,2025-08,,False,mermaid,风格审美
meat church bird baptism brine,167181.0,167181.0,167181.0,1,2025-11,2025-11,,False,baptism,身份仪式
faith over fear hoodie men,167216.0,167216.0,167216.0,1,2025-12,2025-12,,False,faith,信仰精神
retirement card for man,167297.0,182363.0,174830.0,2,2025-05,2025-06,,False,retirement,成就节点
nurse lingerie for women,167351.0,167351.0,167351.0,1,2025-10,2025-10,,False,nurse,军警职业
y2k decor,167452.0,199873.0,178759.0,6,2025-06,2025-12,1.0129044608221245,False,y2k,风格审美
little mermaid costume toddler,167458.0,167458.0,167458.0,1,2025-10,2025-10,,False,mermaid,风格审美
bogg bag -,167477.0,167477.0,167477.0,1,2025-12,2025-12,,False,bogg bag,charm潮流
spider hoodie y2k,167495.0,179100.0,173297.5,2,2025-01,2025-02,,False,y2k,风格审美
halloween nurse tshirt,167541.0,167541.0,167541.0,1,2025-10,2025-10,,False,nurse,军警职业
bbl recovery must haves,167622.0,167622.0,167622.0,1,2025-08,2025-08,,False,recovery,戒断康复
the prayer of freedom beatty carmichael,167722.0,167722.0,167722.0,1,2025-12,2025-12,,False,prayer,信仰精神
breast cancer awareness t-shirts,167769.0,190406.0,179087.5,2,2025-09,2025-10,,False,awareness,疾病康复
initial pillow,167784.0,191112.0,179448.0,2,2025-07,2025-08,,False,initial,个性化定制
long black gothic dress,167830.0,167830.0,167830.0,1,2025-10,2025-10,,False,gothic,风格审美
inside out anxiety costume,167830.0,167830.0,167830.0,1,2025-10,2025-10,,False,anxiety,心理健康
faith in the flames,167884.0,167884.0,167884.0,1,2025-07,2025-07,,False,faith,信仰精神
gothic shirts for women,168104.0,192907.0,180505.5,2,2025-09,2025-10,,False,gothic,风格审美
boot blousers military,168719.0,187013.0,177159.0,7,2025-02,2025-09,1.0483327280156172,False,military,军警职业
the secrets and lies of military wives,168725.0,168725.0,168725.0,1,2025-03,2025-03,,False,military,军警职业
oil of lemon eucalyptus mosquito repellent,168883.0,195875.0,182379.0,2,2025-06,2025-07,,False,mosquito repellent,功能康复珠宝
breast cancer awareness pens,169178.0,169178.0,169178.0,1,2025-10,2025-10,,False,awareness,疾病康复
breath as prayer,169357.0,175076.0,172216.5,2,2025-01,2025-12,,False,prayer,信仰精神
colon cancer awareness shirts,169882.0,169882.0,169882.0,1,2025-03,2025-03,,False,awareness,疾病康复
love and friendship movie,170115.0,170115.0,170115.0,1,2025-02,2025-02,,False,friendship,关系联结
retirement sash,170309.0,170309.0,170309.0,1,2025-05,2025-05,,False,retirement,成就节点
goth rug,170365.0,170365.0,170365.0,1,2025-09,2025-09,,False,goth,风格审美
goth valentines,170631.0,170631.0,170631.0,1,2025-01,2025-01,,False,goth,风格审美
shamrock socks,170651.0,170651.0,170651.0,1,2025-03,2025-03,,False,shamrock,宗教扩展
best friend halloween costumes,170767.0,170767.0,170767.0,1,2025-10,2025-10,,False,best friend*,关系联结
y2k outfit,170830.0,194971.0,182900.5,2,2025-08,2025-09,,False,y2k,风格审美
matching father son shirts,170849.0,170849.0,170849.0,1,2025-06,2025-06,,False,father son,关系联结
gothic witch dress,170935.0,170935.0,170935.0,1,2025-10,2025-10,,False,gothic,风格审美
initial stocking,171246.0,197420.0,184333.0,2,2025-11,2025-12,,False,initial,个性化定制
military shirts for men,171284.0,188791.0,180037.5,2,2025-05,2025-06,,False,military,军警职业
bogg bag tray,171284.0,193637.0,181141.0,3,2025-05,2025-07,,False,bogg bag,charm潮流
nurse work bag,171373.0,197335.0,179631.5,8,2025-01,2025-12,0.9979034590145701,False,nurse,军警职业
bogg bag accessories cup holder,171939.0,188798.0,180368.5,2,2025-05,2025-06,,False,bogg bag,charm潮流
military coin holder display,171942.0,199077.0,196102.5,6,2025-03,2025-12,1.0023944697449303,False,military,军警职业
rina saint,172096.0,172096.0,172096.0,1,2025-09,2025-09,,False,saint,信仰精神
cartilage piercing kit,172103.0,196558.0,180044.0,5,2025-01,2025-08,,False,cartilage,身体珠宝穿孔
first communion cake decorations,172442.0,172442.0,172442.0,1,2025-04,2025-04,,False,communion,身份仪式
y2k zip up hoodie,172645.0,196558.0,184607.5,4,2025-08,2025-12,,False,y2k,风格审美
first communion cards boys,172668.0,172668.0,172668.0,1,2025-04,2025-04,,False,communion,身份仪式
breast reduction recovery supplies,172780.0,194246.0,185442.0,9,2025-01,2025-09,0.9880649183192848,False,recovery,戒断康复
retirement cupcake toppers,172914.0,172914.0,172914.0,1,2025-05,2025-05,,False,retirement,成就节点
childhood cancer awareness items,173011.0,173011.0,173011.0,1,2025-09,2025-09,,False,awareness,疾病康复
retirement shirts for women,173140.0,173140.0,173140.0,1,2025-05,2025-05,,False,retirement,成就节点
bible verse calendar 2025,173161.0,173161.0,173161.0,1,2025-01,2025-01,,False,bible verse,宗教扩展
friendship christmas ornaments,173182.0,173182.0,173182.0,1,2025-12,2025-12,,False,friendship,关系联结
women's midi bodycon dress summer sleeveless ruffle mermaid dress cocktail party tank dresses for we,173469.0,173469.0,173469.0,1,2025-05,2025-05,,False,mermaid,风格审美
mosquito repellent travel size,173476.0,180503.0,176989.5,2,2025-02,2025-03,,False,mosquito repellent,功能康复珠宝
love & friendship,173551.0,173551.0,173551.0,1,2025-02,2025-02,,False,friendship,关系联结
nurse vest,173678.0,176769.0,175223.5,2,2025-10,2025-11,,False,nurse,军警职业
king of ashes s a cosby,173721.0,173721.0,173721.0,1,2025-06,2025-06,,False,ashes,纪念哀悼
gothic christmas wrapping paper,173781.0,173781.0,173781.0,1,2025-12,2025-12,,False,gothic,风格审美
sexy nurse costume women adult,173886.0,173886.0,173886.0,1,2025-10,2025-10,,False,nurse,军警职业
graphic tees men y2k,173918.0,179542.0,176730.0,2,2025-07,2025-08,,False,y2k,风格审美
proud grandma of a 2025 graduate shirt,173919.0,173919.0,173919.0,1,2025-05,2025-05,,False,graduate,成就节点
military toys for boys age 8-12,174115.0,174115.0,174115.0,1,2025-12,2025-12,,False,military,军警职业
gerty inflatable friend separation anxiety,174237.0,174237.0,174237.0,1,2025-11,2025-11,,False,anxiety,心理健康
lupus awareness shirt,174342.0,174342.0,174342.0,1,2025-05,2025-05,,False,awareness,疾病康复
little mermaid pool toy in shell,174361.0,174361.0,174361.0,1,2025-04,2025-04,,False,mermaid,风格审美
mermaid balloon arch kit,174423.0,177184.0,175803.5,2,2025-06,2025-07,,False,mermaid,风格审美
anxiety toys,174457.0,180793.0,177625.0,2,2025-11,2025-12,,False,anxiety,心理健康
bogg bag must have,174489.0,174489.0,174489.0,1,2025-01,2025-01,,False,bogg bag,charm潮流
cute tops y2k,174680.0,174680.0,174680.0,1,2025-08,2025-08,,False,y2k,风格审美
mermaid swimsuit women,174767.0,190961.0,182864.0,2,2025-06,2025-07,,False,mermaid,风格审美
christmas bogg bag,174818.0,174818.0,174818.0,1,2025-11,2025-11,,False,bogg bag,charm潮流
ashes of the imperium,175541.0,193482.0,184511.5,2,2025-11,2025-12,,False,ashes,纪念哀悼
gothic pants for women,175621.0,180358.0,177989.5,2,2025-08,2025-09,,False,gothic,风格审美
initial ornaments for christmas tree,175727.0,197918.0,186822.5,2,2025-11,2025-12,,False,initial,个性化定制
goth dresses,175740.0,175740.0,175740.0,1,2025-09,2025-09,,False,goth,风格审美
mermaid birthday party decorations,175860.0,175860.0,175860.0,1,2025-01,2025-01,,False,mermaid,风格审美
mermaid toy,176008.0,183520.0,180575.0,3,2025-07,2025-12,,False,mermaid,风格审美
faith kipyegon,176056.0,176056.0,176056.0,1,2025-06,2025-06,,False,faith,信仰精神
y2k set,176099.0,180261.0,178180.0,2,2025-07,2025-08,,False,y2k,风格审美
sunglasses y2k,176485.0,190266.0,180351.0,3,2025-05,2025-07,,False,y2k,风格审美
boy baptism outfit,176517.0,197899.0,188528.0,8,2025-01,2025-09,1.0034324274062858,False,baptism,身份仪式
nurse uniforms women set,176572.0,198439.0,189258.0,7,2025-01,2025-09,1.0165323880116017,False,nurse,军警职业
solar recovery,176607.0,176607.0,176607.0,1,2025-06,2025-06,,False,recovery,戒断康复
gold belly button piercing,176721.0,184086.0,180403.5,2,2025-02,2025-03,,False,belly button,身体珠宝穿孔
net skirt mermaid,176823.0,176823.0,176823.0,1,2025-10,2025-10,,False,mermaid,风格审美
nurse badge buddy,176951.0,199931.0,186370.0,4,2025-05,2025-09,,False,nurse,军警职业
mermaid shirt women,177326.0,177326.0,177326.0,1,2025-10,2025-10,,False,mermaid,风格审美
recovery boards,177368.0,199204.0,186228.0,7,2025-01,2025-11,1.0497099921649973,False,recovery,戒断康复
pink quinceanera dresses,177495.0,192902.0,185198.5,2,2025-01,2025-03,,False,quincea*,身份仪式
septum retainer,177771.0,177771.0,177771.0,1,2025-09,2025-09,,False,septum,身体珠宝穿孔
goth lingerie for women,177829.0,177829.0,177829.0,1,2025-02,2025-02,,False,goth,风格审美
nurse notebook,177924.0,177924.0,177924.0,1,2025-05,2025-05,,False,nurse,军警职业
patio mosquito repellent,178006.0,178006.0,178006.0,1,2025-06,2025-06,,False,mosquito repellent,功能康复珠宝
mermaid bathroom decor,178006.0,187984.0,183333.0,5,2025-02,2025-07,,False,mermaid,风格审美
gothic dress plus size,178077.0,178077.0,178077.0,1,2025-10,2025-10,,False,gothic,风格审美
firefighter ornament,178785.0,178785.0,178785.0,1,2025-12,2025-12,,False,firefighter,军警职业
best friend keychain,178866.0,178866.0,178866.0,1,2025-12,2025-12,,False,best friend*,关系联结
recovery patches hangover,178919.0,194473.0,191253.5,4,2025-06,2025-09,,False,recovery,戒断康复
gothic prom dress,179074.0,179074.0,179074.0,1,2025-04,2025-04,,False,gothic,风格审美
serenity prayer wall art,179287.0,196898.0,182968.0,7,2025-01,2025-09,1.0296368160840157,False,prayer,信仰精神
y2k sets 2 piece outfit,179328.0,186615.0,186513.0,3,2025-06,2025-08,,False,y2k,风格审美
anxiety relief items fidget,179511.0,194549.0,186144.0,3,2025-03,2025-08,,False,anxiety,心理健康
mental health matters hoodie,179549.0,179549.0,179549.0,1,2025-01,2025-01,,False,mental health,心理健康
repelix mosquito repellent outdoor,179768.0,179768.0,179768.0,1,2025-07,2025-07,,False,mosquito repellent,功能康复珠宝
gothic vampire costume,179815.0,179815.0,179815.0,1,2025-10,2025-10,,False,gothic,风格审美
y2k mini dress,179886.0,190172.0,185029.0,2,2025-05,2025-06,,False,y2k,风格审美
firefighter jacket,180408.0,180408.0,180408.0,1,2025-10,2025-10,,False,firefighter,军警职业
man's best friend cd,180515.0,180515.0,180515.0,1,2025-09,2025-09,,False,best friend*,关系联结
military action figures,180700.0,185586.0,183143.0,2,2025-11,2025-12,,False,military,军警职业
military gloves,180764.0,186453.0,183608.5,2,2025-01,2025-10,,False,military,军警职业
dont lose yourself salty paramedic,180764.0,180764.0,180764.0,1,2025-01,2025-01,,False,paramedic,军警职业
orthodox prayer rope,180802.0,185058.0,182930.0,2,2025-09,2025-10,,False,prayer,信仰精神
pastel goth,180866.0,186865.0,183244.0,4,2025-08,2025-12,,False,goth,风格审美
retirement party decorations women,180980.0,183099.0,182039.5,2,2025-04,2025-05,,False,retirement,成就节点
y2k skirts,181067.0,181067.0,181067.0,1,2025-08,2025-08,,False,y2k,风格审美
corporate goth clothing women,181067.0,181067.0,181067.0,1,2025-08,2025-08,,False,goth,风格审美
epilepsy awareness shirts,181121.0,181121.0,181121.0,1,2025-03,2025-03,,False,awareness,疾病康复
separation anxiety relief for dogs,181121.0,181121.0,181121.0,1,2025-03,2025-03,,False,anxiety,心理健康
y2k going out tops,181209.0,181209.0,181209.0,1,2025-09,2025-09,,False,y2k,风格审美
police officer costume for adults,181212.0,181212.0,181212.0,1,2025-10,2025-10,,False,police officer,军警职业
say a little prayer,181242.0,181242.0,181242.0,1,2025-03,2025-03,,False,prayer,信仰精神
mermaid backdrop,181347.0,185079.0,183213.0,2,2025-06,2025-07,,False,mermaid,风格审美
dog thunderstorm anxiety,181462.0,181462.0,181462.0,1,2025-06,2025-06,,False,anxiety,心理健康
mermaid tails for girls swimming,181717.0,181717.0,181717.0,1,2025-06,2025-06,,False,mermaid,风格审美
gothic lingerie,181731.0,192884.0,187307.5,2,2025-09,2025-10,,False,gothic,风格审美
bible verse jar for women,181971.0,181971.0,181971.0,1,2025-12,2025-12,,False,bible verse,宗教扩展
plus size mermaid costume,182123.0,182123.0,182123.0,1,2025-10,2025-10,,False,mermaid,风格审美
judge faith,182329.0,194215.0,188272.0,2,2025-03,2025-06,,False,faith,信仰精神
mermaid candy,182700.0,198911.0,184361.0,3,2025-05,2025-07,,False,mermaid,风格审美
police officer,182736.0,182736.0,182736.0,1,2025-10,2025-10,,False,police officer,军警职业
gothic headpiece,182871.0,182871.0,182871.0,1,2025-10,2025-10,,False,gothic,风格审美
first communion dresses,182978.0,182978.0,182978.0,1,2025-04,2025-04,,False,communion,身份仪式
nurse hat costume,182984.0,182984.0,182984.0,1,2025-10,2025-10,,False,nurse,军警职业
military poncho,183072.0,195620.0,186392.0,4,2025-01,2025-05,,False,military,军警职业
fantasy football draft party,183110.0,183110.0,183110.0,1,2025-08,2025-08,,False,fantasy football,运动兴趣
autism awareness decorations,183448.0,183448.0,183448.0,1,2025-03,2025-03,,False,awareness,疾病康复
highest rated mosquito repellent,183596.0,183596.0,183596.0,1,2025-06,2025-06,,False,mosquito repellent,功能康复珠宝
kids mermaid costume,183696.0,183696.0,183696.0,1,2025-10,2025-10,,False,mermaid,风格审美
philosophy purity face wash,183701.0,183701.0,183701.0,1,2025-01,2025-01,,False,purity,承诺誓约
overdose awareness shirt,183754.0,183754.0,183754.0,1,2025-08,2025-08,,False,awareness,疾病康复
sweet 16 dress,183907.0,197167.0,190537.0,2,2025-01,2025-04,,False,sweet 16,身份仪式
black gothic skirt,183922.0,183922.0,183922.0,1,2025-10,2025-10,,False,gothic,风格审美
saint patricks day decor,184021.0,184021.0,184021.0,1,2025-02,2025-02,,False,saint,信仰精神
dog recovery collars & cones,184149.0,184149.0,184149.0,1,2025-10,2025-10,,False,recovery,戒断康复
hip replacement recovery aids,184261.0,196583.0,194444.0,3,2025-09,2025-12,,False,recovery,戒断康复
pet urns for dogs ashes,184296.0,184296.0,184296.0,1,2025-02,2025-02,,False,ashes,纪念哀悼
goth outfits for women,184335.0,184335.0,184335.0,1,2025-09,2025-09,,False,goth,风格审美
the ashes and the star cursed kimg,184661.0,195394.0,186433.0,3,2025-01,2025-03,,False,ashes,纪念哀悼
beanies y2k,184661.0,184661.0,184661.0,1,2025-01,2025-01,,False,y2k,风格审美
barbie flower magic mermaid,184686.0,184686.0,184686.0,1,2025-11,2025-11,,False,mermaid,风格审美
saint patricks day candy,184724.0,184724.0,184724.0,1,2025-03,2025-03,,False,saint,信仰精神
cerebral palsy awareness shirt,184724.0,184724.0,184724.0,1,2025-03,2025-03,,False,awareness,疾病康复
y2k mini skirt,184942.0,184942.0,184942.0,1,2025-10,2025-10,,False,y2k,风格审美
ashes in the snow,185223.0,185223.0,185223.0,1,2025-02,2025-02,,False,ashes,纪念哀悼
vietnam veteran hats for men,185515.0,185515.0,185515.0,1,2025-06,2025-06,,False,veteran,军警职业
ashes of you,185819.0,185819.0,185819.0,1,2025-02,2025-02,,False,ashes,纪念哀悼
black y2k top,185863.0,199807.0,194183.0,4,2025-07,2025-10,,False,y2k,风格审美
plus size goth dress,185863.0,185863.0,185863.0,1,2025-10,2025-10,,False,goth,风格审美
rockstar recovery lemonade,185894.0,185894.0,185894.0,1,2025-12,2025-12,,False,recovery,戒断康复
mermaid costume women top,185969.0,185969.0,185969.0,1,2025-10,2025-10,,False,mermaid,风格审美
mermaid decorations,186035.0,186035.0,186035.0,1,2025-07,2025-07,,False,mermaid,风格审美
faith stickers,186213.0,186213.0,186213.0,1,2025-09,2025-09,,False,faith,信仰精神
military & war,186214.0,186214.0,186214.0,1,2025-05,2025-05,,False,military,军警职业
baptism,186405.0,186405.0,186405.0,1,2025-04,2025-04,,False,baptism,身份仪式
gothic tights,186453.0,186453.0,186453.0,1,2025-10,2025-10,,False,gothic,风格审美
my super sweet 16,186554.0,186554.0,186554.0,1,2025-04,2025-04,,False,sweet 16,身份仪式
goth home decor,186615.0,192051.0,189333.0,2,2025-08,2025-09,,False,goth,风格审美
y2k accessories women,186634.0,191517.0,189075.5,2,2025-07,2025-08,,False,y2k,风格审美
fur boots y2k,186751.0,186751.0,186751.0,1,2025-01,2025-01,,False,y2k,风格审美
baptism cake topper,186820.0,197078.0,190370.5,4,2025-04,2025-09,,False,baptism,身份仪式
goth prom dress,186948.0,186948.0,186948.0,1,2025-04,2025-04,,False,goth,风格审美
prayer clothes for women islam,187001.0,187001.0,187001.0,1,2025-03,2025-03,,False,prayer,信仰精神
hip surgery recovery supplies,187211.0,198309.0,195868.0,3,2025-02,2025-04,,False,recovery,戒断康复
y2k jeans men,187701.0,190067.0,188884.0,2,2025-08,2025-12,,False,y2k,风格审美
goth sunglasses,187794.0,199968.0,188992.5,4,2025-05,2025-08,,False,goth,风格审美
ovarian cancer awareness products,187870.0,187870.0,187870.0,1,2025-09,2025-09,,False,awareness,疾病康复
military smart watch,187988.0,187988.0,187988.0,1,2025-12,2025-12,,False,military,军警职业
faith wardrobe for women,187993.0,187993.0,187993.0,1,2025-09,2025-09,,False,faith,信仰精神
best friends by sheri dog bed,188042.0,188042.0,188042.0,1,2025-01,2025-01,,False,best friend*,关系联结
baby tees for women y2k,188061.0,188061.0,188061.0,1,2025-04,2025-04,,False,y2k,风格审美
initial keychains for women,188101.0,199053.0,193577.0,2,2025-05,2025-12,,False,initial,个性化定制
life recovery bible,188288.0,189470.0,188879.0,2,2025-01,2025-03,,False,recovery,戒断康复
ashes,188498.0,188498.0,188498.0,1,2025-02,2025-02,,False,ashes,纪念哀悼
initial tote bag,188539.0,188539.0,188539.0,1,2025-12,2025-12,,False,initial,个性化定制
dog spay recovery suit female,188544.0,196110.0,189054.0,3,2025-01,2025-03,,False,recovery,戒断康复
silent hill nurse dress,188607.0,188607.0,188607.0,1,2025-10,2025-10,,False,nurse,军警职业
paramedic flashcards,188615.0,192974.0,190794.5,2,2025-03,2025-04,,False,paramedic,军警职业
dama dresses for quinceanera,188615.0,194532.0,188791.0,5,2025-01,2025-07,,False,quincea*,身份仪式
lego military vehicles,188771.0,188771.0,188771.0,1,2025-11,2025-11,,False,military,军警职业
matching couples underwear,189090.0,189090.0,189090.0,1,2025-02,2025-02,,False,matching couple*,关系联结
yoolife initial canvas tote bag,189249.0,189249.0,189249.0,1,2025-12,2025-12,,False,initial,个性化定制
super recovery,189318.0,189318.0,189318.0,1,2025-05,2025-05,,False,recovery,戒断康复
heart shaped sea glass friendship,189395.0,189395.0,189395.0,1,2025-09,2025-09,,False,friendship,关系联结
police officer accessories,189694.0,189694.0,189694.0,1,2025-10,2025-10,,False,police officer,军警职业
purity coffee ground,189745.0,189745.0,189745.0,1,2025-12,2025-12,,False,purity,承诺誓约
engagement,190221.0,192527.0,191374.0,2,2025-07,2025-12,,False,engagement,承诺誓约
prayer plants live house plants,190346.0,198626.0,194486.0,2,2025-03,2025-04,,False,prayer,信仰精神
mermaid dolls,190825.0,190825.0,190825.0,1,2025-07,2025-07,,False,mermaid,风格审美
gothic christmas decorations,190836.0,190836.0,190836.0,1,2025-11,2025-11,,False,gothic,风格审美
cat spay recovery suit female,190950.0,190950.0,190950.0,1,2025-02,2025-02,,False,recovery,戒断康复
shamrock pin,191064.0,191064.0,191064.0,1,2025-03,2025-03,,False,shamrock,宗教扩展
bogg bag replacement buttons,191204.0,191204.0,191204.0,1,2025-07,2025-07,,False,bogg bag,charm潮流
dirty sexy saint,191219.0,191219.0,191219.0,1,2025-03,2025-03,,False,saint,信仰精神
fantasy football draft board 2025 10 team,191238.0,191238.0,191238.0,1,2025-08,2025-08,,False,fantasy football,运动兴趣
hip surgery recovery must haves,191487.0,191487.0,191487.0,1,2025-10,2025-10,,False,recovery,戒断康复
fantasy football shirt,191517.0,191517.0,191517.0,1,2025-08,2025-08,,False,fantasy football,运动兴趣
matching couple christmas pajamas,191712.0,192859.0,192285.5,2,2025-11,2025-12,,False,matching couple*,关系联结
prayer dress for women muslim,192476.0,192476.0,192476.0,1,2025-03,2025-03,,False,prayer,信仰精神
halloween nurse costume,192636.0,192636.0,192636.0,1,2025-10,2025-10,,False,nurse,军警职业
nurse headbands,192775.0,199968.0,196007.0,3,2025-07,2025-09,,False,nurse,军警职业
boys firefighter costume,192992.0,192992.0,192992.0,1,2025-10,2025-10,,False,firefighter,军警职业
iphone 17 pro case military grade,193046.0,193046.0,193046.0,1,2025-09,2025-09,,False,military,军警职业
cat surgery recovery suits,193072.0,197512.0,195292.0,2,2025-10,2025-12,,False,recovery,戒断康复
sierra club engagement calendar 2025,193116.0,193116.0,193116.0,1,2025-01,2025-01,,False,engagement,承诺誓约
first communion candle set for girl,193274.0,193274.0,193274.0,1,2025-04,2025-04,,False,communion,身份仪式
goth shoes for women,193620.0,193620.0,193620.0,1,2025-09,2025-09,,False,goth,风格审美
pink bogg bag,193637.0,193637.0,193637.0,1,2025-05,2025-05,,False,bogg bag,charm潮流
dog neuter recovery suit male,193650.0,195394.0,194522.0,2,2025-02,2025-03,,False,recovery,戒断康复
goth summer dress,193951.0,193951.0,193951.0,1,2025-06,2025-06,,False,goth,风格审美
y2k fashion,193980.0,193980.0,193980.0,1,2025-08,2025-08,,False,y2k,风格审美
gothic tapestry,194113.0,196742.0,195427.5,2,2025-08,2025-09,,False,gothic,风格审美
retirement plates and napkins sets,194228.0,194228.0,194228.0,1,2025-05,2025-05,,False,retirement,成就节点
mermaid sprinkles,194239.0,197261.0,195750.0,2,2025-06,2025-07,,False,mermaid,风格审美
goth accessories for women,194562.0,194562.0,194562.0,1,2025-10,2025-10,,False,goth,风格审美
pink ribbon breast cancer awareness,194815.0,194815.0,194815.0,1,2025-10,2025-10,,False,awareness,疾病康复
faith linen sheets,194930.0,194930.0,194930.0,1,2025-11,2025-11,,False,faith,信仰精神
no saint,194943.0,194943.0,194943.0,1,2025-03,2025-03,,False,saint,信仰精神
plus size goth,195085.0,195085.0,195085.0,1,2025-09,2025-09,,False,goth,风格审美
diabetes awareness shirt,195169.0,195169.0,195169.0,1,2025-11,2025-11,,False,awareness,疾病康复
nurse tshirt,195196.0,195196.0,195196.0,1,2025-05,2025-05,,False,nurse,军警职业
mosquito repellent outdoor patio candle,195249.0,195249.0,195249.0,1,2025-06,2025-06,,False,mosquito repellent,功能康复珠宝
y2k baggy jeans,195275.0,198938.0,197106.5,2,2025-11,2025-12,,False,y2k,风格审美
bogg bag mini,195521.0,195521.0,195521.0,1,2025-06,2025-06,,False,bogg bag,charm潮流
babydoll tops y2k,195680.0,195680.0,195680.0,1,2025-08,2025-08,,False,y2k,风格审美
angela's ashes,195868.0,195868.0,195868.0,1,2025-03,2025-03,,False,ashes,纪念哀悼
mermaid ornament,195869.0,195869.0,195869.0,1,2025-12,2025-12,,False,mermaid,风格审美
clothes y2k,195962.0,195962.0,195962.0,1,2025-11,2025-11,,False,y2k,风格审美
goth shower curtain,196007.0,197958.0,196982.5,2,2025-08,2025-09,,False,goth,风格审美
mermaid tail for swimming adult,196013.0,199007.0,197510.0,2,2025-06,2025-07,,False,mermaid,风格审美
first communion cupcake toppers,196280.0,196280.0,196280.0,1,2025-04,2025-04,,False,communion,身份仪式
lego friends friendship camper van,196569.0,196569.0,196569.0,1,2025-11,2025-11,,False,friendship,关系联结
bogg bag organizer insert,196759.0,196759.0,196759.0,1,2025-06,2025-06,,False,bogg bag,charm潮流
y2k baby tee,196768.0,198736.0,197990.0,3,2025-03,2025-06,,False,y2k,风格审美
fuzzy leg warmers y2k,196967.0,196967.0,196967.0,1,2025-10,2025-10,,False,y2k,风格审美
firefighter helmet light,196972.0,196972.0,196972.0,1,2025-02,2025-02,,False,firefighter,军警职业
barbie mermaid doll,197198.0,197198.0,197198.0,1,2025-11,2025-11,,False,mermaid,风格审美
mermaid coloring book,197224.0,197224.0,197224.0,1,2025-06,2025-06,,False,mermaid,风格审美
sympathy flowers for delivery prime,197324.0,197324.0,197324.0,1,2025-02,2025-02,,False,sympathy,纪念哀悼
goth wallet,197402.0,197402.0,197402.0,1,2025-08,2025-08,,False,goth,风格审美
gold septum,197402.0,197402.0,197402.0,1,2025-08,2025-08,,False,septum,身体珠宝穿孔
gothic corset dresses,197512.0,197512.0,197512.0,1,2025-10,2025-10,,False,gothic,风格审美
football bogg bag,197547.0,197547.0,197547.0,1,2025-08,2025-08,,False,bogg bag,charm潮流
black goth skirt,197658.0,197658.0,197658.0,1,2025-10,2025-10,,False,goth,风格审美
divorce bait,197791.0,197791.0,197791.0,1,2025-03,2025-03,,False,divorce*,人生重启
mens saint patricks day shirt,197791.0,197791.0,197791.0,1,2025-03,2025-03,,False,saint,信仰精神
fantasy football trophy 2025,197836.0,197836.0,197836.0,1,2025-08,2025-08,,False,fantasy football,运动兴趣
sweatpants y2k,197958.0,197958.0,197958.0,1,2025-08,2025-08,,False,y2k,风格审美
the saint dvd,198083.0,198083.0,198083.0,1,2025-04,2025-04,,False,saint,信仰精神
gothic stickers,198122.0,199807.0,198964.5,2,2025-08,2025-09,,False,gothic,风格审美
military hats for men,198151.0,198151.0,198151.0,1,2025-06,2025-06,,False,military,军警职业
engagement dresses for photoshoot,198272.0,198272.0,198272.0,1,2025-08,2025-08,,False,engagement,承诺誓约
goth bag,198272.0,198272.0,198272.0,1,2025-08,2025-08,,False,goth,风格审美
natural mosquito repellent for yard,198439.0,198439.0,198439.0,1,2025-06,2025-06,,False,mosquito repellent,功能康复珠宝
gothic heels,198443.0,198443.0,198443.0,1,2025-09,2025-09,,False,gothic,风格审美
military pants for men,198456.0,198456.0,198456.0,1,2025-10,2025-10,,False,military,军警职业
gothic hair accessories,198578.0,198578.0,198578.0,1,2025-10,2025-10,,False,gothic,风格审美
oofos recovery sandals women,198626.0,198626.0,198626.0,1,2025-03,2025-03,,False,recovery,戒断康复
womens saint patricks day shirt,198626.0,198626.0,198626.0,1,2025-03,2025-03,,False,saint,信仰精神
jean shorts y2k,198685.0,198685.0,198685.0,1,2025-08,2025-08,,False,y2k,风格审美
gothic swimsuit,198713.0,198713.0,198713.0,1,2025-06,2025-06,,False,gothic,风格审美
mermaid halloween costume,198863.0,198863.0,198863.0,1,2025-10,2025-10,,False,mermaid,风格审美
gothic vampire costume women,198863.0,198863.0,198863.0,1,2025-10,2025-10,,False,gothic,风格审美
retirement party,198911.0,198911.0,198911.0,1,2025-05,2025-05,,False,retirement,成就节点
nurse hats for women scrub,198952.0,198952.0,198952.0,1,2025-01,2025-01,,False,nurse,军警职业
shamrock plant,199251.0,199251.0,199251.0,1,2025-03,2025-03,,False,shamrock,宗教扩展
earns for ashes for adult humans,199616.0,199616.0,199616.0,1,2025-02,2025-02,,False,ashes,纪念哀悼
baby tees y2k,199658.0,199658.0,199658.0,1,2025-08,2025-08,,False,y2k,风格审美
loveimgs women y2k baggy barrel jeans overalls,199968.0,199968.0,199968.0,1,2025-08,2025-08,,False,y2k,风格审美
