seed,theme,family_size,term,best_rank,months_present,months_on_list,has_gift,has_marker,is_category,is_bare_scenario
mermaid,风格审美,147,mermaid costume women,1953,10,2025-02;2025-03;2025-04;2025-05;2025-06;2025-07;2025-08;2025-09;2025-10;2025-11,False,False,False,True
mermaid,风格审美,147,mermaid costume for girls,5578,7,2025-06;2025-07;2025-08;2025-09;2025-10;2025-11;2025-12,False,False,False,True
mermaid,风格审美,147,mermaid top,5799,6,2025-05;2025-06;2025-07;2025-08;2025-09;2025-10,False,False,False,True
mermaid,风格审美,147,mermaid accessories,5914,6,2025-05;2025-06;2025-07;2025-08;2025-09;2025-10,False,False,False,True
mermaid,风格审美,147,mermaid tail for swimming,7321,12,2025-01;2025-02;2025-03;2025-04;2025-05;2025-06;2025-07;2025-08;2025-09;2025-10;2025-11;2025-12,False,False,False,True
mermaid,风格审美,147,mermaid birthday decorations,7407,12,2025-01;2025-02;2025-03;2025-04;2025-05;2025-06;2025-07;2025-08;2025-09;2025-10;2025-11;2025-12,False,False,False,True
mermaid,风格审美,147,mermaid skirt,8019,10,2025-01;2025-02;2025-03;2025-04;2025-05;2025-06;2025-07;2025-08;2025-09;2025-10,False,False,False,True
mermaid,风格审美,147,mermaid barbie,9362,12,2025-01;2025-02;2025-03;2025-04;2025-05;2025-06;2025-07;2025-08;2025-09;2025-10;2025-11;2025-12,False,False,False,True
mermaid,风格审美,147,mermaid tail,9669,12,2025-01;2025-02;2025-03;2025-04;2025-05;2025-06;2025-07;2025-08;2025-09;2025-10;2025-11;2025-12,False,False,False,True
mermaid,风格审美,147,mermaid costume,14871,6,2025-05;2025-06;2025-07;2025-08;2025-09;2025-10,False,False,False,True
mermaid,风格审美,147,the little mermaid,15308,12,2025-01;2025-02;2025-03;2025-04;2025-05;2025-06;2025-07;2025-08;2025-09;2025-10;2025-11;2025-12,False,False,False,True
mermaid,风格审美,147,mermaid,16920,12,2025-01;2025-02;2025-03;2025-04;2025-05;2025-06;2025-07;2025-08;2025-09;2025-10;2025-11;2025-12,False,False,False,True
mermaid,风格审美,147,mermaid toys,17509,12,2025-01;2025-02;2025-03;2025-04;2025-05;2025-06;2025-07;2025-08;2025-09;2025-10;2025-11;2025-12,False,False,False,True
mermaid,风格审美,147,mermaid man costume,17862,2,2025-09;2025-10,False,False,False,True
mermaid,风格审美,147,barbie mermaid,18643,12,2025-01;2025-02;2025-03;2025-04;2025-05;2025-06;2025-07;2025-08;2025-09;2025-10;2025-11;2025-12,False,False,False,True
mermaid,风格审美,147,mermaid accessories women,18713,7,2025-04;2025-05;2025-06;2025-07;2025-08;2025-09;2025-10,False,False,False,True
mermaid,风格审美,147,mermaid tail blanket,20416,12,2025-01;2025-02;2025-03;2025-04;2025-05;2025-06;2025-07;2025-08;2025-09;2025-10;2025-11;2025-12,False,False,False,True
mermaid,风格审美,147,mermaid man and barnacle boy costumes,26844,2,2025-09;2025-10,False,False,False,True
mermaid,风格审美,147,little mermaid costume,28417,3,2025-08;2025-09;2025-10,False,False,False,True
mermaid,风格审美,147,mermaid tail for swimming kids,28705,4,2025-05;2025-06;2025-07;2025-08,False,False,False,True
mermaid,风格审美,147,mermaid party favors,29782,12,2025-01;2025-02;2025-03;2025-04;2025-05;2025-06;2025-07;2025-08;2025-09;2025-10;2025-11;2025-12,False,False,False,True
mermaid,风格审美,147,mermaid costume accessories,30292,2,2025-09;2025-10,False,False,False,True
mermaid,风格审美,147,little mermaid costume women,32785,2,2025-09;2025-10,False,False,False,True
mermaid,风格审美,147,mermaid backpack,35962,3,2025-06;2025-07;2025-08,False,False,False,True
mermaid,风格审美,147,mermaid pool toys,37027,6,2025-03;2025-04;2025-05;2025-06;2025-07;2025-08,False,False,False,True
mermaid,风格审美,147,mermaid hair accessories,37058,6,2025-05;2025-06;2025-07;2025-08;2025-09;2025-10,False,False,False,True
mermaid,风格审美,147,mermaid crown,38332,6,2025-05;2025-06;2025-07;2025-08;2025-09;2025-10,False,False,False,True
mermaid,风格审美,147,mermaid top women,38780,2,2025-09;2025-10,False,False,False,True
mermaid,风格审美,147,mermaid doll,39277,12,2025-01;2025-02;2025-03;2025-04;2025-05;2025-06;2025-07;2025-08;2025-09;2025-10;2025-11;2025-12,False,False,False,True
mermaid,风格审美,147,barbie mermaid dolls,39865,6,2025-06;2025-07;2025-09;2025-10;2025-11;2025-12,False,False,False,True
mermaid,风格审美,147,mermaid makeup,42568,3,2025-07;2025-09;2025-10,False,False,False,True
mermaid,风格审美,147,little mermaid,42895,12,2025-01;2025-02;2025-03;2025-04;2025-05;2025-06;2025-07;2025-08;2025-09;2025-10;2025-11;2025-12,False,False,False,True
mermaid,风格审美,147,mermaid dress,45311,12,2025-01;2025-02;2025-03;2025-04;2025-05;2025-06;2025-07;2025-08;2025-09;2025-10;2025-11;2025-12,False,False,False,True
mermaid,风格审美,147,little mermaid party decorations,48419,11,2025-01;2025-02;2025-03;2025-04;2025-05;2025-06;2025-07;2025-08;2025-09;2025-10;2025-11,False,False,False,True
mermaid,风格审美,147,mermaid prom dress,49081,5,2025-01;2025-02;2025-03;2025-04;2025-05,False,False,False,True
mermaid,风格审美,147,mermaid party decorations,50564,11,2025-01;2025-02;2025-03;2025-04;2025-05;2025-06;2025-07;2025-08;2025-09;2025-10;2025-11,False,False,False,True
mermaid,风格审美,147,mermaid tails for girls,50667,12,2025-01;2025-02;2025-03;2025-04;2025-05;2025-06;2025-07;2025-08;2025-09;2025-10;2025-11;2025-12,False,False,False,True
mermaid,风格审美,147,mermaid skirt women,54415,2,2025-09;2025-10,False,False,False,True
mermaid,风格审美,147,mermaid wedding dresses for bride,56722,11,2025-01;2025-02;2025-03;2025-04;2025-05;2025-06;2025-07;2025-08;2025-09;2025-10;2025-11,False,False,False,True
mermaid,风格审美,147,mermaid jewelry,61063,2,2025-09;2025-10,False,False,True,False
mermaid,风格审美,147,mermaid balloons,61353,10,2025-01;2025-02;2025-03;2025-04;2025-05;2025-06;2025-07;2025-08;2025-09;2025-10,False,False,False,True
mermaid,风格审美,147,toddler mermaid costume,62386,2,2025-09;2025-10,False,False,False,True
mermaid,风格审美,147,mermaid net skirt,62859,1,2025-10,False,False,False,True
mermaid,风格审美,147,mermaid dress women,63222,10,2025-01;2025-02;2025-03;2025-04;2025-05;2025-06;2025-07;2025-08;2025-09;2025-10,False,False,False,True
mermaid,风格审美,147,little mermaid toys,63457,12,2025-01;2025-02;2025-03;2025-04;2025-05;2025-06;2025-07;2025-08;2025-09;2025-10;2025-11;2025-12,False,False,False,True
mermaid,风格审美,147,mermaid necklace,64529,1,2025-10,False,False,True,False
mermaid,风格审美,147,little mermaid pool toy,65415,1,2025-04,False,False,False,True
mermaid,风格审美,147,little mermaid backpack,68099,2,2025-07;2025-08,False,False,False,True
mermaid,风格审美,147,mermaid barbie dolls,71142,6,2025-07;2025-08;2025-09;2025-10;2025-11;2025-12,False,False,False,True
mermaid,风格审美,147,mermaid blanket,71254,6,2025-07;2025-08;2025-09;2025-10;2025-11;2025-12,False,False,False,True
mermaid,风格审美,147,mermaid cake topper,74450,10,2025-01;2025-02;2025-03;2025-04;2025-05;2025-06;2025-07;2025-08;2025-09;2025-10,False,False,False,True
mermaid,风格审美,147,mermaid man costume women,76186,1,2025-10,False,False,False,True
mermaid,风格审美,147,womens mermaid costume,76796,2,2025-09;2025-10,False,False,False,True
mermaid,风格审美,147,mermaid cake decorations,77930,10,2025-01;2025-02;2025-03;2025-04;2025-05;2025-06;2025-07;2025-08;2025-09;2025-10,False,False,False,True
mermaid,风格审美,147,barbie in a mermaid tale,79722,6,2025-01;2025-03;2025-05;2025-06;2025-07;2025-08,False,False,False,True
mermaid,风格审美,147,mermaid bra,80048,1,2025-10,False,False,False,True
mermaid,风格审美,147,mermaid bath toys,81943,11,2025-02;2025-03;2025-04;2025-05;2025-06;2025-07;2025-08;2025-09;2025-10;2025-11;2025-12,False,False,False,True
mermaid,风格审美,147,mermaid pool toy,84023,1,2025-04,False,False,False,True
mermaid,风格审美,147,mermaid bathing suit for girls,85561,5,2025-03;2025-04;2025-05;2025-06;2025-07,False,False,False,True
mermaid,风格审美,147,mermaid toys for girls 4-6,87484,12,2025-01;2025-02;2025-03;2025-04;2025-05;2025-06;2025-07;2025-08;2025-09;2025-10;2025-11;2025-12,False,False,False,True
mermaid,风格审美,147,adult mermaid costume,89566,2,2025-09;2025-10,False,False,False,True
mermaid,风格审美,147,mermaid cupcake toppers,93798,9,2025-01;2025-02;2025-03;2025-04;2025-05;2025-06;2025-07;2025-08;2025-09,False,False,False,True
mermaid,风格审美,147,mermaid tails,94473,6,2025-03;2025-04;2025-05;2025-06;2025-07;2025-08,False,False,False,True
mermaid,风格审美,147,mermaid skeleton,95158,2,2025-09;2025-10,False,False,False,True
mermaid,风格审美,147,mermaid man belt,96158,1,2025-10,False,False,False,True
mermaid,风格审美,147,mermaid wig,97774,1,2025-10,False,False,False,True
mermaid,风格审美,147,mermaid costume adult,97804,2,2025-09;2025-10,False,False,False,True
mermaid,风格审美,147,mermaid pinata,99748,8,2025-01;2025-03;2025-04;2025-05;2025-06;2025-07;2025-08;2025-09,False,False,False,True
mermaid,风格审美,147,mermaid tablecloth,100357,7,2025-03;2025-04;2025-05;2025-06;2025-07;2025-08;2025-09,False,False,False,True
mermaid,风格审美,147,mermaid corset,106427,1,2025-10,False,False,False,True
mermaid,风格审美,147,kids mermaid tails for swimming,106765,2,2025-06;2025-07,False,False,False,True
mermaid,风格审美,147,mermaid leggings for women,107219,1,2025-10,False,False,False,True
mermaid,风格审美,147,mermaid ears,107473,1,2025-10,False,False,False,True
mermaid,风格审美,147,mermaid decor,107619,10,2025-01;2025-02;2025-03;2025-04;2025-05;2025-06;2025-07;2025-08;2025-09;2025-12,False,False,False,True
mermaid,风格审美,147,mermaid headband,108740,1,2025-10,False,False,False,True
mermaid,风格审美,147,mermaid costume top,109238,1,2025-10,False,False,False,True
mermaid,风格审美,147,mermaid leggings,110807,1,2025-10,False,False,False,True
mermaid,风格审美,147,mermaid earrings,112713,1,2025-10,False,False,True,False
mermaid,风格审美,147,little mermaid costume for girls,115165,1,2025-10,False,False,False,True
mermaid,风格审美,147,little mermaid dress,116596,8,2025-01;2025-02;2025-03;2025-04;2025-05;2025-06;2025-07;2025-08,False,False,False,True
mermaid,风格审美,147,mermaid party,117622,6,2025-01;2025-04;2025-05;2025-06;2025-07;2025-08,False,False,False,True
mermaid,风格审美,147,mermaid costume toddler,124336,1,2025-10,False,False,False,True
mermaid,风格审美,147,girls mermaid costume,124489,2,2025-09;2025-10,False,False,False,True
mermaid,风格审美,147,mermaid stickers,125809,9,2025-01;2025-02;2025-03;2025-04;2025-05;2025-06;2025-07;2025-08;2025-09,False,False,False,True
mermaid,风格审美,147,mermaid swimsuit,126602,3,2025-05;2025-06;2025-07,False,False,False,True
mermaid,风格审美,147,mermaid net,128794,1,2025-10,False,False,False,True
mermaid,风格审美,147,mermaid pants,130287,1,2025-10,False,False,False,True
mermaid,风格审美,147,mermaid hair clips,131365,1,2025-10,False,False,False,True
mermaid,风格审美,147,blue mermaid top,131507,1,2025-10,False,False,False,True
mermaid,风格审美,147,mermaid face gems,134086,1,2025-10,False,False,False,True
mermaid,风格审美,147,mermaid shirt,134381,1,2025-10,False,False,False,True
mermaid,风格审美,147,sexy mermaid costume women,137386,1,2025-10,False,False,False,True
mermaid,风格审美,147,mermaid wedding dress,138178,3,2025-01;2025-02;2025-03,False,False,False,True
mermaid,风格审美,147,green mermaid skirt,138806,1,2025-10,False,False,False,True
mermaid,风格审美,147,mermaid tail adult,139164,3,2025-05;2025-06;2025-07,False,False,False,True
mermaid,风格审美,147,adult mermaid costumes for women,139603,1,2025-10,False,False,False,True
mermaid,风格审美,147,mermaid swimsuit for girls 4-6,139878,3,2025-05;2025-06;2025-07,False,False,False,True
mermaid,风格审美,147,purple mermaid top,142306,1,2025-10,False,False,False,True
mermaid,风格审美,147,mermaid costume for women,147162,1,2025-10,False,False,False,True
mermaid,风格审美,147,mermaid outfit women,149446,4,2025-06;2025-07;2025-08;2025-10,False,False,False,True
mermaid,风格审美,147,mermaid dress for girls,150601,5,2025-06;2025-07;2025-08;2025-09;2025-10,False,False,False,True
mermaid,风格审美,147,little mermaid costume adult,153039,1,2025-10,False,False,False,True
mermaid,风格审美,147,mermaid homecoming dresses,153366,1,2025-09,False,False,False,True
mermaid,风格审美,147,canmake mermaid skin gel uv spf 50,155243,3,2025-03;2025-04;2025-05,False,False,False,True
mermaid,风格审美,147,mermaid plates,156295,4,2025-05;2025-06;2025-07;2025-08,False,False,False,True
mermaid,风格审美,147,mermaid hair,156696,1,2025-10,False,False,False,True
mermaid,风格审美,147,mermaid bra top,156950,1,2025-10,False,False,False,True
mermaid,风格审美,147,mermaid tail for kids,157335,2,2025-06;2025-07,False,False,False,True
mermaid,风格审美,147,mermaid arm cuff,157648,1,2025-10,False,False,True,False
mermaid,风格审美,147,mermaid shower curtain,158576,8,2025-01;2025-02;2025-03;2025-04;2025-05;2025-06;2025-07;2025-08,False,False,False,True
mermaid,风格审美,147,mermaid ear cuffs,159096,1,2025-10,False,False,True,False
mermaid,风格审美,147,mermaid man,159590,1,2025-10,False,False,False,True
mermaid,风格审美,147,mermaid pool float,159846,1,2025-06,False,False,False,True
mermaid,风格审美,147,mermaid tops,161303,1,2025-10,False,False,False,True
mermaid,风格审美,147,mermaid birthday outfit,161440,9,2025-01;2025-02;2025-03;2025-04;2025-05;2025-06;2025-07;2025-08;2025-09,False,False,False,True
mermaid,风格审美,147,white mermaid top,161474,1,2025-10,False,False,False,True
mermaid,风格审美,147,mermaid headpiece,162044,1,2025-10,False,False,False,True
mermaid,风格审美,147,mermaid dress up for girls 4-6,162865,7,2025-01;2025-02;2025-03;2025-04;2025-05;2025-06;2025-07,False,False,False,True
mermaid,风格审美,147,mermaid gifts for women,166666,1,2025-12,True,False,False,False
mermaid,风格审美,147,mermaid birthday,166774,4,2025-01;2025-06;2025-07;2025-08,False,False,False,True
mermaid,风格审美,147,little mermaid costume toddler,167458,1,2025-10,False,False,False,True
mermaid,风格审美,147,women's midi bodycon dress summer sleeveless ruffle mermaid dress cocktail party tank dresses for we,173469,1,2025-05,False,False,False,True
mermaid,风格审美,147,little mermaid pool toy in shell,174361,1,2025-04,False,False,False,True
mermaid,风格审美,147,mermaid balloon arch kit,174423,2,2025-06;2025-07,False,False,False,True
mermaid,风格审美,147,mermaid swimsuit women,174767,2,2025-06;2025-07,False,False,False,True
mermaid,风格审美,147,mermaid birthday party decorations,175860,1,2025-01,False,False,False,True
mermaid,风格审美,147,mermaid toy,176008,3,2025-07;2025-11;2025-12,False,False,False,True
mermaid,风格审美,147,net skirt mermaid,176823,1,2025-10,False,False,False,True
mermaid,风格审美,147,mermaid shirt women,177326,1,2025-10,False,False,False,True
mermaid,风格审美,147,mermaid bathroom decor,178006,5,2025-02;2025-03;2025-05;2025-06;2025-07,False,False,False,True
mermaid,风格审美,147,mermaid waist chain,179158,1,2025-10,False,False,True,False
mermaid,风格审美,147,mermaid backdrop,181347,2,2025-06;2025-07,False,False,False,True
mermaid,风格审美,147,mermaid tails for girls swimming,181717,1,2025-06,False,False,False,True
mermaid,风格审美,147,plus size mermaid costume,182123,1,2025-10,False,False,False,True
mermaid,风格审美,147,mermaid candy,182700,3,2025-05;2025-06;2025-07,False,False,False,True
mermaid,风格审美,147,kids mermaid costume,183696,1,2025-10,False,False,False,True
mermaid,风格审美,147,barbie flower magic mermaid,184686,1,2025-11,False,False,False,True
mermaid,风格审美,147,mermaid costume women top,185969,1,2025-10,False,False,False,True
mermaid,风格审美,147,mermaid decorations,186035,1,2025-07,False,False,False,True
mermaid,风格审美,147,mermaid dolls,190825,1,2025-07,False,False,False,True
mermaid,风格审美,147,mermaid sprinkles,194239,2,2025-06;2025-07,False,False,False,True
mermaid,风格审美,147,mermaid ornament,195869,1,2025-12,False,False,False,True
mermaid,风格审美,147,mermaid tail for swimming adult,196013,2,2025-06;2025-07,False,False,False,True
mermaid,风格审美,147,barbie mermaid doll,197198,1,2025-11,False,False,False,True
mermaid,风格审美,147,mermaid coloring book,197224,1,2025-06,False,False,False,True
mermaid,风格审美,147,mermaid gifts for girls 4-6,197398,1,2025-07,True,False,False,False
mermaid,风格审美,147,mermaid halloween costume,198863,1,2025-10,False,False,False,True
nurse,军警职业,131,nurse appreciation gifts,956,2,2025-04;2025-05,True,False,False,False
nurse,军警职业,131,nurse jackie,3299,12,2025-01;2025-02;2025-03;2025-04;2025-05;2025-06;2025-07;2025-08;2025-09;2025-10;2025-11;2025-12,False,False,False,True
nurse,军警职业,131,nurse gifts,3751,12,2025-01;2025-02;2025-03;2025-04;2025-05;2025-06;2025-07;2025-08;2025-09;2025-10;2025-11;2025-12,True,False,False,False
nurse,军警职业,131,nurse costume,3830,5,2025-07;2025-08;2025-09;2025-10;2025-11,False,False,False,True
nurse,军警职业,131,nurse essentials,7376,12,2025-01;2025-02;2025-03;2025-04;2025-05;2025-06;2025-07;2025-08;2025-09;2025-10;2025-11;2025-12,False,False,False,True
nurse,军警职业,131,nurse costume woman,8213,2,2025-09;2025-10,False,False,False,True
nurse,军警职业,131,nurse accessories for work,8407,12,2025-01;2025-02;2025-03;2025-04;2025-05;2025-06;2025-07;2025-08;2025-09;2025-10;2025-11;2025-12,False,False,False,True
nurse,军警职业,131,silent hill nurse costume,11067,3,2025-08;2025-09;2025-10,False,False,False,True
nurse,军警职业,131,nurse badge reel,11934,12,2025-01;2025-02;2025-03;2025-04;2025-05;2025-06;2025-07;2025-08;2025-09;2025-10;2025-11;2025-12,False,False,False,True
nurse,军警职业,131,nurse bag,14277,12,2025-01;2025-02;2025-03;2025-04;2025-05;2025-06;2025-07;2025-08;2025-09;2025-10;2025-11;2025-12,False,False,False,True
nurse,军警职业,131,nurse gifts for women,14643,12,2025-01;2025-02;2025-03;2025-04;2025-05;2025-06;2025-07;2025-08;2025-09;2025-10;2025-11;2025-12,True,False,False,False
nurse,军警职业,131,sexy nurse costume outfit for women,19568,2,2025-09;2025-10,False,False,False,True
nurse,军警职业,131,nurse shoes,21959,12,2025-01;2025-02;2025-03;2025-04;2025-05;2025-06;2025-07;2025-08;2025-09;2025-10;2025-11;2025-12,False,False,False,True
nurse,军警职业,131,nurse shoes for women,24525,12,2025-01;2025-02;2025-03;2025-04;2025-05;2025-06;2025-07;2025-08;2025-09;2025-10;2025-11;2025-12,False,False,False,True
nurse,军警职业,131,nurse,29037,12,2025-01;2025-02;2025-03;2025-04;2025-05;2025-06;2025-07;2025-08;2025-09;2025-10;2025-11;2025-12,False,False,False,True
nurse,军警职业,131,nurse hat,33643,7,2025-02;2025-03;2025-04;2025-05;2025-08;2025-09;2025-10,False,False,False,True
nurse,军警职业,131,nurse pens,34884,12,2025-01;2025-02;2025-03;2025-04;2025-05;2025-06;2025-07;2025-08;2025-09;2025-10;2025-11;2025-12,False,False,False,True
nurse,军警职业,131,sexy nurse costume,37234,2,2025-09;2025-10,False,False,False,True
nurse,军警职业,131,nurse watch,43441,12,2025-01;2025-02;2025-03;2025-04;2025-05;2025-06;2025-07;2025-08;2025-09;2025-10;2025-11;2025-12,False,False,False,True
nurse,军警职业,131,nurse clipboard,44468,12,2025-01;2025-02;2025-03;2025-04;2025-05;2025-06;2025-07;2025-08;2025-09;2025-10;2025-11;2025-12,False,False,False,True
nurse,军警职业,131,nurse bags for work,46128,12,2025-01;2025-02;2025-03;2025-04;2025-05;2025-06;2025-07;2025-08;2025-09;2025-10;2025-11;2025-12,False,False,False,True
nurse,军警职业,131,nurse dress,47081,2,2025-09;2025-10,False,False,False,True
nurse,军警职业,131,nurse halloween costume,52073,2,2025-09;2025-10,False,False,False,True
nurse,军警职业,131,nurse week gifts,52329,2,2025-04;2025-05,True,False,False,False
nurse,军警职业,131,nurse sweatshirt,53589,12,2025-01;2025-02;2025-03;2025-04;2025-05;2025-06;2025-07;2025-08;2025-09;2025-10;2025-11;2025-12,False,False,False,True
nurse,军警职业,131,nurse gift,54555,8,2025-02;2025-03;2025-04;2025-05;2025-07;2025-08;2025-11;2025-12,True,False,False,False
nurse,军警职业,131,school nurse appreciation gifts,55820,2,2025-04;2025-05,True,False,False,False
nurse,军警职业,131,compression socks for women nurse-approved,57822,2,2025-08;2025-09,False,False,False,True
nurse,军警职业,131,nurse babe shoes,57879,4,2025-01;2025-02;2025-03;2025-04,False,False,False,True
nurse,军警职业,131,nurse halloween shirts,58790,2,2025-09;2025-10,False,False,False,True
nurse,军警职业,131,nurse sweatshirts for women,59407,9,2025-01;2025-02;2025-03;2025-04;2025-05;2025-09;2025-10;2025-11;2025-12,False,False,False,True
nurse,军警职业,131,nurse christmas shirt,59826,2,2025-11;2025-12,False,False,False,True
nurse,军警职业,131,nurse badge,60471,12,2025-01;2025-02;2025-03;2025-04;2025-05;2025-06;2025-07;2025-08;2025-09;2025-10;2025-11;2025-12,False,False,False,True
nurse,军警职业,131,halloween nurse shirt,60570,2,2025-09;2025-10,False,False,False,True
nurse,军警职业,131,nurse scissors,63982,12,2025-01;2025-02;2025-03;2025-04;2025-05;2025-06;2025-07;2025-08;2025-09;2025-10;2025-11;2025-12,False,False,False,True
nurse,军警职业,131,nurse+appreciation+gifts,65790,1,2025-05,True,False,False,False
nurse,军警职业,131,nurse jacket,66285,12,2025-01;2025-02;2025-03;2025-04;2025-05;2025-06;2025-07;2025-08;2025-09;2025-10;2025-11;2025-12,False,False,False,True
nurse,军警职业,131,nurse ornament,68996,2,2025-11;2025-12,False,False,False,True
nurse,军警职业,131,nurse costume accessories,69287,1,2025-10,False,False,False,True
nurse,军警职业,131,nurse graduation gifts for women,70093,2,2025-04;2025-05,True,False,False,False
nurse,军警职业,131,nurse badge accessories,71907,12,2025-01;2025-02;2025-03;2025-04;2025-05;2025-06;2025-07;2025-08;2025-09;2025-10;2025-11;2025-12,False,False,False,True
nurse,军警职业,131,nurse shirt,72383,11,2025-01;2025-02;2025-03;2025-04;2025-05;2025-06;2025-07;2025-08;2025-09;2025-10;2025-12,False,False,False,True
nurse,军警职业,131,blink 182 nurse costume,74503,1,2025-10,False,False,False,True
nurse,军警职业,131,nurse practitioner gifts for women,74677,4,2025-04;2025-05;2025-11;2025-12,True,False,False,False
nurse,军警职业,131,nurse stickers,76306,12,2025-01;2025-02;2025-03;2025-04;2025-05;2025-06;2025-07;2025-08;2025-09;2025-10;2025-11;2025-12,False,False,False,True
nurse,军警职业,131,nurse backpack,77592,12,2025-01;2025-02;2025-03;2025-04;2025-05;2025-06;2025-07;2025-08;2025-09;2025-10;2025-11;2025-12,False,False,False,True
nurse,军警职业,131,sexy nurse,78826,1,2025-10,False,False,False,True
nurse,军警职业,131,nurse week gifts 2025,78869,2,2025-04;2025-05,True,False,False,False
nurse,军警职业,131,nurse graduation gift,80127,3,2025-04;2025-05;2025-12,True,False,False,False
nurse,军警职业,131,nurse yard compression socks women,81793,2,2025-01;2025-03,False,False,False,True
nurse,军警职业,131,nurse costume for kids,82812,1,2025-10,False,False,False,True
nurse,军警职业,131,nurse shirts for women,84844,9,2025-02;2025-03;2025-04;2025-05;2025-06;2025-07;2025-08;2025-09;2025-10,False,False,False,True
nurse,军警职业,131,nurse compression socks for women,85262,12,2025-01;2025-02;2025-03;2025-04;2025-05;2025-06;2025-07;2025-08;2025-09;2025-10;2025-11;2025-12,False,False,False,True
nurse,军警职业,131,nurse headbands for women,85524,12,2025-01;2025-02;2025-03;2025-04;2025-05;2025-06;2025-07;2025-08;2025-09;2025-10;2025-11;2025-12,False,False,False,True
nurse,军警职业,131,nurse tote bag,86681,11,2025-01;2025-02;2025-03;2025-04;2025-05;2025-06;2025-07;2025-08;2025-09;2025-10;2025-12,False,False,False,True
nurse,军警职业,131,silent hill nurse,86971,1,2025-10,False,False,False,True
nurse,军警职业,131,nurse jackets for women,89149,4,2025-09;2025-10;2025-11;2025-12,False,False,False,True
nurse,军警职业,131,white nurse dress,89566,1,2025-10,False,False,False,True
nurse,军警职业,131,nurse socks,90218,3,2025-04;2025-05;2025-12,False,False,False,True
nurse,军警职业,131,nurse christmas sweatshirt,90587,2,2025-11;2025-12,False,False,False,True
nurse,军警职业,131,school nurse office decor,90649,2,2025-07;2025-08,False,False,False,True
nurse,军警职业,131,silent hill nurse mask,93296,1,2025-10,False,False,False,True
nurse,军警职业,131,nurse watches for women,93384,11,2025-01;2025-02;2025-03;2025-04;2025-05;2025-06;2025-07;2025-08;2025-09;2025-10;2025-12,False,False,False,True
nurse,军警职业,131,nurse fanny pack,93604,12,2025-01;2025-02;2025-03;2025-04;2025-05;2025-06;2025-07;2025-08;2025-09;2025-10;2025-11;2025-12,False,False,False,True
nurse,军警职业,131,silent hill nurse costumes,95192,2,2025-09;2025-10,False,False,False,True
nurse,军警职业,131,nurse scrubs,98034,12,2025-01;2025-02;2025-03;2025-04;2025-05;2025-06;2025-07;2025-08;2025-09;2025-10;2025-11;2025-12,False,False,False,True
nurse,军警职业,131,nurse graduation party decorations,98342,2,2025-04;2025-05,False,False,False,True
nurse,军警职业,131,nurse jamie face roller,98768,4,2025-03;2025-04;2025-05;2025-07,False,False,False,True
nurse,军警职业,131,student nurse badge,98832,9,2025-01;2025-02;2025-03;2025-04;2025-05;2025-06;2025-07;2025-08;2025-09,False,False,False,True
nurse,军警职业,131,nurse t shirt,99232,6,2025-04;2025-05;2025-06;2025-07;2025-08;2025-09,False,False,False,True
nurse,军警职业,131,nurse essentials for work,101098,12,2025-01;2025-02;2025-03;2025-04;2025-05;2025-06;2025-07;2025-08;2025-09;2025-10;2025-11;2025-12,False,False,False,True
nurse,军警职业,131,nurse caps for women,102421,11,2025-01;2025-02;2025-03;2025-04;2025-05;2025-06;2025-07;2025-08;2025-09;2025-10;2025-12,False,False,False,True
nurse,军警职业,131,school nurse shirt,103548,2,2025-07;2025-08,False,False,False,True
nurse,军警职业,131,nurse badge holder,106259,10,2025-01;2025-02;2025-03;2025-04;2025-05;2025-06;2025-07;2025-08;2025-09;2025-10,False,False,False,True
nurse,军警职业,131,nurse halloween costume women,106574,1,2025-10,False,False,False,True
nurse,军警职业,131,nurse week gifts bulk,107343,2,2025-04;2025-05,True,False,False,False
nurse,军警职业,131,thanksgiving nurse shirt,109712,1,2025-11,False,False,False,True
nurse,军警职业,131,nurse appreciation gifts bulk,109749,2,2025-04;2025-05,True,False,False,False
nurse,军警职业,131,nurse valentines day shirt,112142,2,2025-01;2025-02,False,False,False,True
nurse,军警职业,131,nurse practitioner gifts,115653,2,2025-11;2025-12,True,False,False,False
nurse,军警职业,131,sexy nurse lingerie for women,117495,10,2025-01;2025-02;2025-03;2025-04;2025-05;2025-06;2025-07;2025-08;2025-09;2025-10,False,False,False,True
nurse,军警职业,131,nurse accessories,119282,11,2025-01;2025-02;2025-03;2025-04;2025-05;2025-06;2025-08;2025-09;2025-10;2025-11;2025-12,False,False,False,True
nurse,军警职业,131,nurse christmas gifts,129194,1,2025-12,True,False,False,False
nurse,军警职业,131,boo boo crew nurse shirt,129313,1,2025-10,False,False,False,True
nurse,军警职业,131,nurse costume women,129601,1,2025-10,False,False,False,True
nurse,军警职业,131,nurse gifts bulk,129980,3,2025-04;2025-05;2025-12,True,False,False,False
nurse,军警职业,131,school nurse gifts,130018,2,2025-05;2025-12,True,False,False,False
nurse,军警职业,131,nurse week,130085,1,2025-05,False,False,False,True
nurse,军警职业,131,christmas nurse shirt,130861,2,2025-11;2025-12,False,False,False,True
nurse,军警职业,131,nurse clogs,131848,9,2025-01;2025-02;2025-05;2025-06;2025-07;2025-08;2025-09;2025-10;2025-12,False,False,False,True
nurse,军警职业,131,nurse accessories costume,133129,1,2025-10,False,False,False,True
nurse,军警职业,131,nurse gift bag,133480,2,2025-04;2025-05,True,False,False,False
nurse,军警职业,131,nurse shoes for women comfortable,134584,8,2025-01;2025-02;2025-03;2025-04;2025-05;2025-06;2025-07;2025-08,False,False,False,True
nurse,军警职业,131,nurse cap,135170,2,2025-09;2025-10,False,False,False,True
nurse,军警职业,131,nurse bags,141410,1,2025-05,False,False,False,True
nurse,军警职业,131,nurse outfit,142822,1,2025-10,False,False,False,True
nurse,军警职业,131,badge reel nurse,143199,7,2025-05;2025-07;2025-08;2025-09;2025-10;2025-11;2025-12,False,False,False,True
nurse,军警职业,131,school nurse,143551,2,2025-07;2025-08,False,False,False,True
nurse,军警职业,131,student nurse badge reel,143635,3,2025-01;2025-08;2025-09,False,False,False,True
nurse,军警职业,131,nurse scrubs for women set,144108,8,2025-01;2025-02;2025-03;2025-04;2025-05;2025-06;2025-07;2025-08,False,False,False,True
nurse,军警职业,131,funny nurse badge reel,144355,6,2025-02;2025-04;2025-05;2025-07;2025-08;2025-12,False,False,False,True
nurse,军警职业,131,nurse clipboard foldable,144556,6,2025-01;2025-02;2025-03;2025-04;2025-05;2025-09,False,False,False,True
nurse,军警职业,131,christmas nurse sweatshirt,146416,1,2025-12,False,False,False,True
nurse,军警职业,131,nurse shirts,149576,5,2025-04;2025-05;2025-07;2025-08;2025-09,False,False,False,True
nurse,军警职业,131,funny nurse gifts,150053,1,2025-12,True,False,False,False
nurse,军警职业,131,plus size nurse costume,150316,1,2025-10,False,False,False,True
nurse,军警职业,131,nurse compression socks,153659,2,2025-05;2025-12,False,False,False,True
nurse,军警职业,131,nurse christmas ornament,155340,1,2025-12,False,False,False,True
nurse,军警职业,131,nurse jackets for women scrub,157765,3,2025-01;2025-02;2025-03,False,False,False,True
nurse,军警职业,131,nurse badge reels,158386,3,2025-04;2025-05;2025-12,False,False,False,True
nurse,军警职业,131,nurse tote bags,158386,1,2025-05,False,False,False,True
nurse,军警职业,131,labor and delivery nurse gifts,159270,3,2025-04;2025-05;2025-12,True,False,False,False
nurse,军警职业,131,nurse cup,162317,1,2025-05,False,False,False,True
nurse,军警职业,131,nurse keychain,162317,1,2025-05,False,False,False,True
nurse,军警职业,131,daisy pins nurse,166266,1,2025-02,False,False,False,True
nurse,军警职业,131,nurse lingerie for women,167351,1,2025-10,False,False,False,True
nurse,军警职业,131,halloween nurse tshirt,167541,1,2025-10,False,False,False,True
nurse,军警职业,131,nurse work bag,171373,8,2025-01;2025-02;2025-03;2025-05;2025-07;2025-08;2025-09;2025-12,False,False,False,True
nurse,军警职业,131,nurse vest,173678,2,2025-10;2025-11,False,False,False,True
nurse,军警职业,131,sexy nurse costume women adult,173886,1,2025-10,False,False,False,True
nurse,军警职业,131,nurse uniforms women set,176572,7,2025-01;2025-02;2025-03;2025-04;2025-05;2025-06;2025-09,False,False,False,True
nurse,军警职业,131,nurse badge buddy,176951,4,2025-05;2025-07;2025-08;2025-09,False,False,False,True
nurse,军警职业,131,nurse notebook,177924,1,2025-05,False,False,False,True
nurse,军警职业,131,nurse hat costume,182984,1,2025-10,False,False,False,True
nurse,军警职业,131,gift for nurse,183039,1,2025-12,True,False,False,False
nurse,军警职业,131,male nurse gifts,187110,2,2025-05;2025-12,True,False,False,False
nurse,军警职业,131,silent hill nurse dress,188607,1,2025-10,False,False,False,True
nurse,军警职业,131,halloween nurse costume,192636,1,2025-10,False,False,False,True
nurse,军警职业,131,nurse headbands,192775,3,2025-07;2025-08;2025-09,False,False,False,True
nurse,军警职业,131,nurse tshirt,195196,1,2025-05,False,False,False,True
nurse,军警职业,131,nurse hats for women scrub,198952,1,2025-01,False,False,False,True
y2k,风格审美,118,y2k tops,2821,12,2025-01;2025-02;2025-03;2025-04;2025-05;2025-06;2025-07;2025-08;2025-09;2025-10;2025-11;2025-12,False,False,False,True
y2k,风格审美,118,y2k,4326,12,2025-01;2025-02;2025-03;2025-04;2025-05;2025-06;2025-07;2025-08;2025-09;2025-10;2025-11;2025-12,False,False,False,True
y2k,风格审美,118,y2k clothes,7468,12,2025-01;2025-02;2025-03;2025-04;2025-05;2025-06;2025-07;2025-08;2025-09;2025-10;2025-11;2025-12,False,False,False,True
y2k,风格审美,118,y2k sunglasses,11212,12,2025-01;2025-02;2025-03;2025-04;2025-05;2025-06;2025-07;2025-08;2025-09;2025-10;2025-11;2025-12,False,False,False,True
y2k,风格审美,118,y2k accessories,16235,12,2025-01;2025-02;2025-03;2025-04;2025-05;2025-06;2025-07;2025-08;2025-09;2025-10;2025-11;2025-12,False,False,False,True
y2k,风格审美,118,y2k hoodie,17418,12,2025-01;2025-02;2025-03;2025-04;2025-05;2025-06;2025-07;2025-08;2025-09;2025-10;2025-11;2025-12,False,False,False,True
y2k,风格审美,118,y2k dress,21625,12,2025-01;2025-02;2025-03;2025-04;2025-05;2025-06;2025-07;2025-08;2025-09;2025-10;2025-11;2025-12,False,False,False,True
y2k,风格审美,118,y2k belt,22514,12,2025-01;2025-02;2025-03;2025-04;2025-05;2025-06;2025-07;2025-08;2025-09;2025-10;2025-11;2025-12,False,False,False,True
y2k,风格审美,118,y2k outfits for women,25191,11,2025-02;2025-03;2025-04;2025-05;2025-06;2025-07;2025-08;2025-09;2025-10;2025-11;2025-12,False,False,False,True
y2k,风格审美,118,y2k jeans,27245,12,2025-01;2025-02;2025-03;2025-04;2025-05;2025-06;2025-07;2025-08;2025-09;2025-10;2025-11;2025-12,False,False,False,True
y2k,风格审美,118,y2k top,27777,12,2025-01;2025-02;2025-03;2025-04;2025-05;2025-06;2025-07;2025-08;2025-09;2025-10;2025-11;2025-12,False,False,False,True
y2k,风格审美,118,y2k shirts,28768,12,2025-01;2025-02;2025-03;2025-04;2025-05;2025-06;2025-07;2025-08;2025-09;2025-10;2025-11;2025-12,False,False,False,True
y2k,风格审美,118,hoodies y2k,30998,12,2025-01;2025-02;2025-03;2025-04;2025-05;2025-06;2025-07;2025-08;2025-09;2025-10;2025-11;2025-12,False,False,False,True
y2k,风格审美,118,y2k tops for women,31100,12,2025-01;2025-02;2025-03;2025-04;2025-05;2025-06;2025-07;2025-08;2025-09;2025-10;2025-11;2025-12,False,False,False,True
y2k,风格审美,118,y2k pants,33072,12,2025-01;2025-02;2025-03;2025-04;2025-05;2025-06;2025-07;2025-08;2025-09;2025-10;2025-11;2025-12,False,False,False,True
y2k,风格审美,118,graphic tees y2k,34241,12,2025-01;2025-02;2025-03;2025-04;2025-05;2025-06;2025-07;2025-08;2025-09;2025-10;2025-11;2025-12,False,False,False,True
y2k,风格审美,118,y2k shorts,35291,12,2025-01;2025-02;2025-03;2025-04;2025-05;2025-06;2025-07;2025-08;2025-09;2025-10;2025-11;2025-12,False,False,False,True
y2k,风格审美,118,room decor y2k,35743,12,2025-01;2025-02;2025-03;2025-04;2025-05;2025-06;2025-07;2025-08;2025-09;2025-10;2025-11;2025-12,False,False,False,True
y2k,风格审美,118,leg warmers y2k,37779,12,2025-01;2025-02;2025-03;2025-04;2025-05;2025-06;2025-07;2025-08;2025-09;2025-10;2025-11;2025-12,False,False,False,True
y2k,风格审美,118,y2k purse,38037,12,2025-01;2025-02;2025-03;2025-04;2025-05;2025-06;2025-07;2025-08;2025-09;2025-10;2025-11;2025-12,False,False,False,True
y2k,风格审美,118,y2k skirt,42638,12,2025-01;2025-02;2025-03;2025-04;2025-05;2025-06;2025-07;2025-08;2025-09;2025-10;2025-11;2025-12,False,False,False,True
y2k,风格审美,118,y2k beanie,45410,11,2025-01;2025-02;2025-03;2025-04;2025-05;2025-06;2025-08;2025-09;2025-10;2025-11;2025-12,False,False,False,True
y2k,风格审美,118,y2k glasses,46401,12,2025-01;2025-02;2025-03;2025-04;2025-05;2025-06;2025-07;2025-08;2025-09;2025-10;2025-11;2025-12,False,False,False,True
y2k,风格审美,118,y2k room decor,46582,12,2025-01;2025-02;2025-03;2025-04;2025-05;2025-06;2025-07;2025-08;2025-09;2025-10;2025-11;2025-12,False,False,False,True
y2k,风格审美,118,shirts y2k,48312,8,2025-05;2025-06;2025-07;2025-08;2025-09;2025-10;2025-11;2025-12,False,False,False,True
y2k,风格审美,118,y2k backpack,49101,3,2025-06;2025-07;2025-08,False,False,False,True
y2k,风格审美,118,belts y2k,49339,12,2025-01;2025-02;2025-03;2025-04;2025-05;2025-06;2025-07;2025-08;2025-09;2025-10;2025-11;2025-12,False,False,False,True
y2k,风格审美,118,y2k shirt,49833,12,2025-01;2025-02;2025-03;2025-04;2025-05;2025-06;2025-07;2025-08;2025-09;2025-10;2025-11;2025-12,False,False,False,True
y2k,风格审美,118,y2k jacket,59092,12,2025-01;2025-02;2025-03;2025-04;2025-05;2025-06;2025-07;2025-08;2025-09;2025-10;2025-11;2025-12,False,False,False,True
y2k,风格审美,118,y2k swimsuit,59645,5,2025-03;2025-04;2025-05;2025-06;2025-07,False,False,False,True
y2k,风格审美,118,y2k bikini,60940,6,2025-02;2025-03;2025-04;2025-05;2025-06;2025-07,False,False,False,True
y2k,风格审美,118,y2k shoes,65061,12,2025-01;2025-02;2025-03;2025-04;2025-05;2025-06;2025-07;2025-08;2025-09;2025-10;2025-11;2025-12,False,False,False,True
y2k,风格审美,118,y2k stickers,65354,12,2025-01;2025-02;2025-03;2025-04;2025-05;2025-06;2025-07;2025-08;2025-09;2025-10;2025-11;2025-12,False,False,False,True
y2k,风格审美,118,y2k sweater,73921,7,2025-01;2025-02;2025-08;2025-09;2025-10;2025-11;2025-12,False,False,False,True
y2k,风格审美,118,y2k shirts men,77718,9,2025-04;2025-05;2025-06;2025-07;2025-08;2025-09;2025-10;2025-11;2025-12,False,False,False,True
y2k,风格审美,118,y2k bag,78872,12,2025-01;2025-02;2025-03;2025-04;2025-05;2025-06;2025-07;2025-08;2025-09;2025-10;2025-11;2025-12,False,False,False,True
y2k,风格审美,118,baggy jeans y2k,79468,12,2025-01;2025-02;2025-03;2025-04;2025-05;2025-06;2025-07;2025-08;2025-09;2025-10;2025-11;2025-12,False,False,False,True
y2k,风格审美,118,y2k tank top,80857,9,2025-02;2025-03;2025-04;2025-05;2025-06;2025-07;2025-08;2025-09;2025-10,False,False,False,True
y2k,风格审美,118,y2k jewelry,81363,12,2025-01;2025-02;2025-03;2025-04;2025-05;2025-06;2025-07;2025-08;2025-09;2025-10;2025-11;2025-12,False,False,True,False
y2k,风格审美,118,y2k hoodies,87912,11,2025-01;2025-02;2025-03;2025-04;2025-05;2025-07;2025-08;2025-09;2025-10;2025-11;2025-12,False,False,False,True
y2k,风格审美,118,stickers y2k,88036,6,2025-01;2025-05;2025-06;2025-07;2025-08;2025-09,False,False,False,True
y2k,风格审美,118,y2k sweatpants,88679,10,2025-01;2025-02;2025-03;2025-04;2025-07;2025-08;2025-09;2025-10;2025-11;2025-12,False,False,False,True
y2k,风格审美,118,y2k necklace,89817,12,2025-01;2025-02;2025-03;2025-04;2025-05;2025-06;2025-07;2025-08;2025-09;2025-10;2025-11;2025-12,False,False,True,False
y2k,风格审美,118,y2k summer tops,94126,5,2025-03;2025-04;2025-05;2025-06;2025-07,False,False,False,True
y2k,风格审美,118,y2k clothes men,97633,12,2025-01;2025-02;2025-03;2025-04;2025-05;2025-06;2025-07;2025-08;2025-09;2025-10;2025-11;2025-12,False,False,False,True
y2k,风格审美,118,y2k men,98433,10,2025-01;2025-02;2025-04;2025-05;2025-07;2025-08;2025-09;2025-10;2025-11;2025-12,False,False,False,True
y2k,风格审美,118,nail charms y2k,98753,11,2025-01;2025-02;2025-03;2025-04;2025-05;2025-06;2025-07;2025-08;2025-09;2025-11;2025-12,False,False,True,False
y2k,风格审美,118,y2k outfits,105494,4,2025-06;2025-07;2025-08;2025-09,False,False,False,True
y2k,风格审美,118,y2k party decorations,106598,11,2025-01;2025-02;2025-03;2025-04;2025-05;2025-06;2025-07;2025-08;2025-09;2025-10;2025-11,False,False,False,True
y2k,风格审美,118,y2k hoodie men,108114,5,2025-01;2025-09;2025-10;2025-11;2025-12,False,False,False,True
y2k,风格审美,118,jorts y2k,109586,8,2025-03;2025-04;2025-05;2025-06;2025-07;2025-08;2025-09;2025-10,False,False,False,True
y2k,风格审美,118,y2k tankini,112559,3,2025-05;2025-06;2025-07,False,False,False,True
y2k,风格审美,118,black shorts y2k,113376,1,2025-10,False,False,False,True
y2k,风格审美,118,y2k long sleeve top,113812,4,2025-09;2025-10;2025-11;2025-12,False,False,False,True
y2k,风格审美,118,y2k bathing suit,113841,3,2025-05;2025-06;2025-07,False,False,False,True
y2k,风格审美,118,hoodie y2k,113977,6,2025-02;2025-08;2025-09;2025-10;2025-11;2025-12,False,False,False,True
y2k,风格审美,118,y2k halter top,114418,6,2025-04;2025-05;2025-06;2025-07;2025-08;2025-09,False,False,False,True
y2k,风格审美,118,posters y2k,114678,8,2025-01;2025-02;2025-03;2025-04;2025-05;2025-06;2025-07;2025-08,False,False,False,True
y2k,风格审美,118,y2k hat,117051,12,2025-01;2025-02;2025-03;2025-04;2025-05;2025-06;2025-07;2025-08;2025-09;2025-10;2025-11;2025-12,False,False,False,True
y2k,风格审美,118,y2k halloween costumes,117837,1,2025-10,False,False,False,True
y2k,风格审美,118,jackets y2k,119933,5,2025-07;2025-08;2025-10;2025-11;2025-12,False,False,False,True
y2k,风格审美,118,y2k jersey,126300,4,2025-05;2025-07;2025-08;2025-09,False,False,False,True
y2k,风格审美,118,summer tops y2k,127170,2,2025-05;2025-06,False,False,False,True
y2k,风格审美,118,y2k keychain,127910,9,2025-01;2025-02;2025-03;2025-04;2025-05;2025-06;2025-07;2025-08;2025-09,False,False,False,True
y2k,风格审美,118,belt y2k,130533,4,2025-07;2025-08;2025-09;2025-10,False,False,False,True
y2k,风格审美,118,graphic tees for women y2k,131249,5,2025-02;2025-03;2025-04;2025-07;2025-08,False,False,False,True
y2k,风格审美,118,y2k sunglasses for women,133329,6,2025-04;2025-05;2025-06;2025-07;2025-08;2025-10,False,False,False,True
y2k,风格审美,118,y2k dresses,135228,8,2025-02;2025-03;2025-04;2025-05;2025-06;2025-07;2025-08;2025-09,False,False,False,True
y2k,风格审美,118,y2k graphic tee,136300,3,2025-06;2025-07;2025-08,False,False,False,True
y2k,风格审美,118,y2k earrings,137260,10,2025-01;2025-02;2025-03;2025-04;2025-05;2025-06;2025-07;2025-08;2025-09;2025-10,False,False,True,False
y2k,风格审美,118,y2k mens fashion,137450,1,2025-10,False,False,False,True
y2k,风格审美,118,y2k rug,142073,6,2025-01;2025-06;2025-07;2025-08;2025-11;2025-12,False,False,False,True
y2k,风格审美,118,y2k phone case,142655,11,2025-01;2025-02;2025-03;2025-04;2025-05;2025-06;2025-07;2025-08;2025-09;2025-11;2025-12,False,False,False,True
y2k,风格审美,118,tights y2k,143701,3,2025-07;2025-08;2025-10,False,False,False,True
y2k,风格审美,118,y2k belts,145599,5,2025-07;2025-08;2025-09;2025-11;2025-12,False,False,False,True
y2k,风格审美,118,y2k pants men,146086,5,2025-08;2025-09;2025-10;2025-11;2025-12,False,False,False,True
y2k,风格审美,118,y2k nails,150740,11,2025-01;2025-02;2025-03;2025-04;2025-05;2025-06;2025-07;2025-08;2025-09;2025-11;2025-12,False,False,False,True
y2k,风格审美,118,y2k hair accessories,152190,3,2025-07;2025-08;2025-09,False,False,False,True
y2k,风格审美,118,y2k sandals,155252,3,2025-05;2025-06;2025-07,False,False,False,True
y2k,风格审美,118,y2k clothes women,156123,7,2025-03;2025-05;2025-06;2025-07;2025-08;2025-11;2025-12,False,False,False,True
y2k,风格审美,118,beanie y2k,157280,2,2025-11;2025-12,False,False,False,True
y2k,风格审美,118,pins for backpacks y2k,159986,2,2025-07;2025-08,False,False,False,True
y2k,风格审美,118,suuksess women sexy square neck tank top summer y2k going out basic cami shirt,160795,2,2025-05;2025-07,False,False,False,True
y2k,风格审美,118,y2k bottoms,164755,3,2025-07;2025-08;2025-09,False,False,False,True
y2k,风格审美,118,y2k dress for women,165174,5,2025-04;2025-05;2025-06;2025-07;2025-08,False,False,False,True
y2k,风格审美,118,women lolita lace ruffled layered shorts y2k fairy tiered bloomers pumpkin party festival boy shorts,165784,1,2025-10,False,False,False,True
y2k,风格审美,118,y2k heels,166244,2,2025-08;2025-09,False,False,False,True
y2k,风格审美,118,y2k decor,167452,6,2025-06;2025-07;2025-08;2025-09;2025-11;2025-12,False,False,False,True
y2k,风格审美,118,spider hoodie y2k,167495,2,2025-01;2025-02,False,False,False,True
y2k,风格审美,118,y2k outfit,170830,2,2025-08;2025-09,False,False,False,True
y2k,风格审美,118,y2k zip up hoodie,172645,4,2025-08;2025-10;2025-11;2025-12,False,False,False,True
y2k,风格审美,118,y2k bracelets,172814,3,2025-07;2025-08;2025-09,False,False,True,False
y2k,风格审美,118,graphic tees men y2k,173918,2,2025-07;2025-08,False,False,False,True
y2k,风格审美,118,cute tops y2k,174680,1,2025-08,False,False,False,True
y2k,风格审美,118,y2k set,176099,2,2025-07;2025-08,False,False,False,True
y2k,风格审美,118,sunglasses y2k,176485,3,2025-05;2025-06;2025-07,False,False,False,True
y2k,风格审美,118,y2k sets 2 piece outfit,179328,3,2025-06;2025-07;2025-08,False,False,False,True
y2k,风格审美,118,y2k mini dress,179886,2,2025-05;2025-06,False,False,False,True
y2k,风格审美,118,y2k skirts,181067,1,2025-08,False,False,False,True
y2k,风格审美,118,y2k going out tops,181209,1,2025-09,False,False,False,True
y2k,风格审美,118,beanies y2k,184661,1,2025-01,False,False,False,True
y2k,风格审美,118,y2k mini skirt,184942,1,2025-10,False,False,False,True
y2k,风格审美,118,black y2k top,185863,4,2025-07;2025-08;2025-09;2025-10,False,False,False,True
y2k,风格审美,118,y2k accessories women,186634,2,2025-07;2025-08,False,False,False,True
y2k,风格审美,118,fur boots y2k,186751,1,2025-01,False,False,False,True
y2k,风格审美,118,y2k jeans men,187701,2,2025-08;2025-12,False,False,False,True
y2k,风格审美,118,baby tees for women y2k,188061,1,2025-04,False,False,False,True
y2k,风格审美,118,y2k rings,193542,1,2025-08,False,False,True,False
y2k,风格审美,118,y2k fashion,193980,1,2025-08,False,False,False,True
y2k,风格审美,118,y2k baggy jeans,195275,2,2025-11;2025-12,False,False,False,True
y2k,风格审美,118,babydoll tops y2k,195680,1,2025-08,False,False,False,True
y2k,风格审美,118,clothes y2k,195962,1,2025-11,False,False,False,True
y2k,风格审美,118,y2k baby tee,196768,3,2025-03;2025-04;2025-06,False,False,False,True
y2k,风格审美,118,fuzzy leg warmers y2k,196967,1,2025-10,False,False,False,True
y2k,风格审美,118,sweatpants y2k,197958,1,2025-08,False,False,False,True
y2k,风格审美,118,jean shorts y2k,198685,1,2025-08,False,False,False,True
y2k,风格审美,118,baby tees y2k,199658,1,2025-08,False,False,False,True
y2k,风格审美,118,loveimgs women y2k baggy barrel jeans overalls,199968,1,2025-08,False,False,False,True
gothic,风格审美,93,gothic dress,7220,12,2025-01;2025-02;2025-03;2025-04;2025-05;2025-06;2025-07;2025-08;2025-09;2025-10;2025-11;2025-12,False,False,False,True
gothic,风格审美,93,gothic clothes for women,8638,12,2025-01;2025-02;2025-03;2025-04;2025-05;2025-06;2025-07;2025-08;2025-09;2025-10;2025-11;2025-12,False,False,False,True
gothic,风格审美,93,gothic dresses for women,10715,12,2025-01;2025-02;2025-03;2025-04;2025-05;2025-06;2025-07;2025-08;2025-09;2025-10;2025-11;2025-12,False,False,False,True
gothic,风格审美,93,gothic decor,17263,12,2025-01;2025-02;2025-03;2025-04;2025-05;2025-06;2025-07;2025-08;2025-09;2025-10;2025-11;2025-12,False,False,False,True
gothic,风格审美,93,gothic jewelry,22651,12,2025-01;2025-02;2025-03;2025-04;2025-05;2025-06;2025-07;2025-08;2025-09;2025-10;2025-11;2025-12,False,False,True,False
gothic,风格审美,93,black gothic dress,25562,4,2025-07;2025-08;2025-09;2025-10,False,False,False,True
gothic,风格审美,93,gothic home decor,29720,12,2025-01;2025-02;2025-03;2025-04;2025-05;2025-06;2025-07;2025-08;2025-09;2025-10;2025-11;2025-12,False,False,False,True
gothic,风格审美,93,gothic,31625,12,2025-01;2025-02;2025-03;2025-04;2025-05;2025-06;2025-07;2025-08;2025-09;2025-10;2025-11;2025-12,False,False,False,True
gothic,风格审美,93,gothic skirt,38876,9,2025-04;2025-05;2025-06;2025-07;2025-08;2025-09;2025-10;2025-11;2025-12,False,False,False,True
gothic,风格审美,93,gothic christmas decor,39028,2,2025-11;2025-12,False,False,False,True
gothic,风格审美,93,gothic necklace,43093,11,2025-02;2025-03;2025-04;2025-05;2025-06;2025-07;2025-08;2025-09;2025-10;2025-11;2025-12,False,False,True,False
gothic,风格审美,93,mexican gothic,51168,12,2025-01;2025-02;2025-03;2025-04;2025-05;2025-06;2025-07;2025-08;2025-09;2025-10;2025-11;2025-12,False,False,False,True
gothic,风格审美,93,gothic earrings,52506,12,2025-01;2025-02;2025-03;2025-04;2025-05;2025-06;2025-07;2025-08;2025-09;2025-10;2025-11;2025-12,False,False,True,False
gothic,风格审美,93,gothic gifts,53930,2,2025-11;2025-12,True,False,False,False
gothic,风格审美,93,gothic tops for women,61408,11,2025-01;2025-02;2025-03;2025-04;2025-05;2025-06;2025-07;2025-08;2025-09;2025-10;2025-11,False,False,False,True
gothic,风格审美,93,gothic corset,62834,2,2025-09;2025-10,False,False,False,True
gothic,风格审美,93,gothic choker,65272,2,2025-09;2025-10,False,False,True,False
gothic,风格审美,93,gothic costumes for women,71384,1,2025-10,False,False,False,True
gothic,风格审美,93,gothic black dress,71517,2,2025-09;2025-10,False,False,False,True
gothic,风格审美,93,gothic cat tree,74214,12,2025-01;2025-02;2025-03;2025-04;2025-05;2025-06;2025-07;2025-08;2025-09;2025-10;2025-11;2025-12,False,False,False,True
gothic,风格审美,93,gothic wall decor,79010,12,2025-01;2025-02;2025-03;2025-04;2025-05;2025-06;2025-07;2025-08;2025-09;2025-10;2025-11;2025-12,False,False,False,True
gothic,风格审美,93,gothic curtains,80007,12,2025-01;2025-02;2025-03;2025-04;2025-05;2025-06;2025-07;2025-08;2025-09;2025-10;2025-11;2025-12,False,False,False,True
gothic,风格审美,93,gothic boots,84236,5,2025-08;2025-09;2025-10;2025-11;2025-12,False,False,False,True
gothic,风格审美,93,gothic rings,84899,12,2025-01;2025-02;2025-03;2025-04;2025-05;2025-06;2025-07;2025-08;2025-09;2025-10;2025-11;2025-12,False,False,True,False
gothic,风格审美,93,black gothic dress for women,88377,1,2025-10,False,False,False,True
gothic,风格审美,93,gothic shower curtain,91539,11,2025-01;2025-02;2025-03;2025-04;2025-05;2025-06;2025-07;2025-08;2025-09;2025-10;2025-11,False,False,False,True
gothic,风格审美,93,gothic clothes,96588,12,2025-01;2025-02;2025-03;2025-04;2025-05;2025-06;2025-07;2025-08;2025-09;2025-10;2025-11;2025-12,False,False,False,True
gothic,风格审美,93,gothic halloween decor,98407,2,2025-09;2025-10,False,False,False,True
gothic,风格审美,93,gothic lolita dress,100735,2,2025-09;2025-10,False,False,False,True
gothic,风格审美,93,gothic cross necklace,104088,3,2025-08;2025-09;2025-10,False,False,True,False
gothic,风格审美,93,gothic gifts for women,104820,1,2025-12,True,False,False,False
gothic,风格审美,93,gothic victorian dress,105244,2,2025-09;2025-10,False,False,False,True
gothic,风格审美,93,plus size gothic dress,106147,2,2025-09;2025-10,False,False,False,True
gothic,风格审美,93,gothic swimsuits for women,106445,3,2025-05;2025-06;2025-07,False,False,False,True
gothic,风格审美,93,gothic top,106657,2,2025-09;2025-10,False,False,False,True
gothic,风格审美,93,gothic wrapping paper,108883,2,2025-11;2025-12,False,False,False,True
gothic,风格审美,93,gothic christmas ornaments,109411,1,2025-11,False,False,False,True
gothic,风格审美,93,gothic rug,111073,11,2025-01;2025-02;2025-03;2025-04;2025-06;2025-07;2025-08;2025-09;2025-10;2025-11;2025-12,False,False,False,True
gothic,风格审美,93,gothic purse,111924,12,2025-01;2025-02;2025-03;2025-04;2025-05;2025-06;2025-07;2025-08;2025-09;2025-10;2025-11;2025-12,False,False,False,True
gothic,风格审美,93,gothic vampire dress,112638,1,2025-10,False,False,False,True
gothic,风格审美,93,gothic christmas,116024,1,2025-11,False,False,False,True
gothic,风格审美,93,gothic bedding,117701,7,2025-01;2025-06;2025-07;2025-08;2025-09;2025-10;2025-11,False,False,False,True
gothic,风格审美,93,gothic bathroom decor,120673,10,2025-01;2025-02;2025-03;2025-04;2025-05;2025-06;2025-07;2025-08;2025-09;2025-10,False,False,False,True
gothic,风格审美,93,gothic corset tops for women,121436,6,2025-05;2025-06;2025-07;2025-08;2025-09;2025-10,False,False,False,True
gothic,风格审美,93,gothic shoes,125449,4,2025-07;2025-08;2025-09;2025-10,False,False,False,True
gothic,风格审美,93,gothic accessories for woman,126966,2,2025-09;2025-10,False,False,False,True
gothic,风格审美,93,black corset dress gothic,128452,1,2025-10,False,False,False,True
gothic,风格审美,93,gothic jewelry for women,131068,4,2025-08;2025-09;2025-10;2025-12,False,False,True,False
gothic,风格审美,93,gothic halloween costumes women,136723,1,2025-10,False,False,False,True
gothic,风格审美,93,plus size gothic clothing,138902,4,2025-07;2025-08;2025-09;2025-10,False,False,False,True
gothic,风格审美,93,gothic wallpaper,139360,7,2025-01;2025-02;2025-03;2025-07;2025-08;2025-09;2025-10,False,False,False,True
gothic,风格审美,93,gothic boots for women,140227,2,2025-09;2025-10,False,False,False,True
gothic,风格审美,93,gothic crown,142238,1,2025-10,False,False,False,True
gothic,风格审美,93,gothic lamp,143301,7,2025-01;2025-07;2025-08;2025-09;2025-10;2025-11;2025-12,False,False,False,True
gothic,风格审美,93,gothic witch costume,144146,1,2025-10,False,False,False,True
gothic,风格审美,93,gothic makeup,144963,2,2025-09;2025-10,False,False,False,True
gothic,风格审美,93,gothic wedding dress,145005,3,2025-08;2025-09;2025-10,False,False,False,True
gothic,风格审美,93,gothic wall art,147994,2,2025-08;2025-09,False,False,False,True
gothic,风格审美,93,gothic belt,149595,2,2025-09;2025-10,False,False,False,True
gothic,风格审美,93,gothic accessories,150883,2,2025-09;2025-10,False,False,False,True
gothic,风格审美,93,white gothic dress,152403,1,2025-10,False,False,False,True
gothic,风格审美,93,gothic room decor,154115,6,2025-01;2025-07;2025-08;2025-09;2025-11;2025-12,False,False,False,True
gothic,风格审美,93,gothic dresses,156295,2,2025-09;2025-10,False,False,False,True
gothic,风格审美,93,gothic tops,157499,4,2025-06;2025-08;2025-09;2025-10,False,False,False,True
gothic,风格审美,93,victorian gothic dress,157723,1,2025-10,False,False,False,True
gothic,风格审美,93,gothic shirt,158816,2,2025-09;2025-10,False,False,False,True
gothic,风格审美,93,gothic press on nails,159792,3,2025-08;2025-09;2025-10,False,False,False,True
gothic,风格审美,93,gothic pants,161937,2,2025-09;2025-10,False,False,False,True
gothic,风格审美,93,gothic bedroom decor,163004,3,2025-07;2025-08;2025-09,False,False,False,True
gothic,风格审美,93,gothic earrings for women,164646,1,2025-10,False,False,True,False
gothic,风格审美,93,long black gothic dress,167830,1,2025-10,False,False,False,True
gothic,风格审美,93,gothic shirts for women,168104,2,2025-09;2025-10,False,False,False,True
gothic,风格审美,93,gothic choker necklace,170586,1,2025-10,False,False,True,False
gothic,风格审美,93,gothic witch dress,170935,1,2025-10,False,False,False,True
gothic,风格审美,93,gothic christmas wrapping paper,173781,1,2025-12,False,False,False,True
gothic,风格审美,93,gothic rings for women,173886,1,2025-10,False,False,True,False
gothic,风格审美,93,gothic necklaces for women,174081,1,2025-10,False,False,True,False
gothic,风格审美,93,gothic pants for women,175621,2,2025-08;2025-09,False,False,False,True
gothic,风格审美,93,gothic dress plus size,178077,1,2025-10,False,False,False,True
gothic,风格审美,93,gothic prom dress,179074,1,2025-04,False,False,False,True
gothic,风格审美,93,gothic vampire costume,179815,1,2025-10,False,False,False,True
gothic,风格审美,93,gothic lingerie,181731,2,2025-09;2025-10,False,False,False,True
gothic,风格审美,93,gothic headpiece,182871,1,2025-10,False,False,False,True
gothic,风格审美,93,black gothic skirt,183922,1,2025-10,False,False,False,True
gothic,风格审美,93,gothic tights,186453,1,2025-10,False,False,False,True
gothic,风格审美,93,gothic christmas decorations,190836,1,2025-11,False,False,False,True
gothic,风格审美,93,gothic tapestry,194113,2,2025-08;2025-09,False,False,False,True
gothic,风格审美,93,gothic corset dresses,197512,1,2025-10,False,False,False,True
gothic,风格审美,93,gothic stickers,198122,2,2025-08;2025-09,False,False,False,True
gothic,风格审美,93,gothic heels,198443,1,2025-09,False,False,False,True
gothic,风格审美,93,gothic hair accessories,198578,1,2025-10,False,False,False,True
gothic,风格审美,93,gothic swimsuit,198713,1,2025-06,False,False,False,True
gothic,风格审美,93,gothic vampire costume women,198863,1,2025-10,False,False,False,True
recovery,戒断康复,79,byoma hydrating recovery oil,8439,8,2025-01;2025-02;2025-03;2025-04;2025-05;2025-06;2025-07;2025-08,False,False,False,True
recovery,戒断康复,79,c section recovery must haves,17283,12,2025-01;2025-02;2025-03;2025-04;2025-05;2025-06;2025-07;2025-08;2025-09;2025-10;2025-11;2025-12,False,False,False,True
recovery,戒断康复,79,solar recovery spray,23333,6,2025-03;2025-04;2025-05;2025-06;2025-07;2025-08,False,False,False,True
recovery,戒断康复,79,recovery mud mask,33309,4,2025-01;2025-02;2025-03;2025-04,False,False,False,True
recovery,戒断康复,79,hysterectomy recovery must haves,35172,12,2025-01;2025-02;2025-03;2025-04;2025-05;2025-06;2025-07;2025-08;2025-09;2025-10;2025-11;2025-12,False,False,False,True
recovery,戒断康复,79,recovery sandals women,35699,9,2025-03;2025-04;2025-05;2025-06;2025-07;2025-08;2025-09;2025-10;2025-11,False,False,False,True
recovery,戒断康复,79,bioma recovery oil,38407,1,2025-01,False,False,False,True
recovery,戒断康复,79,recovery suit for dogs,40341,12,2025-01;2025-02;2025-03;2025-04;2025-05;2025-06;2025-07;2025-08;2025-09;2025-10;2025-11;2025-12,False,False,False,True
recovery,戒断康复,79,ursa major golden hour recovery cream,41740,10,2025-01;2025-02;2025-03;2025-04;2025-05;2025-06;2025-07;2025-10;2025-11;2025-12,False,False,False,True
recovery,戒断康复,79,recovery slides,48076,11,2025-02;2025-03;2025-04;2025-05;2025-06;2025-07;2025-08;2025-09;2025-10;2025-11;2025-12,False,False,False,True
recovery,戒断康复,79,dog surgery recovery suit,49515,6,2025-01;2025-02;2025-09;2025-10;2025-11;2025-12,False,False,False,True
recovery,戒断康复,79,mastectomy recovery supplies,51066,12,2025-01;2025-02;2025-03;2025-04;2025-05;2025-06;2025-07;2025-08;2025-09;2025-10;2025-11;2025-12,False,False,False,True
recovery,戒断康复,79,cat recovery suit,55407,12,2025-01;2025-02;2025-03;2025-04;2025-05;2025-06;2025-07;2025-08;2025-09;2025-10;2025-11;2025-12,False,False,False,True
recovery,戒断康复,79,dog recovery suit female,56293,12,2025-01;2025-02;2025-03;2025-04;2025-05;2025-06;2025-07;2025-08;2025-09;2025-10;2025-11;2025-12,False,False,False,True
recovery,戒断康复,79,recovery slides men,58393,11,2025-01;2025-03;2025-04;2025-05;2025-06;2025-07;2025-08;2025-09;2025-10;2025-11;2025-12,False,False,False,True
recovery,戒断康复,79,firefly recovery device,61987,10,2025-03;2025-04;2025-05;2025-06;2025-07;2025-08;2025-09;2025-10;2025-11;2025-12,False,False,False,True
recovery,戒断康复,79,c section recovery,63158,12,2025-01;2025-02;2025-03;2025-04;2025-05;2025-06;2025-07;2025-08;2025-09;2025-10;2025-11;2025-12,False,False,False,True
recovery,戒断康复,79,tummy tuck recovery must haves,64215,12,2025-01;2025-02;2025-03;2025-04;2025-05;2025-06;2025-07;2025-08;2025-09;2025-10;2025-11;2025-12,False,False,False,True
recovery,戒断康复,79,kinetic recovery rope,64653,12,2025-01;2025-02;2025-03;2025-04;2025-05;2025-06;2025-07;2025-08;2025-09;2025-10;2025-11;2025-12,False,False,False,True
recovery,戒断康复,79,dog recovery suit,66128,12,2025-01;2025-02;2025-03;2025-04;2025-05;2025-06;2025-07;2025-08;2025-09;2025-10;2025-11;2025-12,False,False,False,True
recovery,戒断康复,79,crocs mellow recovery slide,68157,11,2025-01;2025-02;2025-03;2025-04;2025-05;2025-06;2025-07;2025-08;2025-09;2025-10;2025-12,False,False,False,True
recovery,戒断康复,79,surgery recovery gifts for women,69202,11,2025-01;2025-02;2025-03;2025-04;2025-05;2025-06;2025-08;2025-09;2025-10;2025-11;2025-12,True,False,False,False
recovery,戒断康复,79,wisdom teeth recovery must haves,71867,10,2025-03;2025-04;2025-05;2025-06;2025-07;2025-08;2025-09;2025-10;2025-11;2025-12,False,False,False,True
recovery,戒断康复,79,post workout recovery powder,71964,11,2025-01;2025-02;2025-03;2025-04;2025-05;2025-06;2025-07;2025-08;2025-09;2025-10;2025-11,False,False,False,True
recovery,戒断康复,79,waterboy weekend recovery,72307,10,2025-03;2025-04;2025-05;2025-06;2025-07;2025-08;2025-09;2025-10;2025-11;2025-12,False,False,False,True
recovery,戒断康复,79,hoka recovery slides womens,79729,10,2025-03;2025-04;2025-05;2025-06;2025-07;2025-08;2025-09;2025-10;2025-11;2025-12,False,False,False,True
recovery,戒断康复,79,dog recovery suit male,86565,12,2025-01;2025-02;2025-03;2025-04;2025-05;2025-06;2025-07;2025-08;2025-09;2025-10;2025-11;2025-12,False,False,False,True
recovery,戒断康复,79,recovery rope,87310,7,2025-01;2025-02;2025-03;2025-04;2025-07;2025-11;2025-12,False,False,False,True
recovery,戒断康复,79,byoma recovery oil,90865,1,2025-01,False,False,False,True
recovery,戒断康复,79,cat surgery recovery suit female,91961,8,2025-01;2025-02;2025-03;2025-04;2025-05;2025-06;2025-07;2025-08,False,False,False,True
recovery,戒断康复,79,morning recovery,97212,12,2025-01;2025-02;2025-03;2025-04;2025-05;2025-06;2025-07;2025-08;2025-09;2025-10;2025-11;2025-12,False,False,False,True
recovery,戒断康复,79,wisdom teeth recovery,101052,4,2025-01;2025-02;2025-03;2025-06,False,False,False,True
recovery,戒断康复,79,muscle recovery,101255,12,2025-01;2025-02;2025-03;2025-04;2025-05;2025-06;2025-07;2025-08;2025-09;2025-10;2025-11;2025-12,False,False,False,True
recovery,戒断康复,79,frida mom c section recovery kit,103776,10,2025-01;2025-02;2025-03;2025-04;2025-05;2025-06;2025-07;2025-08;2025-09;2025-10,False,False,False,True
recovery,戒断康复,79,surgery recovery items,105655,12,2025-01;2025-02;2025-03;2025-04;2025-05;2025-06;2025-07;2025-08;2025-09;2025-10;2025-11;2025-12,False,False,False,True
recovery,戒断康复,79,recovery slides for women,105747,8,2025-01;2025-02;2025-03;2025-04;2025-05;2025-06;2025-07;2025-08,False,False,False,True
recovery,戒断康复,79,rockstar recovery,106504,2,2025-09;2025-12,False,False,False,True
recovery,戒断康复,79,cat recovery suit female,109505,11,2025-01;2025-02;2025-03;2025-04;2025-05;2025-06;2025-07;2025-08;2025-09;2025-10;2025-12,False,False,False,True
recovery,戒断康复,79,recovery strap,109916,5,2025-01;2025-02;2025-03;2025-11;2025-12,False,False,False,True
recovery,戒断康复,79,7 steps to inner child recovery free book,116756,1,2025-04,False,False,False,True
recovery,戒断康复,79,inner child recovery workbook,117221,4,2025-05;2025-06;2025-07;2025-08,False,False,False,True
recovery,戒断康复,79,suitical recovery suit for dogs,118528,10,2025-01;2025-02;2025-03;2025-04;2025-05;2025-06;2025-07;2025-08;2025-09;2025-10,False,False,False,True
recovery,戒断康复,79,hoka ora recovery slide 3,121359,7,2025-03;2025-04;2025-05;2025-06;2025-07;2025-08;2025-12,False,False,False,True
recovery,戒断康复,79,knee replacement recovery aids,121462,12,2025-01;2025-02;2025-03;2025-04;2025-05;2025-06;2025-07;2025-08;2025-09;2025-10;2025-11;2025-12,False,False,False,True
recovery,戒断康复,79,knee surgery recovery equipment,121694,12,2025-01;2025-02;2025-03;2025-04;2025-05;2025-06;2025-07;2025-08;2025-09;2025-10;2025-11;2025-12,False,False,False,True
recovery,戒断康复,79,nike recovery shoes,125720,1,2025-03,False,False,False,True
recovery,戒断康复,79,ac recovery machine,126401,3,2025-06;2025-07;2025-08,False,False,False,True
recovery,戒断康复,79,stim machine for muscle recovery,130629,12,2025-01;2025-02;2025-03;2025-04;2025-05;2025-06;2025-07;2025-08;2025-09;2025-10;2025-11;2025-12,False,False,False,True
recovery,戒断康复,79,hoka recovery slides men,134557,6,2025-03;2025-04;2025-05;2025-06;2025-07;2025-12,False,False,False,True
recovery,戒断康复,79,refrigerant recovery machine,134640,4,2025-05;2025-06;2025-07;2025-08,False,False,False,True
recovery,戒断康复,79,zilkee ultra recovery converter 2025,144652,2,2025-11;2025-12,False,False,False,True
recovery,戒断康复,79,hysterectomy recovery gifts,144920,8,2025-03;2025-04;2025-05;2025-06;2025-08;2025-09;2025-10;2025-11,True,False,False,False
recovery,戒断康复,79,joico moisture recovery,148556,4,2025-09;2025-10;2025-11;2025-12,False,False,False,True
recovery,戒断康复,79,grief recovery handbook,149887,4,2025-01;2025-02;2025-03;2025-09,False,False,False,True
recovery,戒断康复,79,leg recovery compression system,152111,1,2025-12,False,False,False,True
recovery,戒断康复,79,crocs recovery slide,157343,3,2025-03;2025-06;2025-07,False,False,False,True
recovery,戒断康复,79,dog surgical recovery suit female,158961,4,2025-01;2025-02;2025-03;2025-04,False,False,False,True
recovery,戒断康复,79,shoulder surgery recovery supplies,159792,5,2025-07;2025-08;2025-09;2025-10;2025-12,False,False,False,True
recovery,戒断康复,79,knee surgery recovery gifts,160403,1,2025-12,True,False,False,False
recovery,戒断康复,79,recovery sandals,160686,2,2025-05;2025-06,False,False,False,True
recovery,戒断康复,79,acl recovery must haves,162134,3,2025-02;2025-03;2025-04,False,False,False,True
recovery,戒断康复,79,marena recovery compression garment,164016,11,2025-01;2025-02;2025-03;2025-04;2025-05;2025-06;2025-07;2025-08;2025-09;2025-10;2025-12,False,False,False,True
recovery,戒断康复,79,bbl recovery must haves,167622,1,2025-08,False,False,False,True
recovery,戒断康复,79,breast reduction recovery supplies,172780,9,2025-01;2025-02;2025-03;2025-04;2025-05;2025-06;2025-07;2025-08;2025-09,False,False,False,True
recovery,戒断康复,79,solar recovery,176607,1,2025-06,False,False,False,True
recovery,戒断康复,79,recovery boards,177368,7,2025-01;2025-02;2025-03;2025-04;2025-07;2025-10;2025-11,False,False,False,True
recovery,戒断康复,79,recovery patches hangover,178919,4,2025-06;2025-07;2025-08;2025-09,False,False,False,True
recovery,戒断康复,79,dog recovery collars & cones,184149,1,2025-10,False,False,False,True
recovery,戒断康复,79,hip replacement recovery aids,184261,3,2025-09;2025-10;2025-12,False,False,False,True
recovery,戒断康复,79,rockstar recovery lemonade,185894,1,2025-12,False,False,False,True
recovery,戒断康复,79,hip surgery recovery supplies,187211,3,2025-02;2025-03;2025-04,False,False,False,True
recovery,戒断康复,79,life recovery bible,188288,2,2025-01;2025-03,False,False,False,True
recovery,戒断康复,79,dog spay recovery suit female,188544,3,2025-01;2025-02;2025-03,False,False,False,True
recovery,戒断康复,79,super recovery,189318,1,2025-05,False,False,False,True
recovery,戒断康复,79,cat spay recovery suit female,190950,1,2025-02,False,False,False,True
recovery,戒断康复,79,hip surgery recovery must haves,191487,1,2025-10,False,False,False,True
recovery,戒断康复,79,cat surgery recovery suits,193072,2,2025-10;2025-12,False,False,False,True
recovery,戒断康复,79,dog neuter recovery suit male,193650,2,2025-02;2025-03,False,False,False,True
recovery,戒断康复,79,oofos recovery sandals women,198626,1,2025-03,False,False,False,True
goth,风格审美,78,goth,12826,12,2025-01;2025-02;2025-03;2025-04;2025-05;2025-06;2025-07;2025-08;2025-09;2025-10;2025-11;2025-12,False,False,False,True
goth,风格审美,78,goth dress,19490,12,2025-01;2025-02;2025-03;2025-04;2025-05;2025-06;2025-07;2025-08;2025-09;2025-10;2025-11;2025-12,False,False,False,True
goth,风格审美,78,goth accessories,24736,12,2025-01;2025-02;2025-03;2025-04;2025-05;2025-06;2025-07;2025-08;2025-09;2025-10;2025-11;2025-12,False,False,False,True
goth,风格审美,78,goth clothes,33176,12,2025-01;2025-02;2025-03;2025-04;2025-05;2025-06;2025-07;2025-08;2025-09;2025-10;2025-11;2025-12,False,False,False,True
goth,风格审美,78,goth boots,37264,12,2025-01;2025-02;2025-03;2025-04;2025-05;2025-06;2025-07;2025-08;2025-09;2025-10;2025-11;2025-12,False,False,False,True
goth,风格审美,78,goth swimsuit,44269,6,2025-02;2025-03;2025-04;2025-05;2025-06;2025-07,False,False,False,True
goth,风格审美,78,goth skirt,48095,12,2025-01;2025-02;2025-03;2025-04;2025-05;2025-06;2025-07;2025-08;2025-09;2025-10;2025-11;2025-12,False,False,False,True
goth,风格审美,78,goth christmas decor,53482,1,2025-11,False,False,False,True
goth,风格审美,78,goth gifts,58870,2,2025-11;2025-12,True,False,False,False
goth,风格审美,78,goth makeup,71427,12,2025-01;2025-02;2025-03;2025-04;2025-05;2025-06;2025-07;2025-08;2025-09;2025-10;2025-11;2025-12,False,False,False,True
goth,风格审美,78,goth shoes,71863,12,2025-01;2025-02;2025-03;2025-04;2025-05;2025-06;2025-07;2025-08;2025-09;2025-10;2025-11;2025-12,False,False,False,True
goth,风格审美,78,goth top,71863,9,2025-04;2025-05;2025-06;2025-07;2025-08;2025-09;2025-10;2025-11;2025-12,False,False,False,True
goth,风格审美,78,goth dress for women,76824,10,2025-01;2025-02;2025-03;2025-04;2025-05;2025-06;2025-07;2025-08;2025-09;2025-10,False,False,False,True
goth,风格审美,78,goth decor,78897,12,2025-01;2025-02;2025-03;2025-04;2025-05;2025-06;2025-07;2025-08;2025-09;2025-10;2025-11;2025-12,False,False,False,True
goth,风格审美,78,goth jewelry,79096,12,2025-01;2025-02;2025-03;2025-04;2025-05;2025-06;2025-07;2025-08;2025-09;2025-10;2025-11;2025-12,False,False,True,False
goth,风格审美,78,goth earrings,80262,12,2025-01;2025-02;2025-03;2025-04;2025-05;2025-06;2025-07;2025-08;2025-09;2025-10;2025-11;2025-12,False,False,True,False
goth,风格审美,78,goth christmas,82286,2,2025-11;2025-12,False,False,False,True
goth,风格审美,78,gothdark women's 2025 summer floral print vintage goth dress mesh spliced double-layered irregular h,85087,2,2025-04;2025-06,False,False,False,True
goth,风格审美,78,goth belt,85508,12,2025-01;2025-02;2025-03;2025-04;2025-05;2025-06;2025-07;2025-08;2025-09;2025-10;2025-11;2025-12,False,False,False,True
goth,风格审美,78,goth necklace,86046,11,2025-02;2025-03;2025-04;2025-05;2025-06;2025-07;2025-08;2025-09;2025-10;2025-11;2025-12,False,False,True,False
goth,风格审美,78,goth gifts for women,88993,1,2025-12,True,False,False,False
goth,风格审美,78,goth pants,92660,12,2025-01;2025-02;2025-03;2025-04;2025-05;2025-06;2025-07;2025-08;2025-09;2025-10;2025-11;2025-12,False,False,False,True
goth,风格审美,78,goth shirt,95091,11,2025-02;2025-03;2025-04;2025-05;2025-06;2025-07;2025-08;2025-09;2025-10;2025-11;2025-12,False,False,False,True
goth,风格审美,78,goth purse,95845,12,2025-01;2025-02;2025-03;2025-04;2025-05;2025-06;2025-07;2025-08;2025-09;2025-10;2025-11;2025-12,False,False,False,True
goth,风格审美,78,black goth dress,96290,2,2025-09;2025-10,False,False,False,True
goth,风格审美,78,goth bikini,96702,5,2025-03;2025-04;2025-05;2025-06;2025-07,False,False,False,True
goth,风格审美,78,corporate goth,97500,7,2025-02;2025-05;2025-06;2025-07;2025-08;2025-09;2025-10,False,False,False,True
goth,风格审美,78,goth bathing suit,101354,5,2025-03;2025-04;2025-05;2025-06;2025-07,False,False,False,True
goth,风格审美,78,goth clothes for women,102329,12,2025-01;2025-02;2025-03;2025-04;2025-05;2025-06;2025-07;2025-08;2025-09;2025-10;2025-11;2025-12,False,False,False,True
goth,风格审美,78,goth sandals,105958,4,2025-04;2025-05;2025-06;2025-07,False,False,False,True
goth,风格审美,78,goth christmas sweater,107483,2,2025-11;2025-12,False,False,False,True
goth,风格审美,78,white foundation goth,107755,2,2025-09;2025-10,False,False,False,True
goth,风格审美,78,goth corset,113205,2,2025-09;2025-10,False,False,False,True
goth,风格审美,78,goth choker,114751,2,2025-09;2025-10,False,False,True,False
goth,风格审美,78,goth car accessories,114945,10,2025-01;2025-02;2025-03;2025-04;2025-05;2025-06;2025-07;2025-08;2025-09;2025-10,False,False,False,True
goth,风格审美,78,goth stickers,115979,12,2025-01;2025-02;2025-03;2025-04;2025-05;2025-06;2025-07;2025-08;2025-09;2025-10;2025-11;2025-12,False,False,False,True
goth,风格审美,78,goth tops for women,126033,7,2025-03;2025-04;2025-05;2025-07;2025-08;2025-09;2025-10,False,False,False,True
goth,风格审美,78,goth swimsuits for women,126320,2,2025-05;2025-06,False,False,False,True
goth,风格审美,78,goth makeup kit,126577,2,2025-10;2025-12,False,False,False,True
goth,风格审美,78,goth tops,127017,9,2025-01;2025-02;2025-03;2025-05;2025-06;2025-07;2025-08;2025-09;2025-10,False,False,False,True
goth,风格审美,78,goth heels,128029,3,2025-08;2025-09;2025-10,False,False,False,True
goth,风格审美,78,goth boots for women,129962,3,2025-08;2025-09;2025-10,False,False,False,True
goth,风格审美,78,goth room decor,134918,11,2025-01;2025-02;2025-03;2025-04;2025-05;2025-06;2025-07;2025-08;2025-09;2025-11;2025-12,False,False,False,True
goth,风格审美,78,goth rings,136710,6,2025-02;2025-07;2025-08;2025-09;2025-10;2025-12,False,False,True,False
goth,风格审美,78,goth valentines gifts,136806,1,2025-02,True,False,False,False
goth,风格审美,78,goth wrapping paper,138637,1,2025-12,False,False,False,True
goth,风格审美,78,goth cat tree,140123,9,2025-01;2025-02;2025-03;2025-04;2025-05;2025-06;2025-07;2025-08;2025-09,False,False,False,True
goth,风格审美,78,goth shorts,143793,6,2025-04;2025-05;2025-06;2025-07;2025-08;2025-09,False,False,False,True
goth,风格审美,78,goth tights,144963,3,2025-08;2025-09;2025-10,False,False,False,True
goth,风格审美,78,goth lingerie,145669,10,2025-01;2025-02;2025-03;2025-05;2025-06;2025-07;2025-08;2025-09;2025-10;2025-12,False,False,False,True
goth,风格审美,78,goth press on nails,147823,5,2025-05;2025-07;2025-08;2025-09;2025-10,False,False,False,True
goth,风格审美,78,goth hair accessories,151401,4,2025-07;2025-08;2025-09;2025-10,False,False,False,True
goth,风格审美,78,goth backpack,155414,2,2025-07;2025-08,False,False,False,True
goth,风格审美,78,black lipstick goth,160846,1,2025-10,False,False,False,True
goth,风格审美,78,goth nails,161992,3,2025-08;2025-09;2025-10,False,False,False,True
goth,风格审美,78,goth sweater,165881,3,2025-10;2025-11;2025-12,False,False,False,True
goth,风格审美,78,goth girl gifts,169597,1,2025-12,True,False,False,False
goth,风格审美,78,goth rug,170365,1,2025-09,False,False,False,True
goth,风格审美,78,goth valentines,170631,1,2025-01,False,False,False,True
goth,风格审美,78,goth jewelry for women,171542,1,2025-10,False,False,True,False
goth,风格审美,78,goth bracelets,172357,3,2025-08;2025-09;2025-10,False,False,True,False
goth,风格审美,78,goth dresses,175740,1,2025-09,False,False,False,True
goth,风格审美,78,goth lingerie for women,177829,1,2025-02,False,False,False,True
goth,风格审美,78,pastel goth,180866,4,2025-08;2025-09;2025-11;2025-12,False,False,False,True
goth,风格审美,78,corporate goth clothing women,181067,1,2025-08,False,False,False,True
goth,风格审美,78,goth outfits for women,184335,1,2025-09,False,False,False,True
goth,风格审美,78,plus size goth dress,185863,1,2025-10,False,False,False,True
goth,风格审美,78,goth home decor,186615,2,2025-08;2025-09,False,False,False,True
goth,风格审美,78,goth prom dress,186948,1,2025-04,False,False,False,True
goth,风格审美,78,goth sunglasses,187794,4,2025-05;2025-06;2025-07;2025-08,False,False,False,True
goth,风格审美,78,goth shoes for women,193620,1,2025-09,False,False,False,True
goth,风格审美,78,goth summer dress,193951,1,2025-06,False,False,False,True
goth,风格审美,78,goth accessories for women,194562,1,2025-10,False,False,False,True
goth,风格审美,78,plus size goth,195085,1,2025-09,False,False,False,True
goth,风格审美,78,goth shower curtain,196007,2,2025-08;2025-09,False,False,False,True
goth,风格审美,78,goth wallet,197402,1,2025-08,False,False,False,True
goth,风格审美,78,black goth skirt,197658,1,2025-10,False,False,False,True
goth,风格审美,78,goth bag,198272,1,2025-08,False,False,False,True
military,军警职业,75,gas masks survival nuclear and chemical military grade,6285,11,2025-01;2025-02;2025-03;2025-04;2025-05;2025-06;2025-07;2025-08;2025-09;2025-10;2025-11,False,False,False,True
military,军警职业,75,mre meals military 2025,9979,11,2025-02;2025-03;2025-04;2025-05;2025-06;2025-07;2025-08;2025-09;2025-10;2025-11;2025-12,False,False,False,True
military,军警职业,75,military movies,12793,12,2025-01;2025-02;2025-03;2025-04;2025-05;2025-06;2025-07;2025-08;2025-09;2025-10;2025-11;2025-12,False,False,False,True
military,军警职业,75,military backpack,16104,12,2025-01;2025-02;2025-03;2025-04;2025-05;2025-06;2025-07;2025-08;2025-09;2025-10;2025-11;2025-12,False,False,False,True
military,军警职业,75,mre meals military 2024,25031,2,2025-01;2025-02,False,False,False,True
military,军警职业,75,military gear,33516,12,2025-01;2025-02;2025-03;2025-04;2025-05;2025-06;2025-07;2025-08;2025-09;2025-10;2025-11;2025-12,False,False,False,True
military,军警职业,75,military costume,35351,2,2025-09;2025-10,False,False,False,True
military,军警职业,75,military watches for men,36600,12,2025-01;2025-02;2025-03;2025-04;2025-05;2025-06;2025-07;2025-08;2025-09;2025-10;2025-11;2025-12,False,False,False,True
military,军警职业,75,military boots,38643,12,2025-01;2025-02;2025-03;2025-04;2025-05;2025-06;2025-07;2025-08;2025-09;2025-10;2025-11;2025-12,False,False,False,True
military,军警职业,75,lego military,41089,12,2025-01;2025-02;2025-03;2025-04;2025-05;2025-06;2025-07;2025-08;2025-09;2025-10;2025-11;2025-12,False,False,False,True
military,军警职业,75,military costume women,42901,1,2025-10,False,False,False,True
military,军警职业,75,military surplus,47473,12,2025-01;2025-02;2025-03;2025-04;2025-05;2025-06;2025-07;2025-08;2025-09;2025-10;2025-11;2025-12,False,False,False,True
military,军警职业,75,military watch,48373,12,2025-01;2025-02;2025-03;2025-04;2025-05;2025-06;2025-07;2025-08;2025-09;2025-10;2025-11;2025-12,False,False,False,True
military,军警职业,75,military,50095,12,2025-01;2025-02;2025-03;2025-04;2025-05;2025-06;2025-07;2025-08;2025-09;2025-10;2025-11;2025-12,False,False,False,True
military,军警职业,75,military toys,53657,12,2025-01;2025-02;2025-03;2025-04;2025-05;2025-06;2025-07;2025-08;2025-09;2025-10;2025-11;2025-12,False,False,False,True
military,军警职业,75,military vest,57467,11,2025-01;2025-02;2025-03;2025-04;2025-05;2025-06;2025-07;2025-08;2025-09;2025-10;2025-11,False,False,False,True
military,军警职业,75,dog tags military,63262,9,2025-02;2025-03;2025-04;2025-05;2025-06;2025-07;2025-08;2025-09;2025-10,False,False,False,True
military,军警职业,75,cac reader military,64039,12,2025-01;2025-02;2025-03;2025-04;2025-05;2025-06;2025-07;2025-08;2025-09;2025-10;2025-11;2025-12,False,False,False,True
military,军警职业,75,military costume for kids,65068,2,2025-09;2025-10,False,False,False,True
military,军警职业,75,starscope monocular military grade,66853,10,2025-02;2025-03;2025-04;2025-05;2025-06;2025-07;2025-09;2025-10;2025-11;2025-12,False,False,False,True
military,军警职业,75,military jackets for men,69779,8,2025-01;2025-02;2025-03;2025-04;2025-09;2025-10;2025-11;2025-12,False,False,False,True
military,军警职业,75,purple up for military kids shirt,74043,2,2025-03;2025-04,False,False,False,True
military,军警职业,75,military helmet,74352,12,2025-01;2025-02;2025-03;2025-04;2025-05;2025-06;2025-07;2025-08;2025-09;2025-10;2025-11;2025-12,False,False,False,True
military,军警职业,75,survival kits military grade,75995,7,2025-01;2025-02;2025-03;2025-06;2025-10;2025-11;2025-12,False,False,False,True
military,军警职业,75,military lego sets,77775,2,2025-11;2025-12,False,False,False,True
military,军警职业,75,military smart watches for men,88024,12,2025-01;2025-02;2025-03;2025-04;2025-05;2025-06;2025-07;2025-08;2025-09;2025-10;2025-11;2025-12,False,False,False,True
military,军警职业,75,gas mask military,92016,2,2025-01;2025-06,False,False,False,True
military,军警职业,75,military belt,92180,12,2025-01;2025-02;2025-03;2025-04;2025-05;2025-06;2025-07;2025-08;2025-09;2025-10;2025-11;2025-12,False,False,False,True
military,军警职业,75,chubbycable spyblocker - military-grade privacy screen with magic installer & self-cleaning adhesive,104796,2,2025-03;2025-04,False,False,False,True
military,军警职业,75,military dog tags,107517,6,2025-02;2025-03;2025-05;2025-06;2025-09;2025-10,False,False,False,True
military,军警职业,75,military jacket,108283,7,2025-01;2025-02;2025-03;2025-09;2025-10;2025-11;2025-12,False,False,False,True
military,军警职业,75,coyote brown shirts military,108326,7,2025-02;2025-03;2025-04;2025-05;2025-06;2025-07;2025-08,False,False,False,True
military,军警职业,75,military boots for men,109644,12,2025-01;2025-02;2025-03;2025-04;2025-05;2025-06;2025-07;2025-08;2025-09;2025-10;2025-11;2025-12,False,False,False,True
military,军警职业,75,military jacket women,110441,6,2025-01;2025-02;2025-03;2025-09;2025-10;2025-11,False,False,False,True
military,军警职业,75,men's military & tactical boots,114648,5,2025-01;2025-02;2025-03;2025-04;2025-05,False,False,False,True
military,军警职业,75,kids military costume,115109,1,2025-10,False,False,False,True
military,军警职业,75,garmont boots military,115907,12,2025-01;2025-02;2025-03;2025-04;2025-05;2025-06;2025-07;2025-08;2025-09;2025-10;2025-11;2025-12,False,False,False,True
military,军警职业,75,military legos,117640,2,2025-11;2025-12,False,False,False,True
military,军警职业,75,military duffle bag,120536,11,2025-01;2025-02;2025-03;2025-04;2025-05;2025-06;2025-07;2025-08;2025-09;2025-10;2025-12,False,False,False,True
military,军警职业,75,cac card reader military,122036,9,2025-01;2025-02;2025-03;2025-04;2025-05;2025-06;2025-07;2025-08;2025-09,False,False,False,True
military,军警职业,75,military child month shirt,122776,1,2025-04,False,False,False,True
military,军警职业,75,military gifts for men,124473,1,2025-12,True,False,False,False
military,军警职业,75,military hat,129601,2,2025-09;2025-10,False,False,False,True
military,军警职业,75,iphone 17 pro max case military grade,132766,4,2025-09;2025-10;2025-11;2025-12,False,False,False,True
military,军警职业,75,military pants,134263,4,2025-01;2025-02;2025-09;2025-10,False,False,False,True
military,军警职业,75,jordan 4 military black,135235,2,2025-01;2025-08,False,False,False,True
military,军警职业,75,military costume men,137574,1,2025-10,False,False,False,True
military,军警职业,75,military patches,142346,12,2025-01;2025-02;2025-03;2025-04;2025-05;2025-06;2025-07;2025-08;2025-09;2025-10;2025-11;2025-12,False,False,False,True
military,军警职业,75,lego military minifigures,142716,9,2025-01;2025-02;2025-03;2025-04;2025-05;2025-06;2025-07;2025-08;2025-11,False,False,False,True
military,军警职业,75,boonie hats for men military,144390,4,2025-04;2025-05;2025-06;2025-07,False,False,False,True
military,军警职业,75,military flashlight,145270,1,2025-01,False,False,False,True
military,军警职业,75,military backpack for men,146885,9,2025-01;2025-02;2025-03;2025-04;2025-05;2025-06;2025-07;2025-08;2025-09,False,False,False,True
military,军警职业,75,military romance,148203,7,2025-01;2025-02;2025-03;2025-04;2025-05;2025-06;2025-08,False,False,False,True
military,军警职业,75,"case with slide camera cover & rotatable ring kickstand, military - grade shockproof protective case",150404,1,2025-09,False,False,False,True
military,军警职业,75,p38 can opener military,150592,1,2025-12,False,False,False,True
military,军警职业,75,belleville military boots,153786,8,2025-01;2025-02;2025-03;2025-04;2025-05;2025-06;2025-07;2025-08,False,False,False,True
military,军警职业,75,military knife,160419,4,2025-01;2025-02;2025-03;2025-06,False,False,False,True
military,军警职业,75,vital flex core ab stimulator military grade,161577,2,2025-03;2025-04,False,False,False,True
military,军警职业,75,gasmask military grade,162675,1,2025-06,False,False,False,True
military,军警职业,75,military flags,163898,1,2025-05,False,False,False,True
military,军警职业,75,boot blousers military,168719,7,2025-02;2025-03;2025-04;2025-05;2025-06;2025-08;2025-09,False,False,False,True
military,军警职业,75,the secrets and lies of military wives,168725,1,2025-03,False,False,False,True
military,军警职业,75,military shirts for men,171284,2,2025-05;2025-06,False,False,False,True
military,军警职业,75,military coin holder display,171942,6,2025-03;2025-05;2025-06;2025-08;2025-11;2025-12,False,False,False,True
military,军警职业,75,military toys for boys age 8-12,174115,1,2025-12,False,False,False,True
military,军警职业,75,military action figures,180700,2,2025-11;2025-12,False,False,False,True
military,军警职业,75,military gloves,180764,2,2025-01;2025-10,False,False,False,True
military,军警职业,75,military poncho,183072,4,2025-01;2025-02;2025-03;2025-05,False,False,False,True
military,军警职业,75,military gifts,183225,1,2025-12,True,False,False,False
military,军警职业,75,military & war,186214,1,2025-05,False,False,False,True
military,军警职业,75,military smart watch,187988,1,2025-12,False,False,False,True
military,军警职业,75,lego military vehicles,188771,1,2025-11,False,False,False,True
military,军警职业,75,iphone 17 pro case military grade,193046,1,2025-09,False,False,False,True
military,军警职业,75,military hats for men,198151,1,2025-06,False,False,False,True
military,军警职业,75,military pants for men,198456,1,2025-10,False,False,False,True
anxiety,心理健康,70,thunder shirt for dogs anxiety,4124,12,2025-01;2025-02;2025-03;2025-04;2025-05;2025-06;2025-07;2025-08;2025-09;2025-10;2025-11;2025-12,False,False,False,True
anxiety,心理健康,70,gifts for people with anxiety,8249,1,2025-10,True,False,False,False
anxiety,心理健康,70,anxiety relief items,8617,12,2025-01;2025-02;2025-03;2025-04;2025-05;2025-06;2025-07;2025-08;2025-09;2025-10;2025-11;2025-12,False,False,False,True
anxiety,心理健康,70,anxiety,10368,12,2025-01;2025-02;2025-03;2025-04;2025-05;2025-06;2025-07;2025-08;2025-09;2025-10;2025-11;2025-12,False,False,False,True
anxiety,心理健康,70,beyond anxiety martha beck,11321,3,2025-01;2025-02;2025-03,False,False,False,True
anxiety,心理健康,70,anxiety ring,11764,12,2025-01;2025-02;2025-03;2025-04;2025-05;2025-06;2025-07;2025-08;2025-09;2025-10;2025-11;2025-12,False,False,True,False
anxiety,心理健康,70,anxiety doechii,12805,6,2025-02;2025-03;2025-04;2025-05;2025-06;2025-07,False,False,False,True
anxiety,心理健康,70,anxiety relief for dogs diffuser,17580,1,2025-01,False,False,False,True
anxiety,心理健康,70,dog calming pheromone anxiety diffuser,19421,1,2025-01,False,False,False,True
anxiety,心理健康,70,anxiety bookshelf,21827,12,2025-01;2025-02;2025-03;2025-04;2025-05;2025-06;2025-07;2025-08;2025-09;2025-10;2025-11;2025-12,False,False,False,True
anxiety,心理健康,70,anxiety rings for women,28127,12,2025-01;2025-02;2025-03;2025-04;2025-05;2025-06;2025-07;2025-08;2025-09;2025-10;2025-11;2025-12,False,False,True,False
anxiety,心理健康,70,martha beck beyond anxiety,30710,2,2025-01;2025-02,False,False,False,True
anxiety,心理健康,70,dog anxiety relief,34795,12,2025-01;2025-02;2025-03;2025-04;2025-05;2025-06;2025-07;2025-08;2025-09;2025-10;2025-11;2025-12,False,False,False,True
anxiety,心理健康,70,anxiety costume adult,37167,2,2025-09;2025-10,False,False,False,True
anxiety,心理健康,70,magnesium spray for sleep and anxiety,39946,4,2025-01;2025-02;2025-03;2025-04,False,False,False,True
anxiety,心理健康,70,dog calming chews - anxiety relief treats,41866,8,2025-01;2025-02;2025-03;2025-04;2025-05;2025-06;2025-07;2025-08,False,False,False,True
anxiety,心理健康,70,thunder vest for dogs anxiety,46616,4,2025-04;2025-05;2025-06;2025-07,False,False,False,True
anxiety,心理健康,70,anxiety relief,47507,12,2025-01;2025-02;2025-03;2025-04;2025-05;2025-06;2025-07;2025-08;2025-09;2025-10;2025-11;2025-12,False,False,False,True
anxiety,心理健康,70,anxiety relief for dogs,49602,12,2025-01;2025-02;2025-03;2025-04;2025-05;2025-06;2025-07;2025-08;2025-09;2025-10;2025-11;2025-12,False,False,False,True
anxiety,心理健康,70,weighted highland cow for anxiety,51524,4,2025-09;2025-10;2025-11;2025-12,False,False,False,True
anxiety,心理健康,70,calm carry anxiety device,53567,11,2025-01;2025-02;2025-03;2025-04;2025-05;2025-07;2025-08;2025-09;2025-10;2025-11;2025-12,False,False,False,True
anxiety,心理健康,70,beyond anxiety,59048,1,2025-01,False,False,False,True
anxiety,心理健康,70,weighted blanket for anxiety,59487,5,2025-08;2025-09;2025-10;2025-11;2025-12,False,False,False,True
anxiety,心理健康,70,anxiety clean,60220,3,2025-03;2025-04;2025-05,False,False,False,True
anxiety,心理健康,70,calming chews for dogs anxiety,60439,4,2025-05;2025-06;2025-07;2025-08,False,False,False,True
anxiety,心理健康,70,weighted stuffed animals for anxiety,62621,7,2025-02;2025-04;2025-08;2025-09;2025-10;2025-11;2025-12,False,False,False,True
anxiety,心理健康,70,anxiety and stress relief supplements,65178,5,2025-08;2025-09;2025-10;2025-11;2025-12,False,False,False,True
anxiety,心理健康,70,dog anxiety vest,70948,12,2025-01;2025-02;2025-03;2025-04;2025-05;2025-06;2025-07;2025-08;2025-09;2025-10;2025-11;2025-12,False,False,False,True
anxiety,心理健康,70,gifts+for+people+with+anxiety,74789,1,2025-10,True,False,False,False
anxiety,心理健康,70,anti anxiety coloring book,78116,2,2025-10;2025-11,False,False,False,True
anxiety,心理健康,70,dog thunder jacket anxiety calming vest,81062,4,2025-04;2025-05;2025-06;2025-07,False,False,False,True
anxiety,心理健康,70,anxiety costume,84456,1,2025-10,False,False,False,True
anxiety,心理健康,70,anxiety rings,84721,12,2025-01;2025-02;2025-03;2025-04;2025-05;2025-06;2025-07;2025-08;2025-09;2025-10;2025-11;2025-12,False,False,True,False
anxiety,心理健康,70,anxiety pen,89369,8,2025-01;2025-04;2025-06;2025-07;2025-08;2025-09;2025-10;2025-11,False,False,False,True
anxiety,心理健康,70,adult fidgets for anxiety and stress,91000,9,2025-01;2025-02;2025-03;2025-04;2025-05;2025-06;2025-07;2025-08;2025-12,False,False,False,True
anxiety,心理健康,70,worry stones for anxiety,94340,12,2025-01;2025-02;2025-03;2025-04;2025-05;2025-06;2025-07;2025-08;2025-09;2025-10;2025-11;2025-12,False,False,False,True
anxiety,心理健康,70,anxiety relief items for women,98668,2,2025-01;2025-02,False,False,False,True
anxiety,心理健康,70,calm carry anxiety device glowco,98854,1,2025-12,False,False,False,True
anxiety,心理健康,70,weighted hoodie for anxiety,104967,5,2025-01;2025-02;2025-10;2025-11;2025-12,False,False,False,True
anxiety,心理健康,70,valerian root for anxiety,106584,6,2025-01;2025-02;2025-03;2025-04;2025-05;2025-06,False,False,False,True
anxiety,心理健康,70,comfort hoodie for anxiety,113884,2,2025-01;2025-02,False,False,False,True
anxiety,心理健康,70,anxiety supplements,117377,10,2025-01;2025-02;2025-03;2025-04;2025-05;2025-06;2025-07;2025-08;2025-09;2025-10,False,False,False,True
anxiety,心理健康,70,magnesium for sleep and anxiety,119768,8,2025-01;2025-02;2025-03;2025-04;2025-05;2025-08;2025-09;2025-10,False,False,False,True
anxiety,心理健康,70,thunder jacket for dogs anxiety,121279,5,2025-01;2025-03;2025-04;2025-05;2025-06,False,False,False,True
anxiety,心理健康,70,a 30-day devotional for women: from fear & anxiety to faith and lasting peace in just 10 minutes a d,123180,1,2025-10,False,False,False,True
anxiety,心理健康,70,the anatomy of anxiety,124119,1,2025-05,False,False,False,True
anxiety,心理健康,70,fidget rings for anxiety,126300,7,2025-03;2025-04;2025-05;2025-06;2025-07;2025-08;2025-09,False,False,True,False
anxiety,心理健康,70,cat anxiety relief,135746,10,2025-01;2025-02;2025-03;2025-04;2025-05;2025-06;2025-07;2025-08;2025-09;2025-10,False,False,False,True
anxiety,心理健康,70,dog anxiety,142227,7,2025-01;2025-02;2025-03;2025-06;2025-07;2025-09;2025-12,False,False,False,True
anxiety,心理健康,70,anxiety hoodie,142232,1,2025-12,False,False,False,True
anxiety,心理健康,70,thundershirt for dogs anxiety,143591,2,2025-06;2025-07,False,False,False,True
anxiety,心理健康,70,anxiety book,146292,2,2025-01;2025-02,False,False,False,True
anxiety,心理健康,70,mr fluffy friend anti anxiety dog bed,147370,1,2025-01,False,False,False,True
anxiety,心理健康,70,unwinding anxiety,147788,3,2025-01;2025-02;2025-08,False,False,False,True
anxiety,心理健康,70,anxiety inside out costume,150074,1,2025-10,False,False,False,True
anxiety,心理健康,70,anxiety depression and jesus book,150810,1,2025-02,False,False,False,True
anxiety,心理健康,70,breathing stitch to help anxiety,151270,2,2025-04;2025-05,False,False,False,True
anxiety,心理健康,70,zen drops for anxiety,151722,2,2025-04;2025-05,False,False,False,True
anxiety,心理健康,70,thunder coat for dogs anxiety,153887,1,2025-01,False,False,False,True
anxiety,心理健康,70,fidget toys adults anxiety,156518,4,2025-01;2025-02;2025-03;2025-04,False,False,False,True
anxiety,心理健康,70,adult pacifier for anxiety,157691,1,2025-08,False,False,False,True
anxiety,心理健康,70,anxiety vest for dogs,162785,2,2025-06;2025-07,False,False,False,True
anxiety,心理健康,70,anxiety bookshelf mini books,163259,4,2025-01;2025-04;2025-07;2025-08,False,False,False,True
anxiety,心理健康,70,anxiety stuffed animal,164799,1,2025-01,False,False,False,True
anxiety,心理健康,70,inside out anxiety costume,167830,1,2025-10,False,False,False,True
anxiety,心理健康,70,gerty inflatable friend separation anxiety,174237,1,2025-11,False,False,False,True
anxiety,心理健康,70,anxiety toys,174457,2,2025-11;2025-12,False,False,False,True
anxiety,心理健康,70,anxiety relief items fidget,179511,3,2025-03;2025-04;2025-08,False,False,False,True
anxiety,心理健康,70,separation anxiety relief for dogs,181121,1,2025-03,False,False,False,True
anxiety,心理健康,70,dog thunderstorm anxiety,181462,1,2025-06,False,False,False,True
best friend*,关系联结,66,best friend gifts for women,2697,12,2025-01;2025-02;2025-03;2025-04;2025-05;2025-06;2025-07;2025-08;2025-09;2025-10;2025-11;2025-12,True,False,False,False
best friend*,关系联结,66,best friend gifts,3471,12,2025-01;2025-02;2025-03;2025-04;2025-05;2025-06;2025-07;2025-08;2025-09;2025-10;2025-11;2025-12,True,False,False,False
best friend*,关系联结,66,best friend birthday gifts for women,11664,12,2025-01;2025-02;2025-03;2025-04;2025-05;2025-06;2025-07;2025-08;2025-09;2025-10;2025-11;2025-12,True,False,False,False
best friend*,关系联结,66,my best friends are balls book,13267,3,2025-02;2025-03;2025-04,False,False,False,True
best friend*,关系联结,66,gifts for best friend woman,15897,12,2025-01;2025-02;2025-03;2025-04;2025-05;2025-06;2025-07;2025-08;2025-09;2025-10;2025-11;2025-12,True,False,False,False
best friend*,关系联结,66,my best friend's wedding,19040,12,2025-01;2025-02;2025-03;2025-04;2025-05;2025-06;2025-07;2025-08;2025-09;2025-10;2025-11;2025-12,False,False,False,True
best friend*,关系联结,66,best friend christmas gifts,23874,2,2025-11;2025-12,True,False,False,False
best friend*,关系联结,66,gifts for best friend,29984,9,2025-01;2025-02;2025-03;2025-05;2025-06;2025-09;2025-10;2025-11;2025-12,True,False,False,False
best friend*,关系联结,66,my best friend's exorcism,30079,5,2025-01;2025-02;2025-03;2025-04;2025-08,False,False,False,True
best friend*,关系联结,66,best friend necklace,42396,12,2025-01;2025-02;2025-03;2025-04;2025-05;2025-06;2025-07;2025-08;2025-09;2025-10;2025-11;2025-12,False,False,True,False
best friend*,关系联结,66,best friend,42410,12,2025-01;2025-02;2025-03;2025-04;2025-05;2025-06;2025-07;2025-08;2025-09;2025-10;2025-11;2025-12,False,False,False,True
best friend*,关系联结,66,best friend gift,44214,12,2025-01;2025-02;2025-03;2025-04;2025-05;2025-06;2025-07;2025-08;2025-09;2025-10;2025-11;2025-12,True,False,False,False
best friend*,关系联结,66,best friend valentine gifts,50127,2,2025-01;2025-02,True,False,False,False
best friend*,关系联结,66,duo costumes for best friends girls,50459,2,2025-09;2025-10,False,False,False,True
best friend*,关系联结,66,best friend christmas gifts for women,53128,2,2025-11;2025-12,True,False,False,False
best friend*,关系联结,66,best friends gifts for women,58152,6,2025-01;2025-02;2025-03;2025-04;2025-11;2025-12,True,False,False,False
best friend*,关系联结,66,best friend bracelet,58494,12,2025-01;2025-02;2025-03;2025-04;2025-05;2025-06;2025-07;2025-08;2025-09;2025-10;2025-11;2025-12,False,False,True,False
best friend*,关系联结,66,gift for best friends women,63046,2,2025-11;2025-12,True,False,False,False
best friend*,关系联结,66,my best friends are balls,69857,1,2025-03,False,False,False,True
best friend*,关系联结,66,best friend birthday card,70451,11,2025-01;2025-02;2025-03;2025-04;2025-05;2025-06;2025-07;2025-08;2025-09;2025-10;2025-11,False,False,False,True
best friend*,关系联结,66,my best friend's girl,71464,5,2025-02;2025-03;2025-04;2025-05;2025-06,False,False,False,True
best friend*,关系联结,66,claimed by my brothers best friend,73294,2,2025-01;2025-02,False,False,False,True
best friend*,关系联结,66,claimed by my brothers best friends,73521,2,2025-01;2025-02,False,False,False,True
best friend*,关系联结,66,best friend ornament,75149,2,2025-11;2025-12,False,False,False,True
best friend*,关系联结,66,mans best friend vinyl,82207,2,2025-08;2025-09,False,False,False,True
best friend*,关系联结,66,gift for best friend,85940,1,2025-12,True,False,False,False
best friend*,关系联结,66,valentines day gifts for best friend girl,86856,2,2025-01;2025-02,True,False,False,False
best friend*,关系联结,66,best friends gifts,91185,2,2025-11;2025-12,True,False,False,False
best friend*,关系联结,66,1000-lb best friends,91585,2,2025-01;2025-06,False,False,False,True
best friend*,关系联结,66,man's best friend vinyl,92130,3,2025-10;2025-11;2025-12,False,False,False,True
best friend*,关系联结,66,gifts for best friends,93808,1,2025-12,True,False,False,False
best friend*,关系联结,66,adult best friends,101306,2,2025-03;2025-05,False,False,False,True
best friend*,关系联结,66,brothers best friend romance books,106485,12,2025-01;2025-02;2025-03;2025-04;2025-05;2025-06;2025-07;2025-08;2025-09;2025-10;2025-11;2025-12,False,False,False,True
best friend*,关系联结,66,best friends,107666,11,2025-01;2025-02;2025-03;2025-04;2025-05;2025-06;2025-07;2025-08;2025-09;2025-11;2025-12,False,False,False,True
best friend*,关系联结,66,best friend blanket,110814,4,2025-01;2025-02;2025-11;2025-12,False,False,False,True
best friend*,关系联结,66,my best friends exorcism,116605,4,2025-06;2025-07;2025-08;2025-09,False,False,False,True
best friend*,关系联结,66,best friend christmas card,119394,1,2025-12,False,False,False,True
best friend*,关系联结,66,best friends forever gifts,119594,1,2025-12,True,False,False,False
best friend*,关系联结,66,why your my best friend book,120865,1,2025-09,False,False,False,True
best friend*,关系联结,66,best friend mothers day gifts,121897,1,2025-05,True,False,False,False
best friend*,关系联结,66,best friend ornaments for women,124386,1,2025-12,False,False,False,True
best friend*,关系联结,66,best friend birthday gifts,128542,8,2025-02;2025-04;2025-05;2025-07;2025-08;2025-09;2025-10;2025-11,True,False,False,False
best friend*,关系联结,66,mans best friend,134868,2,2025-08;2025-09,False,False,False,True
best friend*,关系联结,66,christmas gifts for best friends women,135761,1,2025-12,True,False,False,False
best friend*,关系联结,66,duo costumes for best friends,135958,1,2025-10,False,False,False,True
best friend*,关系联结,66,mans best friend sabrina carpenter,141739,4,2025-09;2025-10;2025-11;2025-12,False,False,False,True
best friend*,关系联结,66,christmas gift for best friend woman,142986,1,2025-12,True,False,False,False
best friend*,关系联结,66,from best friend to fiance,147537,1,2025-12,False,False,False,True
best friend*,关系联结,66,best friend picture frame,151464,1,2025-12,False,False,False,True
best friend*,关系联结,66,gifts for best friends women,152293,1,2025-12,True,False,False,False
best friend*,关系联结,66,birthday gifts for best friend woman,154427,6,2025-02;2025-05;2025-06;2025-07;2025-08;2025-09,True,False,False,False
best friend*,关系联结,66,best friend gifts for men,157743,1,2025-12,True,False,False,False
best friend*,关系联结,66,best friend rings,160713,1,2025-12,False,False,True,False
best friend*,关系联结,66,best friend christmas ornaments,162175,1,2025-12,False,False,False,True
best friend*,关系联结,66,christmas gifts for best friend,162679,1,2025-12,True,False,False,False
best friend*,关系联结,66,best friends for never,163528,1,2025-03,False,False,False,True
best friend*,关系联结,66,mothers day gift for best friend,170668,1,2025-05,True,False,False,False
best friend*,关系联结,66,best friend halloween costumes,170767,1,2025-10,False,False,False,True
best friend*,关系联结,66,useful best friend gifts,176421,1,2025-12,True,False,False,False
best friend*,关系联结,66,best friend bracelets for 2,178785,1,2025-12,False,False,True,False
best friend*,关系联结,66,best friend keychain,178866,1,2025-12,False,False,False,True
best friend*,关系联结,66,man's best friend cd,180515,1,2025-09,False,False,False,True
best friend*,关系联结,66,best friend necklaces for 2 girls,183810,3,2025-01;2025-02;2025-03,False,False,True,False
best friend*,关系联结,66,best friends by sheri dog bed,188042,1,2025-01,False,False,False,True
best friend*,关系联结,66,matching bracelets for best friends,196103,1,2025-12,False,False,True,False
best friend*,关系联结,66,gift for best friend woman,199558,1,2025-12,True,False,False,False
memorial,纪念哀悼,63,dog memorial gifts for loss of dog,1002,12,2025-01;2025-02;2025-03;2025-04;2025-05;2025-06;2025-07;2025-08;2025-09;2025-10;2025-11;2025-12,True,True,False,False
memorial,纪念哀悼,63,pet memorial gifts for dogs,1787,12,2025-01;2025-02;2025-03;2025-04;2025-05;2025-06;2025-07;2025-08;2025-09;2025-10;2025-11;2025-12,True,True,False,False
memorial,纪念哀悼,63,pet memorial,2016,12,2025-01;2025-02;2025-03;2025-04;2025-05;2025-06;2025-07;2025-08;2025-09;2025-10;2025-11;2025-12,False,True,False,False
memorial,纪念哀悼,63,memorial day decorations,3526,3,2025-03;2025-04;2025-05,False,True,False,False
memorial,纪念哀悼,63,memorial day shirts for women,11606,1,2025-05,False,True,False,False
memorial,纪念哀悼,63,memorial gifts,13416,12,2025-01;2025-02;2025-03;2025-04;2025-05;2025-06;2025-07;2025-08;2025-09;2025-10;2025-11;2025-12,True,True,False,False
memorial,纪念哀悼,63,memorial day outfit women,16869,1,2025-05,False,True,False,False
memorial,纪念哀悼,63,memorial day sale,17975,1,2025-05,False,True,False,False
memorial,纪念哀悼,63,memorial day,20656,1,2025-05,False,True,False,False
memorial,纪念哀悼,63,memorial day playlist,22789,1,2025-05,False,True,False,False
memorial,纪念哀悼,63,five days at memorial,27379,9,2025-01;2025-02;2025-03;2025-04;2025-05;2025-06;2025-07;2025-08;2025-09,False,True,False,False
memorial,纪念哀悼,63,memorial days geraldine brooks,28530,3,2025-02;2025-03;2025-04,False,True,False,False
memorial,纪念哀悼,63,memorial day sales 2025,28716,1,2025-05,False,True,False,False
memorial,纪念哀悼,63,memorial day flowers for cemetery,29263,1,2025-05,False,True,False,False
memorial,纪念哀悼,63,memorial wind chimes,38832,12,2025-01;2025-02;2025-03;2025-04;2025-05;2025-06;2025-07;2025-08;2025-09;2025-10;2025-11;2025-12,False,True,False,False
memorial,纪念哀悼,63,memorial day garden flag,40838,2,2025-04;2025-05,False,True,False,False
memorial,纪念哀悼,63,5 days at memorial,45636,8,2025-01;2025-03;2025-04;2025-05;2025-06;2025-07;2025-08;2025-09,False,True,False,False
memorial,纪念哀悼,63,memorial day decor,52868,2,2025-04;2025-05,False,True,False,False
memorial,纪念哀悼,63,memorial day decorations outdoor,57250,1,2025-05,False,True,False,False
memorial,纪念哀悼,63,dog memorial gifts,61128,10,2025-01;2025-02;2025-03;2025-05;2025-06;2025-08;2025-09;2025-10;2025-11;2025-12,True,True,False,False
memorial,纪念哀悼,63,memorial gifts for loss of mom,64152,12,2025-01;2025-02;2025-03;2025-04;2025-05;2025-06;2025-07;2025-08;2025-09;2025-10;2025-11;2025-12,True,True,False,False
memorial,纪念哀悼,63,dog memorial,64826,12,2025-01;2025-02;2025-03;2025-04;2025-05;2025-06;2025-07;2025-08;2025-09;2025-10;2025-11;2025-12,False,True,False,False
memorial,纪念哀悼,63,cat memorial gifts for loss of cat,66093,12,2025-01;2025-02;2025-03;2025-04;2025-05;2025-06;2025-07;2025-08;2025-09;2025-10;2025-11;2025-12,True,True,False,False
memorial,纪念哀悼,63,memorial day shirts for men,69628,1,2025-05,False,True,False,False
memorial,纪念哀悼,63,memorial ornaments,73738,2,2025-11;2025-12,False,True,False,False
memorial,纪念哀悼,63,pet memorial stone,81550,11,2025-01;2025-02;2025-03;2025-04;2025-05;2025-06;2025-07;2025-08;2025-09;2025-10;2025-11,False,True,False,False
memorial,纪念哀悼,63,memorial day shirt,89761,1,2025-05,False,True,False,False
memorial,纪念哀悼,63,memorial day flag,91333,1,2025-05,False,True,False,False
memorial,纪念哀悼,63,memorial days,95007,1,2025-02,False,True,False,False
memorial,纪念哀悼,63,memorial day sales,95044,1,2025-05,False,True,False,False
memorial,纪念哀悼,63,memorial gifts for loss of dad,97879,11,2025-01;2025-02;2025-03;2025-04;2025-06;2025-07;2025-08;2025-09;2025-10;2025-11;2025-12,True,True,False,False
memorial,纪念哀悼,63,memorial day wreath,98494,1,2025-05,False,True,False,False
memorial,纪念哀悼,63,memorial christmas ornament,99176,2,2025-11;2025-12,False,True,False,False
memorial,纪念哀悼,63,dog memorial stone,101591,7,2025-03;2025-04;2025-05;2025-06;2025-07;2025-08;2025-09,False,True,False,False
memorial,纪念哀悼,63,rainbow bridge dog memorial gifts,118446,10,2025-01;2025-02;2025-03;2025-04;2025-05;2025-06;2025-07;2025-08;2025-09;2025-10,True,True,False,False
memorial,纪念哀悼,63,graduation memorial tassel charm,126153,2,2025-04;2025-05,False,True,True,False
memorial,纪念哀悼,63,guest book for memorial service,128228,10,2025-01;2025-02;2025-03;2025-04;2025-05;2025-06;2025-07;2025-08;2025-09;2025-10,False,True,False,False
memorial,纪念哀悼,63,memorial day tablecloth,128782,1,2025-05,False,True,False,False
memorial,纪念哀悼,63,memorial day flowers,129821,1,2025-05,False,True,False,False
memorial,纪念哀悼,63,memorial day banner,131624,1,2025-05,False,True,False,False
memorial,纪念哀悼,63,memorial day shirts,134359,1,2025-05,False,True,False,False
memorial,纪念哀悼,63,memorial plaques for outdoors,135370,5,2025-04;2025-05;2025-06;2025-07;2025-08,False,True,False,False
memorial,纪念哀悼,63,cat memorial,135779,12,2025-01;2025-02;2025-03;2025-04;2025-05;2025-06;2025-07;2025-08;2025-09;2025-10;2025-11;2025-12,False,True,False,False
memorial,纪念哀悼,63,funeral guest book for memorial service,138834,10,2025-01;2025-02;2025-03;2025-04;2025-05;2025-07;2025-08;2025-09;2025-10;2025-11,False,True,False,False
memorial,纪念哀悼,63,pet memorial gifts,141486,3,2025-01;2025-02;2025-12,True,True,False,False
memorial,纪念哀悼,63,memorial ornament,141719,2,2025-11;2025-12,False,True,False,False
memorial,纪念哀悼,63,memorial ornaments for loss of loved one,146922,2,2025-11;2025-12,False,True,False,False
memorial,纪念哀悼,63,memorial lantern,151967,8,2025-01;2025-02;2025-03;2025-04;2025-07;2025-08;2025-09;2025-11,False,True,False,False
memorial,纪念哀悼,63,memorial tassel for graduation 2025,155110,2,2025-04;2025-05,False,True,False,False
memorial,纪念哀悼,63,memorial wind chimes for loss of loved one,165634,1,2025-05,False,True,False,False
memorial,纪念哀悼,63,memorial necklace,169437,1,2025-12,False,True,True,False
memorial,纪念哀悼,63,memorial day plates and napkins,171509,1,2025-05,False,True,False,False
memorial,纪念哀悼,63,memorial day decorations for grave,171939,1,2025-05,False,True,False,False
memorial,纪念哀悼,63,memorial candle,180127,1,2025-09,False,True,False,False
memorial,纪念哀悼,63,memorial day plates,180492,1,2025-05,False,True,False,False
memorial,纪念哀悼,63,dog memorial ornament,184170,1,2025-12,False,True,False,False
memorial,纪念哀悼,63,memorial day swimsuit women,185414,1,2025-05,False,True,False,False
memorial,纪念哀悼,63,memorial day window clings,185764,1,2025-04,False,True,False,False
memorial,纪念哀悼,63,memorial blanket,185894,1,2025-12,False,True,False,False
memorial,纪念哀悼,63,memorial day flags,192349,1,2025-05,False,True,False,False
memorial,纪念哀悼,63,memorial stone,194038,1,2025-09,False,True,False,False
memorial,纪念哀悼,63,personalized memorial gifts,194151,1,2025-12,True,True,False,False
memorial,纪念哀悼,63,memorial day napkins,196889,1,2025-05,False,True,False,False
mosquito repellent,功能康复珠宝,62,mosquito repellent outdoor patio,250,12,2025-01;2025-02;2025-03;2025-04;2025-05;2025-06;2025-07;2025-08;2025-09;2025-10;2025-11;2025-12,False,False,False,True
mosquito repellent,功能康复珠宝,62,mosquito repellent,430,12,2025-01;2025-02;2025-03;2025-04;2025-05;2025-06;2025-07;2025-08;2025-09;2025-10;2025-11;2025-12,False,False,False,True
mosquito repellent,功能康复珠宝,62,mosquito repellent stickers,2278,9,2025-03;2025-04;2025-05;2025-06;2025-07;2025-08;2025-09;2025-10;2025-11,False,False,False,True
mosquito repellent,功能康复珠宝,62,mosquito repellent bracelets,3316,12,2025-01;2025-02;2025-03;2025-04;2025-05;2025-06;2025-07;2025-08;2025-09;2025-10;2025-11;2025-12,False,False,True,False
mosquito repellent,功能康复珠宝,62,deet mosquito repellent,16274,12,2025-01;2025-02;2025-03;2025-04;2025-05;2025-06;2025-07;2025-08;2025-09;2025-10;2025-11;2025-12,False,False,False,True
mosquito repellent,功能康复珠宝,62,bug md squito stickers mosquito repellent patch,18509,5,2025-04;2025-05;2025-06;2025-07;2025-08,False,False,False,True
mosquito repellent,功能康复珠宝,62,mosquito repellent spray,20175,9,2025-03;2025-04;2025-05;2025-06;2025-07;2025-08;2025-09;2025-10;2025-11,False,False,False,True
mosquito repellent,功能康复珠宝,62,murphys naturals mosquito repellent,22320,6,2025-04;2025-05;2025-06;2025-07;2025-08;2025-09,False,False,False,True
mosquito repellent,功能康复珠宝,62,mosquito repellent outdoor,24380,8,2025-04;2025-05;2025-06;2025-07;2025-08;2025-09;2025-10;2025-11,False,False,False,True
mosquito repellent,功能康复珠宝,62,natpat mosquito repellent patches,24666,5,2025-04;2025-05;2025-06;2025-07;2025-08,False,False,False,True
mosquito repellent,功能康复珠宝,62,mosquito repellent for kids,26848,7,2025-04;2025-05;2025-06;2025-07;2025-08;2025-09;2025-10,False,False,False,True
mosquito repellent,功能康复珠宝,62,nat pat mosquito repellent stickers,27804,4,2025-05;2025-06;2025-07;2025-08,False,False,False,True
mosquito repellent,功能康复珠宝,62,natural mosquito repellent,32122,7,2025-04;2025-05;2025-06;2025-07;2025-08;2025-09;2025-10,False,False,False,True
mosquito repellent,功能康复珠宝,62,cliganic mosquito repellent patches,32814,3,2025-05;2025-06;2025-07,False,False,False,True
mosquito repellent,功能康复珠宝,62,mosquito repellent indoor,34303,8,2025-04;2025-05;2025-06;2025-07;2025-08;2025-09;2025-10;2025-11,False,False,False,True
mosquito repellent,功能康复珠宝,62,outdoor mosquito repellent for patio,41942,5,2025-04;2025-05;2025-06;2025-07;2025-08,False,False,False,True
mosquito repellent,功能康复珠宝,62,thermacell mosquito repellent,42968,7,2025-04;2025-05;2025-06;2025-07;2025-08;2025-09;2025-10,False,False,False,True
mosquito repellent,功能康复珠宝,62,mosquito repellent patches,44577,4,2025-05;2025-06;2025-07;2025-08,False,False,False,True
mosquito repellent,功能康复珠宝,62,outdoor mosquito repellent,49251,7,2025-04;2025-05;2025-06;2025-07;2025-08;2025-09;2025-10,False,False,False,True
mosquito repellent,功能康复珠宝,62,mosquito repellent wipes,58844,7,2025-03;2025-04;2025-05;2025-06;2025-07;2025-08;2025-09,False,False,False,True
mosquito repellent,功能康复珠宝,62,baby mosquito repellent,59396,7,2025-03;2025-04;2025-05;2025-06;2025-07;2025-08;2025-09,False,False,False,True
mosquito repellent,功能康复珠宝,62,off mosquito repellent spray,65064,4,2025-05;2025-06;2025-07;2025-08,False,False,False,True
mosquito repellent,功能康复珠宝,62,mosquito repellent candle,66977,4,2025-05;2025-06;2025-07;2025-08,False,False,False,True
mosquito repellent,功能康复珠宝,62,cliganic mosquito repellent bracelet,68338,4,2025-05;2025-06;2025-07;2025-08,False,False,True,False
mosquito repellent,功能康复珠宝,62,kids mosquito repellent,68875,4,2025-05;2025-06;2025-07;2025-08,False,False,False,True
mosquito repellent,功能康复珠宝,62,mosquito repellent for dogs,69136,4,2025-05;2025-06;2025-07;2025-08,False,False,False,True
mosquito repellent,功能康复珠宝,62,mosquito repellent candles,72323,7,2025-04;2025-05;2025-06;2025-07;2025-08;2025-09;2025-10,False,False,False,True
mosquito repellent,功能康复珠宝,62,cutter mosquito repellent,76305,4,2025-05;2025-06;2025-07;2025-08,False,False,False,True
mosquito repellent,功能康复珠宝,62,indoor mosquito repellent,78150,6,2025-05;2025-06;2025-07;2025-08;2025-09;2025-10,False,False,False,True
mosquito repellent,功能康复珠宝,62,deet free mosquito repellent,79143,4,2025-05;2025-06;2025-07;2025-08,False,False,False,True
mosquito repellent,功能康复珠宝,62,mosquito repellent for yard,90442,3,2025-05;2025-06;2025-07,False,False,False,True
mosquito repellent,功能康复珠宝,62,mosquito repellent incense sticks,92086,2,2025-06;2025-07,False,False,False,True
mosquito repellent,功能康复珠宝,62,murphys mosquito repellent,93660,7,2025-04;2025-05;2025-06;2025-07;2025-08;2025-09;2025-10,False,False,False,True
mosquito repellent,功能康复珠宝,62,thermacell mosquito repellent refills,93878,3,2025-06;2025-07;2025-08,False,False,False,True
mosquito repellent,功能康复珠宝,62,natural mosquito repellent for skin,103460,3,2025-05;2025-06;2025-07,False,False,False,True
mosquito repellent,功能康复珠宝,62,off spray mosquito repellent,104270,4,2025-05;2025-06;2025-07;2025-08,False,False,False,True
mosquito repellent,功能康复珠宝,62,tnt mosquito repellent outdoor,107162,2,2025-05;2025-06,False,False,False,True
mosquito repellent,功能康复珠宝,62,mosquito repellent sprays,108323,4,2025-05;2025-06;2025-07;2025-08,False,False,False,True
mosquito repellent,功能康复珠宝,62,mosquito repellent kids,111968,3,2025-05;2025-06;2025-07,False,False,False,True
mosquito repellent,功能康复珠宝,62,mosquito repellent lotion,114570,4,2025-05;2025-06;2025-07;2025-08,False,False,False,True
mosquito repellent,功能康复珠宝,62,mosquito repellent coils,118415,3,2025-06;2025-07;2025-08,False,False,False,True
mosquito repellent,功能康复珠宝,62,deet mosquito repellent travel size,120877,3,2025-02;2025-03;2025-04,False,False,False,True
mosquito repellent,功能康复珠宝,62,dog mosquito repellent,121803,2,2025-06;2025-07,False,False,False,True
mosquito repellent,功能康复珠宝,62,mosquito repellent bracelet,128275,3,2025-05;2025-06;2025-07,False,False,True,False
mosquito repellent,功能康复珠宝,62,best mosquito repellent,131732,1,2025-06,False,False,False,True
mosquito repellent,功能康复珠宝,62,mosquito repellent sticks,137861,2,2025-06;2025-07,False,False,False,True
mosquito repellent,功能康复珠宝,62,mosquito repellent spray for body,138872,2,2025-06;2025-07,False,False,False,True
mosquito repellent,功能康复珠宝,62,mosquito repellent indoor home,142175,2,2025-06;2025-07,False,False,False,True
mosquito repellent,功能康复珠宝,62,flextail mosquito repellent,147233,2,2025-06;2025-07,False,False,False,True
mosquito repellent,功能康复珠宝,62,kids mosquito repellent stickers,150244,1,2025-06,False,False,False,True
mosquito repellent,功能康复珠宝,62,yard mosquito repellent,151671,1,2025-06,False,False,False,True
mosquito repellent,功能康复珠宝,62,best mosquito repellent for patio,152603,1,2025-06,False,False,False,True
mosquito repellent,功能康复珠宝,62,backyard mosquito repellent,155371,1,2025-06,False,False,False,True
mosquito repellent,功能康复珠宝,62,organic mosquito repellent,157529,1,2025-06,False,False,False,True
mosquito repellent,功能康复珠宝,62,bug bands mosquito repellent bracelet,160877,1,2025-06,False,False,True,False
mosquito repellent,功能康复珠宝,62,oil of lemon eucalyptus mosquito repellent,168883,2,2025-06;2025-07,False,False,False,True
mosquito repellent,功能康复珠宝,62,mosquito repellent travel size,173476,2,2025-02;2025-03,False,False,False,True
mosquito repellent,功能康复珠宝,62,patio mosquito repellent,178006,1,2025-06,False,False,False,True
mosquito repellent,功能康复珠宝,62,repelix mosquito repellent outdoor,179768,1,2025-07,False,False,False,True
mosquito repellent,功能康复珠宝,62,highest rated mosquito repellent,183596,1,2025-06,False,False,False,True
mosquito repellent,功能康复珠宝,62,mosquito repellent outdoor patio candle,195249,1,2025-06,False,False,False,True
mosquito repellent,功能康复珠宝,62,natural mosquito repellent for yard,198439,1,2025-06,False,False,False,True
communion,身份仪式,61,first communion gifts for girls,3670,5,2025-02;2025-03;2025-04;2025-05;2025-06,True,False,False,False
communion,身份仪式,61,first communion gifts for boys,6448,4,2025-02;2025-03;2025-04;2025-05,True,False,False,False
communion,身份仪式,61,communion cups and wafer set,9465,12,2025-01;2025-02;2025-03;2025-04;2025-05;2025-06;2025-07;2025-08;2025-09;2025-10;2025-11;2025-12,False,False,False,True
communion,身份仪式,61,first communion dress for girls,11213,7,2025-01;2025-02;2025-03;2025-04;2025-05;2025-09;2025-10,False,False,False,True
communion,身份仪式,61,first communion decorations,11264,4,2025-02;2025-03;2025-04;2025-05,False,False,False,True
communion,身份仪式,61,communion wafers,19531,12,2025-01;2025-02;2025-03;2025-04;2025-05;2025-06;2025-07;2025-08;2025-09;2025-10;2025-11;2025-12,False,False,False,True
communion,身份仪式,61,communion cups,27756,12,2025-01;2025-02;2025-03;2025-04;2025-05;2025-06;2025-07;2025-08;2025-09;2025-10;2025-11;2025-12,False,False,False,True
communion,身份仪式,61,first communion veil,30957,3,2025-03;2025-04;2025-05,False,False,False,True
communion,身份仪式,61,1st communion gifts for girls,40170,2,2025-04;2025-05,True,False,False,False
communion,身份仪式,61,first communion gifts,41706,3,2025-03;2025-04;2025-05,True,False,False,False
communion,身份仪式,61,first communion dress,42552,5,2025-01;2025-02;2025-03;2025-04;2025-05,False,False,False,True
communion,身份仪式,61,communion gifts for girls,43508,2,2025-04;2025-05,True,False,False,False
communion,身份仪式,61,first communion card,44655,2,2025-04;2025-05,False,False,False,True
communion,身份仪式,61,first communion cake topper,49588,2,2025-04;2025-05,False,False,False,True
communion,身份仪式,61,first communion banner kit,51366,3,2025-02;2025-03;2025-04,False,False,False,True
communion,身份仪式,61,communion,52859,12,2025-01;2025-02;2025-03;2025-04;2025-05;2025-06;2025-07;2025-08;2025-09;2025-10;2025-11;2025-12,False,False,False,True
communion,身份仪式,61,1st communion gifts for boys,54566,2,2025-04;2025-05,True,False,False,False
communion,身份仪式,61,first communion,57353,3,2025-03;2025-04;2025-05,False,False,False,True
communion,身份仪式,61,communion dress,59463,4,2025-01;2025-02;2025-03;2025-04,False,False,False,True
communion,身份仪式,61,1st communion gifts,68045,1,2025-04,True,False,False,False
communion,身份仪式,61,boys first communion gifts,74236,1,2025-04,True,False,False,False
communion,身份仪式,61,first communion banner,78994,2,2025-04;2025-05,False,False,False,True
communion,身份仪式,61,first holy communion gifts for girls,81434,2,2025-04;2025-05,True,False,False,False
communion,身份仪式,61,first communion veil for girls catholic,85374,2,2025-03;2025-04,False,False,False,True
communion,身份仪式,61,communion gifts for boys,87501,2,2025-04;2025-05,True,False,False,False
communion,身份仪式,61,first communion shoes for girls,92123,2,2025-03;2025-04,False,False,False,True
communion,身份仪式,61,communion bread,97006,8,2025-01;2025-02;2025-03;2025-04;2025-08;2025-09;2025-10;2025-12,False,False,False,True
communion,身份仪式,61,1st communion dress,97084,4,2025-01;2025-02;2025-03;2025-04,False,False,False,True
communion,身份仪式,61,first communion cards girl,98153,1,2025-04,False,False,False,True
communion,身份仪式,61,communion decorations,101898,2,2025-04;2025-05,False,False,False,True
communion,身份仪式,61,first communion favors,102818,2,2025-04;2025-05,False,False,False,True
communion,身份仪式,61,communion card,104741,2,2025-04;2025-05,False,False,False,True
communion,身份仪式,61,first holy communion decorations,107381,1,2025-04,False,False,False,True
communion,身份仪式,61,first communion favors for guests,108694,1,2025-04,False,False,False,True
communion,身份仪式,61,1st communion decorations,120153,1,2025-04,False,False,False,True
communion,身份仪式,61,first communion decorations for girls,127047,1,2025-04,False,False,False,True
communion,身份仪式,61,first communion plates,132162,1,2025-04,False,False,False,True
communion,身份仪式,61,first communion gift,137928,1,2025-04,True,False,False,False
communion,身份仪式,61,first communion plates and napkins,139107,1,2025-04,False,False,False,True
communion,身份仪式,61,communion veil for girls,140532,1,2025-04,False,False,False,True
communion,身份仪式,61,first communion balloons,141745,1,2025-04,False,False,False,True
communion,身份仪式,61,holy communion gifts for girls,142599,1,2025-04,True,False,False,False
communion,身份仪式,61,girls first communion gifts,145231,1,2025-04,True,False,False,False
communion,身份仪式,61,first communion candle,145311,1,2025-04,False,False,False,True
communion,身份仪式,61,communion veil,147468,1,2025-04,False,False,False,True
communion,身份仪式,61,first communion decorations for boys,157084,1,2025-04,False,False,False,True
communion,身份仪式,61,1st communion gift ideas,157196,1,2025-04,True,False,False,False
communion,身份仪式,61,first holy communion gifts boy,157298,1,2025-04,True,False,False,False
communion,身份仪式,61,first communion party favors,158464,1,2025-04,False,False,False,True
communion,身份仪式,61,holy communion bread and wine,159676,3,2025-01;2025-04;2025-09,False,False,False,True
communion,身份仪式,61,1st communion dresses for girls,159945,2,2025-03;2025-04,False,False,False,True
communion,身份仪式,61,first communion headpiece for girls,161770,1,2025-04,False,False,False,True
communion,身份仪式,61,girls first communion dress,162733,1,2025-04,False,False,False,True
communion,身份仪式,61,first communion napkins,165421,1,2025-04,False,False,False,True
communion,身份仪式,61,first communion cake decorations,172442,1,2025-04,False,False,False,True
communion,身份仪式,61,first communion cards boys,172668,1,2025-04,False,False,False,True
communion,身份仪式,61,first communion dresses,182978,1,2025-04,False,False,False,True
communion,身份仪式,61,first communion bracelets for girls,185361,1,2025-04,False,False,True,False
communion,身份仪式,61,first communion candle set for girl,193274,1,2025-04,False,False,False,True
communion,身份仪式,61,first communion cupcake toppers,196280,1,2025-04,False,False,False,True
communion,身份仪式,61,first communion gifts for boys catholic,199686,1,2025-04,True,False,False,False
engagement,承诺誓约,61,engagement rings for women,3137,12,2025-01;2025-02;2025-03;2025-04;2025-05;2025-06;2025-07;2025-08;2025-09;2025-10;2025-11;2025-12,False,False,True,False
engagement,承诺誓约,61,engagement gifts for couples,7014,12,2025-01;2025-02;2025-03;2025-04;2025-05;2025-06;2025-07;2025-08;2025-09;2025-10;2025-11;2025-12,True,False,False,False
engagement,承诺誓约,61,engagement ring,10449,12,2025-01;2025-02;2025-03;2025-04;2025-05;2025-06;2025-07;2025-08;2025-09;2025-10;2025-11;2025-12,False,False,True,False
engagement,承诺誓约,61,engagement party decorations,13641,12,2025-01;2025-02;2025-03;2025-04;2025-05;2025-06;2025-07;2025-08;2025-09;2025-10;2025-11;2025-12,False,False,False,True
engagement,承诺誓约,61,engagement gift,19449,12,2025-01;2025-02;2025-03;2025-04;2025-05;2025-06;2025-07;2025-08;2025-09;2025-10;2025-11;2025-12,True,False,False,False
engagement,承诺誓约,61,engagement ornament 2025,19603,3,2025-10;2025-11;2025-12,False,False,False,True
engagement,承诺誓约,61,engagement dresses for women,27286,12,2025-01;2025-02;2025-03;2025-04;2025-05;2025-06;2025-07;2025-08;2025-09;2025-10;2025-11;2025-12,False,False,False,True
engagement,承诺誓约,61,rules of engagement,29190,12,2025-01;2025-02;2025-03;2025-04;2025-05;2025-06;2025-07;2025-08;2025-09;2025-10;2025-11;2025-12,False,False,False,True
engagement,承诺誓约,61,engagement gifts,36603,12,2025-01;2025-02;2025-03;2025-04;2025-05;2025-06;2025-07;2025-08;2025-09;2025-10;2025-11;2025-12,True,False,False,False
engagement,承诺誓约,61,engagement ornament,37941,2,2025-11;2025-12,False,False,False,True
engagement,承诺誓约,61,engagement card,41617,12,2025-01;2025-02;2025-03;2025-04;2025-05;2025-06;2025-07;2025-08;2025-09;2025-10;2025-11;2025-12,False,False,False,True
engagement,承诺誓约,61,engagement ring box,44155,12,2025-01;2025-02;2025-03;2025-04;2025-05;2025-06;2025-07;2025-08;2025-09;2025-10;2025-11;2025-12,False,False,True,False
engagement,承诺誓约,61,the engagement plot,44683,8,2025-01;2025-02;2025-03;2025-05;2025-06;2025-07;2025-08;2025-10,False,False,False,True
engagement,承诺誓约,61,engagement gifts for women,48491,12,2025-01;2025-02;2025-03;2025-04;2025-05;2025-06;2025-07;2025-08;2025-09;2025-10;2025-11;2025-12,True,False,False,False
engagement,承诺誓约,61,moissanite engagement rings for women,50706,12,2025-01;2025-02;2025-03;2025-04;2025-05;2025-06;2025-07;2025-08;2025-09;2025-10;2025-11;2025-12,False,False,True,False
engagement,承诺誓约,61,marquise engagement ring,51799,12,2025-01;2025-02;2025-03;2025-04;2025-05;2025-06;2025-07;2025-08;2025-09;2025-10;2025-11;2025-12,False,False,True,False
engagement,承诺誓约,61,engagement dress,53395,12,2025-01;2025-02;2025-03;2025-04;2025-05;2025-06;2025-07;2025-08;2025-09;2025-10;2025-11;2025-12,False,False,False,True
engagement,承诺誓约,61,taylor swift ring engagement,54639,1,2025-12,False,False,True,False
engagement,承诺誓约,61,engagement rings,60434,12,2025-01;2025-02;2025-03;2025-04;2025-05;2025-06;2025-07;2025-08;2025-09;2025-10;2025-11;2025-12,False,False,True,False
engagement,承诺誓约,61,five year engagement,67238,2,2025-02;2025-03,False,False,False,True
engagement,承诺誓约,61,fake engagement ring,67403,12,2025-01;2025-02;2025-03;2025-04;2025-05;2025-06;2025-07;2025-08;2025-09;2025-10;2025-11;2025-12,False,False,True,False
engagement,承诺誓约,61,engagement decorations,71615,12,2025-01;2025-02;2025-03;2025-04;2025-05;2025-06;2025-07;2025-08;2025-09;2025-10;2025-11;2025-12,False,False,False,True
engagement,承诺誓约,61,gold engagement rings for women,76700,12,2025-01;2025-02;2025-03;2025-04;2025-05;2025-06;2025-07;2025-08;2025-09;2025-10;2025-11;2025-12,False,False,True,False
engagement,承诺誓约,61,taylor swift engagement ring,77098,1,2025-12,False,False,True,False
engagement,承诺誓约,61,emerald cut engagement ring,80500,12,2025-01;2025-02;2025-03;2025-04;2025-05;2025-06;2025-07;2025-08;2025-09;2025-10;2025-11;2025-12,False,False,True,False
engagement,承诺誓约,61,cool engagement gift,82283,2,2025-01;2025-02,True,False,False,False
engagement,承诺誓约,61,engagement photo dresses,87782,10,2025-01;2025-02;2025-03;2025-04;2025-05;2025-06;2025-07;2025-08;2025-09;2025-10,False,False,False,True
engagement,承诺誓约,61,5 year engagement,89688,2,2025-02;2025-03,False,False,False,True
engagement,承诺誓约,61,sierra club engagement calendar 2026,94972,2,2025-11;2025-12,False,False,False,True
engagement,承诺誓约,61,white engagement dresses for women,102326,10,2025-01;2025-02;2025-03;2025-04;2025-05;2025-06;2025-07;2025-08;2025-09;2025-10,False,False,False,True
engagement,承诺誓约,61,engagement ring holder,113731,8,2025-05;2025-06;2025-07;2025-08;2025-09;2025-10;2025-11;2025-12,False,False,True,False
engagement,承诺誓约,61,2025 engagement ornament,115404,2,2025-11;2025-12,False,False,False,True
engagement,承诺誓约,61,oval engagement rings for women,119381,9,2025-01;2025-02;2025-03;2025-04;2025-05;2025-06;2025-07;2025-08;2025-09,False,False,True,False
engagement,承诺誓约,61,mens engagement rings,119711,12,2025-01;2025-02;2025-03;2025-04;2025-05;2025-06;2025-07;2025-08;2025-09;2025-10;2025-11;2025-12,False,False,True,False
engagement,承诺誓约,61,moissanite engagement ring,120997,6,2025-01;2025-02;2025-09;2025-10;2025-11;2025-12,False,False,True,False
engagement,承诺誓约,61,engagement christmas ornament 2025,135464,2,2025-11;2025-12,False,False,False,True
engagement,承诺誓约,61,engagement party dress,137050,2,2025-08;2025-09,False,False,False,True
engagement,承诺誓约,61,women's engagement rings,140078,5,2025-01;2025-09;2025-10;2025-11;2025-12,False,False,True,False
engagement,承诺誓约,61,princess cut engagement ring,140813,10,2025-01;2025-02;2025-03;2025-04;2025-05;2025-06;2025-07;2025-08;2025-09;2025-12,False,False,True,False
engagement,承诺誓约,61,ring enhancer for engagement rings,142644,5,2025-01;2025-02;2025-03;2025-04;2025-05,False,False,True,False
engagement,承诺誓约,61,radiant cut engagement rings,143514,10,2025-01;2025-02;2025-03;2025-04;2025-05;2025-06;2025-07;2025-08;2025-09;2025-10,False,False,True,False
engagement,承诺誓约,61,diamond engagement rings for women,145035,6,2025-02;2025-05;2025-06;2025-08;2025-09;2025-10,False,False,True,False
engagement,承诺誓约,61,engagement party decor,150591,6,2025-01;2025-05;2025-06;2025-07;2025-08;2025-09,False,False,False,True
engagement,承诺誓约,61,engagement party,150847,5,2025-05;2025-06;2025-07;2025-08;2025-09,False,False,False,True
engagement,承诺誓约,61,pear shaped engagement ring,153880,10,2025-01;2025-02;2025-03;2025-04;2025-05;2025-06;2025-07;2025-08;2025-09;2025-10,False,False,True,False
engagement,承诺誓约,61,the four engagement rings of sybil rain,158950,2,2025-06;2025-07,False,False,True,False
engagement,承诺誓约,61,travel engagement rings for women,159272,5,2025-03;2025-04;2025-05;2025-06;2025-07,False,False,True,False
engagement,承诺誓约,61,engagement unique gifts,160114,2,2025-10;2025-12,True,False,False,False
engagement,承诺誓约,61,silicone engagement ring women,164702,3,2025-01;2025-02;2025-06,False,False,True,False
engagement,承诺誓约,61,the five year engagement,164992,2,2025-02;2025-03,False,False,False,True
engagement,承诺誓约,61,oval engagement ring,167066,3,2025-09;2025-10;2025-12,False,False,True,False
engagement,承诺誓约,61,elongated cushion cut engagement ring,171075,3,2025-08;2025-09;2025-10,False,False,True,False
engagement,承诺誓约,61,eamti engagement ring for women,176207,1,2025-01,False,False,True,False
engagement,承诺誓约,61,engagement rings for couples,177686,2,2025-02;2025-04,False,False,True,False
engagement,承诺誓约,61,sterling silver engagement rings,182895,1,2025-02,False,False,True,False
engagement,承诺誓约,61,engagement rings for men,183181,1,2025-02,False,False,True,False
engagement,承诺誓约,61,fake engagement ring for women natural,183501,1,2025-07,False,False,True,False
engagement,承诺誓约,61,engagement,190221,2,2025-07;2025-12,False,False,False,True
engagement,承诺誓约,61,sierra club engagement calendar 2025,193116,1,2025-01,False,False,False,True
engagement,承诺誓约,61,engagement rings for women gold,195796,2,2025-02;2025-05,False,False,True,False
engagement,承诺誓约,61,engagement dresses for photoshoot,198272,1,2025-08,False,False,False,True
awareness,疾病康复,56,breast cancer awareness accessories,1589,12,2025-01;2025-02;2025-03;2025-04;2025-05;2025-06;2025-07;2025-08;2025-09;2025-10;2025-11;2025-12,False,False,False,True
awareness,疾病康复,56,breast cancer awareness shirt,2297,3,2025-08;2025-09;2025-10,False,False,False,True
awareness,疾病康复,56,autism awareness shirt,2443,6,2025-02;2025-03;2025-04;2025-05;2025-06;2025-09,False,False,False,True
awareness,疾病康复,56,breast cancer awareness,11833,3,2025-08;2025-09;2025-10,False,False,False,True
awareness,疾病康复,56,breast cancer awareness decorations,14106,2,2025-09;2025-10,False,False,False,True
awareness,疾病康复,56,mental health awareness shirt,15841,2,2025-04;2025-05,False,False,False,True
awareness,疾病康复,56,down syndrome awareness shirts,20710,2,2025-03;2025-10,False,False,False,True
awareness,疾病康复,56,autism awareness,22145,3,2025-02;2025-03;2025-04,False,False,False,True
awareness,疾病康复,56,mental health awareness items,22197,3,2025-03;2025-04;2025-05,False,False,False,True
awareness,疾病康复,56,suicide awareness shirt,22810,4,2025-03;2025-08;2025-09;2025-10,False,False,False,True
awareness,疾病康复,56,autism awareness stuff,35087,3,2025-03;2025-04;2025-05,False,False,False,True
awareness,疾病康复,56,breast cancer awareness socks,39754,2,2025-09;2025-10,False,False,False,True
awareness,疾病康复,56,childhood cancer awareness shirts,44587,1,2025-09,False,False,False,True
awareness,疾病康复,56,breast cancer awareness pins,47803,2,2025-09;2025-10,False,False,False,True
awareness,疾病康复,56,breast cancer awareness bracelets,48065,2,2025-09;2025-10,False,False,True,False
awareness,疾病康复,56,awareness anthony de mello,52340,4,2025-05;2025-06;2025-07;2025-12,False,False,False,True
awareness,疾病康复,56,cancer awareness shirts,52666,2,2025-09;2025-10,False,False,False,True
awareness,疾病康复,56,suicide prevention awareness,56067,2,2025-08;2025-09,False,False,False,True
awareness,疾病康复,56,autism awareness shirt kids,59576,2,2025-03;2025-04,False,False,False,True
awareness,疾病康复,56,breast cancer awareness shirt men,70910,1,2025-10,False,False,False,True
awareness,疾病康复,56,breast cancer awareness sweatshirt,74157,2,2025-09;2025-10,False,False,False,True
awareness,疾病康复,56,awareness,74379,6,2025-06;2025-08;2025-09;2025-10;2025-11;2025-12,False,False,False,True
awareness,疾病康复,56,cancer awareness items,76604,2,2025-09;2025-10,False,False,False,True
awareness,疾病康复,56,domestic violence awareness shirt,76604,1,2025-10,False,False,False,True
awareness,疾病康复,56,mens breast cancer awareness shirt,85334,1,2025-10,False,False,False,True
awareness,疾病康复,56,breast cancer awareness shirts,88472,2,2025-09;2025-10,False,False,False,True
awareness,疾病康复,56,suicide prevention awareness shirt,90576,1,2025-09,False,False,False,True
awareness,疾病康复,56,domestic violence awareness items,94032,2,2025-09;2025-10,False,False,False,True
awareness,疾病康复,56,suicide awareness items,94423,1,2025-09,False,False,False,True
awareness,疾病康复,56,autism awareness bracelet,101917,2,2025-03;2025-04,False,False,True,False
awareness,疾病康复,56,alzheimers awareness shirts,109923,2,2025-09;2025-10,False,False,False,True
awareness,疾病康复,56,down syndrome awareness,110139,1,2025-03,False,False,False,True
awareness,疾病康复,56,mental health awareness,113455,2,2025-04;2025-05,False,False,False,True
awareness,疾病康复,56,breast cancer awareness stickers,114617,2,2025-09;2025-10,False,False,False,True
awareness,疾病康复,56,breast cancer awareness earrings,114842,1,2025-10,False,False,True,False
awareness,疾病康复,56,breast cancer awareness shirts for women,123437,1,2025-10,False,False,False,True
awareness,疾病康复,56,down syndrome awareness socks,130282,1,2025-03,False,False,False,True
awareness,疾病康复,56,suicide awareness,137605,4,2025-02;2025-03;2025-08;2025-09,False,False,False,True
awareness,疾病康复,56,boys breast cancer awareness shirts,140361,1,2025-10,False,False,False,True
awareness,疾病康复,56,autism awareness shirt men,151355,2,2025-03;2025-04,False,False,False,True
awareness,疾病康复,56,autism awareness shirt women,156160,2,2025-03;2025-04,False,False,False,True
awareness,疾病康复,56,suicide awareness bracelets,156976,1,2025-09,False,False,True,False
awareness,疾病康复,56,breast cancer awareness banner,160215,1,2025-10,False,False,False,True
awareness,疾病康复,56,breast cancer awareness pin,163136,1,2025-10,False,False,False,True
awareness,疾病康复,56,breast cancer awareness t-shirts,167769,2,2025-09;2025-10,False,False,False,True
awareness,疾病康复,56,breast cancer awareness pens,169178,1,2025-10,False,False,False,True
awareness,疾病康复,56,colon cancer awareness shirts,169882,1,2025-03,False,False,False,True
awareness,疾病康复,56,childhood cancer awareness items,173011,1,2025-09,False,False,False,True
awareness,疾病康复,56,lupus awareness shirt,174342,1,2025-05,False,False,False,True
awareness,疾病康复,56,epilepsy awareness shirts,181121,1,2025-03,False,False,False,True
awareness,疾病康复,56,autism awareness decorations,183448,1,2025-03,False,False,False,True
awareness,疾病康复,56,overdose awareness shirt,183754,1,2025-08,False,False,False,True
awareness,疾病康复,56,cerebral palsy awareness shirt,184724,1,2025-03,False,False,False,True
awareness,疾病康复,56,ovarian cancer awareness products,187870,1,2025-09,False,False,False,True
awareness,疾病康复,56,pink ribbon breast cancer awareness,194815,1,2025-10,False,False,False,True
awareness,疾病康复,56,diabetes awareness shirt,195169,1,2025-11,False,False,False,True
prayer,信仰精神,53,prayer journal for woman,8336,12,2025-01;2025-02;2025-03;2025-04;2025-05;2025-06;2025-07;2025-08;2025-09;2025-10;2025-11;2025-12,False,False,False,True
prayer,信仰精神,53,prayer mat,15515,12,2025-01;2025-02;2025-03;2025-04;2025-05;2025-06;2025-07;2025-08;2025-09;2025-10;2025-11;2025-12,False,False,False,True
prayer,信仰精神,53,prayer journal,16597,12,2025-01;2025-02;2025-03;2025-04;2025-05;2025-06;2025-07;2025-08;2025-09;2025-10;2025-11;2025-12,False,False,False,True
prayer,信仰精神,53,prayer board supplies,31207,6,2025-01;2025-08;2025-09;2025-10;2025-11;2025-12,False,False,False,True
prayer,信仰精神,53,prayer board supplies for women,32157,3,2025-01;2025-02;2025-03,False,False,False,True
prayer,信仰精神,53,prayer board,38440,12,2025-01;2025-02;2025-03;2025-04;2025-05;2025-06;2025-07;2025-08;2025-09;2025-10;2025-11;2025-12,False,False,False,True
prayer,信仰精神,53,prayer rug,43158,12,2025-01;2025-02;2025-03;2025-04;2025-05;2025-06;2025-07;2025-08;2025-09;2025-10;2025-11;2025-12,False,False,False,True
prayer,信仰精神,53,prayer cards,58171,12,2025-01;2025-02;2025-03;2025-04;2025-05;2025-06;2025-07;2025-08;2025-09;2025-10;2025-11;2025-12,False,False,False,True
prayer,信仰精神,53,get lost in prayer before you start overthinking,61203,1,2025-03,False,False,False,True
prayer,信仰精神,53,catholic prayer book,62561,12,2025-01;2025-02;2025-03;2025-04;2025-05;2025-06;2025-07;2025-08;2025-09;2025-10;2025-11;2025-12,False,False,False,True
prayer,信仰精神,53,covered and armed prayer book,64999,3,2025-08;2025-09;2025-10,False,False,False,True
prayer,信仰精神,53,prayer bowl,65232,2,2025-11;2025-12,False,False,False,True
prayer,信仰精神,53,a carpenters prayer,67600,2,2025-03;2025-04,False,False,False,True
prayer,信仰精神,53,anointing oil for prayer,75052,12,2025-01;2025-02;2025-03;2025-04;2025-05;2025-06;2025-07;2025-08;2025-09;2025-10;2025-11;2025-12,False,False,False,True
prayer,信仰精神,53,prayer book,76271,12,2025-01;2025-02;2025-03;2025-04;2025-05;2025-06;2025-07;2025-08;2025-09;2025-10;2025-11;2025-12,False,False,False,True
prayer,信仰精神,53,muslim prayer rug,76945,2,2025-02;2025-03,False,False,False,True
prayer,信仰精神,53,prayer journal for men,77552,9,2025-01;2025-02;2025-03;2025-04;2025-08;2025-09;2025-10;2025-11;2025-12,False,False,False,True
prayer,信仰精神,53,prayer shawl,78213,9,2025-01;2025-02;2025-03;2025-04;2025-08;2025-09;2025-10;2025-11;2025-12,False,False,False,True
prayer,信仰精神,53,prayer quilt with cross inside,81469,10,2025-01;2025-02;2025-03;2025-04;2025-05;2025-06;2025-07;2025-08;2025-09;2025-12,False,False,False,True
prayer,信仰精神,53,on a wing and a prayer movie,85338,9,2025-01;2025-02;2025-03;2025-04;2025-05;2025-06;2025-07;2025-08;2025-09,False,False,False,True
prayer,信仰精神,53,rosary in a year prayer guide ascension press,85883,2,2025-01;2025-02,False,False,False,True
prayer,信仰精神,53,a prayer for owen meany by john irving,87371,9,2025-01;2025-02;2025-03;2025-04;2025-05;2025-08;2025-09;2025-11;2025-12,False,False,False,True
prayer,信仰精神,53,prayer jar,97105,3,2025-01;2025-04;2025-12,False,False,False,True
prayer,信仰精神,53,athan clock for prayer with sound,100284,3,2025-01;2025-02;2025-03,False,False,False,True
prayer,信仰精神,53,orthodox prayer book,103482,12,2025-01;2025-02;2025-03;2025-04;2025-05;2025-06;2025-07;2025-08;2025-09;2025-10;2025-11;2025-12,False,False,False,True
prayer,信仰精神,53,book of common prayer,106557,12,2025-01;2025-02;2025-03;2025-04;2025-05;2025-06;2025-07;2025-08;2025-09;2025-10;2025-11;2025-12,False,False,False,True
prayer,信仰精神,53,prayer box,107307,12,2025-01;2025-02;2025-03;2025-04;2025-05;2025-06;2025-07;2025-08;2025-09;2025-10;2025-11;2025-12,False,False,False,True
prayer,信仰精神,53,prayer journal for teen girls,110175,1,2025-12,False,False,False,True
prayer,信仰精神,53,prayer plant,110550,6,2025-03;2025-04;2025-05;2025-06;2025-07;2025-09,False,False,False,True
prayer,信仰精神,53,prayer journal for women,116609,3,2025-01;2025-09;2025-12,False,False,False,True
prayer,信仰精神,53,prayer quilt,117488,3,2025-09;2025-11;2025-12,False,False,False,True
prayer,信仰精神,53,a very merry christmas prayer,118172,2,2025-10;2025-11,False,False,False,True
prayer,信仰精神,53,prayer,128257,9,2025-01;2025-02;2025-03;2025-04;2025-05;2025-08;2025-09;2025-10;2025-12,False,False,False,True
prayer,信仰精神,53,red prayer book,129947,1,2025-03,False,False,False,True
prayer,信仰精神,53,prayer shawls for women,132232,7,2025-01;2025-02;2025-03;2025-04;2025-05;2025-06;2025-07,False,False,False,True
prayer,信仰精神,53,the hunter's prayer,132965,2,2025-04;2025-11,False,False,False,True
prayer,信仰精神,53,the prayer of freedom,133085,1,2025-12,False,False,False,True
prayer,信仰精神,53,prayer beads,136578,11,2025-01;2025-02;2025-03;2025-04;2025-05;2025-06;2025-07;2025-08;2025-09;2025-10;2025-12,False,False,False,True
prayer,信仰精神,53,serenity prayer,138832,10,2025-01;2025-02;2025-03;2025-04;2025-05;2025-06;2025-07;2025-08;2025-09;2025-12,False,False,False,True
prayer,信仰精神,53,a prayer for owen meany,141801,1,2025-11,False,False,False,True
prayer,信仰精神,53,like a prayer,142257,2,2025-01;2025-02,False,False,False,True
prayer,信仰精神,53,prayer jar with scriptures for women,156943,1,2025-03,False,False,False,True
prayer,信仰精神,53,a little prayer,157149,1,2025-10,False,False,False,True
prayer,信仰精神,53,draw the circle the 40 day prayer challenge,159111,1,2025-01,False,False,False,True
prayer,信仰精神,53,the prayer of freedom beatty carmichael,167722,1,2025-12,False,False,False,True
prayer,信仰精神,53,breath as prayer,169357,2,2025-01;2025-12,False,False,False,True
prayer,信仰精神,53,serenity prayer wall art,179287,7,2025-01;2025-02;2025-03;2025-04;2025-05;2025-08;2025-09,False,False,False,True
prayer,信仰精神,53,orthodox prayer rope,180802,2,2025-09;2025-10,False,False,False,True
prayer,信仰精神,53,say a little prayer,181242,1,2025-03,False,False,False,True
prayer,信仰精神,53,prayer clothes for women islam,187001,1,2025-03,False,False,False,True
prayer,信仰精神,53,prayer plants live house plants,190346,2,2025-03;2025-04,False,False,False,True
prayer,信仰精神,53,prayer dress for women muslim,192476,1,2025-03,False,False,False,True
prayer,信仰精神,53,the prayer i share bracelet,197022,1,2025-12,False,False,True,False
ashes,纪念哀悼,49,urns for human ashes,10751,12,2025-01;2025-02;2025-03;2025-04;2025-05;2025-06;2025-07;2025-08;2025-09;2025-10;2025-11;2025-12,False,False,False,True
ashes,纪念哀悼,49,urn for ashes adult male,12945,12,2025-01;2025-02;2025-03;2025-04;2025-05;2025-06;2025-07;2025-08;2025-09;2025-10;2025-11;2025-12,False,False,False,True
ashes,纪念哀悼,49,urn for ashes for women,16332,12,2025-01;2025-02;2025-03;2025-04;2025-05;2025-06;2025-07;2025-08;2025-09;2025-10;2025-11;2025-12,False,False,False,True
ashes,纪念哀悼,49,king of ashes,18419,8,2025-05;2025-06;2025-07;2025-08;2025-09;2025-10;2025-11;2025-12,False,False,False,True
ashes,纪念哀悼,49,urn necklaces for ashes,19290,12,2025-01;2025-02;2025-03;2025-04;2025-05;2025-06;2025-07;2025-08;2025-09;2025-10;2025-11;2025-12,False,False,True,False
ashes,纪念哀悼,49,crown of light and ashes,22371,6,2025-06;2025-07;2025-08;2025-10;2025-11;2025-12,False,False,False,True
ashes,纪念哀悼,49,urns for human ashes adult man,30274,12,2025-01;2025-02;2025-03;2025-04;2025-05;2025-06;2025-07;2025-08;2025-09;2025-10;2025-11;2025-12,False,False,False,True
ashes,纪念哀悼,49,cremation jewelry for ashes,32319,12,2025-01;2025-02;2025-03;2025-04;2025-05;2025-06;2025-07;2025-08;2025-09;2025-10;2025-11;2025-12,False,False,True,False
ashes,纪念哀悼,49,small urns for human ashes keepsake,41563,12,2025-01;2025-02;2025-03;2025-04;2025-05;2025-06;2025-07;2025-08;2025-09;2025-10;2025-11;2025-12,False,True,False,False
ashes,纪念哀悼,49,urns for human ashes adult female,42602,12,2025-01;2025-02;2025-03;2025-04;2025-05;2025-06;2025-07;2025-08;2025-09;2025-10;2025-11;2025-12,False,False,False,True
ashes,纪念哀悼,49,king of ashes s.a. cosby,49341,6,2025-05;2025-06;2025-07;2025-08;2025-11;2025-12,False,False,False,True
ashes,纪念哀悼,49,dog urns for ashes,55279,12,2025-01;2025-02;2025-03;2025-04;2025-05;2025-06;2025-07;2025-08;2025-09;2025-10;2025-11;2025-12,False,False,False,True
ashes,纪念哀悼,49,necklace for ashes,55688,12,2025-01;2025-02;2025-03;2025-04;2025-05;2025-06;2025-07;2025-08;2025-09;2025-10;2025-11;2025-12,False,False,True,False
ashes,纪念哀悼,49,an ember in the ashes,58084,12,2025-01;2025-02;2025-03;2025-04;2025-05;2025-06;2025-07;2025-08;2025-09;2025-10;2025-11;2025-12,False,False,False,True
ashes,纪念哀悼,49,legacy of ashes,58342,1,2025-07,False,False,False,True
ashes,纪念哀悼,49,ashes necklace for women,65567,12,2025-01;2025-02;2025-03;2025-04;2025-05;2025-06;2025-07;2025-08;2025-09;2025-10;2025-11;2025-12,False,False,True,False
ashes,纪念哀悼,49,cremation urns for human ashes,69573,11,2025-01;2025-02;2025-03;2025-04;2025-05;2025-06;2025-07;2025-08;2025-09;2025-10;2025-11,False,False,False,True
ashes,纪念哀悼,49,mini urns for human ashes,74743,12,2025-01;2025-02;2025-03;2025-04;2025-05;2025-06;2025-07;2025-08;2025-09;2025-10;2025-11;2025-12,False,False,False,True
ashes,纪念哀悼,49,small urns for human ashes,83792,12,2025-01;2025-02;2025-03;2025-04;2025-05;2025-06;2025-07;2025-08;2025-09;2025-10;2025-11;2025-12,False,False,False,True
ashes,纪念哀悼,49,the ashes and the star cursed king,87620,9,2025-01;2025-02;2025-03;2025-04;2025-05;2025-06;2025-07;2025-08;2025-09,False,False,False,True
ashes,纪念哀悼,49,ash necklace for human ashes,97960,11,2025-01;2025-02;2025-03;2025-04;2025-05;2025-06;2025-07;2025-08;2025-09;2025-10;2025-12,False,False,True,False
ashes,纪念哀悼,49,urns for ashes,99296,11,2025-01;2025-02;2025-03;2025-04;2025-05;2025-06;2025-07;2025-08;2025-09;2025-10;2025-11,False,False,False,True
ashes,纪念哀悼,49,urn for ashes,100974,12,2025-01;2025-02;2025-03;2025-04;2025-05;2025-06;2025-07;2025-08;2025-09;2025-10;2025-11;2025-12,False,False,False,True
ashes,纪念哀悼,49,ashes keepsake,106272,12,2025-01;2025-02;2025-03;2025-04;2025-05;2025-06;2025-07;2025-08;2025-09;2025-10;2025-11;2025-12,False,True,False,False
ashes,纪念哀悼,49,necklace for ashes of loved one,107897,10,2025-01;2025-02;2025-03;2025-04;2025-05;2025-06;2025-07;2025-08;2025-09;2025-10,False,False,True,False
ashes,纪念哀悼,49,cremation necklace for ashes,108776,7,2025-01;2025-02;2025-03;2025-04;2025-05;2025-06;2025-07,False,False,True,False
ashes,纪念哀悼,49,urn necklaces for ashes for women,112832,9,2025-01;2025-02;2025-03;2025-04;2025-05;2025-06;2025-07;2025-08;2025-09,False,False,True,False
ashes,纪念哀悼,49,ashes for ash wednesday,117057,1,2025-02,False,False,False,True
ashes,纪念哀悼,49,ashes necklace,125874,11,2025-01;2025-02;2025-03;2025-04;2025-05;2025-06;2025-07;2025-08;2025-09;2025-10;2025-12,False,False,True,False
ashes,纪念哀悼,49,ember in the ashes,129514,8,2025-01;2025-02;2025-03;2025-04;2025-05;2025-06;2025-07;2025-08,False,False,False,True
ashes,纪念哀悼,49,cat urns for ashes,140878,8,2025-01;2025-02;2025-03;2025-04;2025-05;2025-06;2025-07;2025-08,False,False,False,True
ashes,纪念哀悼,49,legacy of ashes the history of the cia,141603,1,2025-07,False,False,False,True
ashes,纪念哀悼,49,ashes and the star cursed king,141641,3,2025-01;2025-02;2025-03,False,False,False,True
ashes,纪念哀悼,49,urn for dog ashes,144334,11,2025-01;2025-02;2025-03;2025-04;2025-05;2025-06;2025-07;2025-08;2025-09;2025-10;2025-11,False,False,False,True
ashes,纪念哀悼,49,ashes of us,157823,1,2025-11,False,False,False,True
ashes,纪念哀悼,49,human urns for ashes,164342,1,2025-01,False,False,False,True
ashes,纪念哀悼,49,necklaces for ashes,166879,5,2025-02;2025-03;2025-04;2025-05;2025-06,False,False,True,False
ashes,纪念哀悼,49,keepsake urns for human ashes,169470,4,2025-02;2025-03;2025-04;2025-05,False,True,False,False
ashes,纪念哀悼,49,a necklace that hold ashes,171815,1,2025-01,False,False,True,False
ashes,纪念哀悼,49,king of ashes s a cosby,173721,1,2025-06,False,False,False,True
ashes,纪念哀悼,49,ashes of the imperium,175541,2,2025-11;2025-12,False,False,False,True
ashes,纪念哀悼,49,pet urns for dogs ashes,184296,1,2025-02,False,False,False,True
ashes,纪念哀悼,49,the ashes and the star cursed kimg,184661,3,2025-01;2025-02;2025-03,False,False,False,True
ashes,纪念哀悼,49,ashes in the snow,185223,1,2025-02,False,False,False,True
ashes,纪念哀悼,49,ashes of you,185819,1,2025-02,False,False,False,True
ashes,纪念哀悼,49,ashes,188498,1,2025-02,False,False,False,True
ashes,纪念哀悼,49,necklace urns for human ashes,191893,1,2025-02,False,False,True,False
ashes,纪念哀悼,49,angela's ashes,195868,1,2025-03,False,False,False,True
ashes,纪念哀悼,49,earns for ashes for adult humans,199616,1,2025-02,False,False,False,True
retirement,成就节点,46,retirement gift for woman,2593,12,2025-01;2025-02;2025-03;2025-04;2025-05;2025-06;2025-07;2025-08;2025-09;2025-10;2025-11;2025-12,True,False,False,False
retirement,成就节点,46,retirement gifts for men,5883,12,2025-01;2025-02;2025-03;2025-04;2025-05;2025-06;2025-07;2025-08;2025-09;2025-10;2025-11;2025-12,True,False,False,False
retirement,成就节点,46,retirement party decorations,6134,12,2025-01;2025-02;2025-03;2025-04;2025-05;2025-06;2025-07;2025-08;2025-09;2025-10;2025-11;2025-12,False,False,False,True
retirement,成就节点,46,retirement gifts for women,13652,12,2025-01;2025-02;2025-03;2025-04;2025-05;2025-06;2025-07;2025-08;2025-09;2025-10;2025-11;2025-12,True,False,False,False
retirement,成就节点,46,retirement card,18305,12,2025-01;2025-02;2025-03;2025-04;2025-05;2025-06;2025-07;2025-08;2025-09;2025-10;2025-11;2025-12,False,False,False,True
retirement,成就节点,46,retirement gifts,21488,12,2025-01;2025-02;2025-03;2025-04;2025-05;2025-06;2025-07;2025-08;2025-09;2025-10;2025-11;2025-12,True,False,False,False
retirement,成就节点,46,retirement decorations,25300,12,2025-01;2025-02;2025-03;2025-04;2025-05;2025-06;2025-07;2025-08;2025-09;2025-10;2025-11;2025-12,False,False,False,True
retirement,成就节点,46,teacher retirement gifts for women,35841,4,2025-03;2025-04;2025-05;2025-06,True,False,False,False
retirement,成就节点,46,happy retirement decorations,43324,12,2025-01;2025-02;2025-03;2025-04;2025-05;2025-06;2025-07;2025-08;2025-09;2025-10;2025-11;2025-12,False,False,False,True
retirement,成就节点,46,retirement gift,47374,12,2025-01;2025-02;2025-03;2025-04;2025-05;2025-06;2025-07;2025-08;2025-09;2025-10;2025-11;2025-12,True,False,False,False
retirement,成就节点,46,happy retirement banner,61923,12,2025-01;2025-02;2025-03;2025-04;2025-05;2025-06;2025-07;2025-08;2025-09;2025-10;2025-11;2025-12,False,False,False,True
retirement,成就节点,46,retirement banner,64199,12,2025-01;2025-02;2025-03;2025-04;2025-05;2025-06;2025-07;2025-08;2025-09;2025-10;2025-11;2025-12,False,False,False,True
retirement,成就节点,46,retirement card for woman,66149,12,2025-01;2025-02;2025-03;2025-04;2025-05;2025-06;2025-07;2025-08;2025-09;2025-10;2025-11;2025-12,False,False,False,True
retirement,成就节点,46,best retirement gifts for woman,69518,3,2025-01;2025-02;2025-03,True,False,False,False
retirement,成就节点,46,retirement,72687,12,2025-01;2025-02;2025-03;2025-04;2025-05;2025-06;2025-07;2025-08;2025-09;2025-10;2025-11;2025-12,False,False,False,True
retirement,成就节点,46,retirement gifts for women 2025,76108,8,2025-01;2025-02;2025-03;2025-04;2025-05;2025-06;2025-07;2025-08,True,False,False,False
retirement,成就节点,46,retirement gift for men,84812,2,2025-04;2025-05,True,False,False,False
retirement,成就节点,46,cool retirement gifts,86116,1,2025-04,True,False,False,False
retirement,成就节点,46,tax planning to and through early retirement,94676,2,2025-09;2025-10,False,False,False,True
retirement,成就节点,46,teacher retirement gifts,100139,1,2025-05,True,False,False,False
retirement,成就节点,46,retirement gift basket for women,107210,5,2025-04;2025-05;2025-06;2025-07;2025-08,True,False,False,False
retirement,成就节点,46,the retirement plan,110130,2,2025-05;2025-06,False,False,False,True
retirement,成就节点,46,retirement decorations for women,114973,5,2025-02;2025-03;2025-04;2025-05;2025-06,False,False,False,True
retirement,成就节点,46,retirement blanket,135018,2,2025-01;2025-02,False,False,False,True
retirement,成就节点,46,retirement cards,143013,2,2025-05;2025-06,False,False,False,True
retirement,成就节点,46,retirement napkins,144184,1,2025-05,False,False,False,True
retirement,成就节点,46,funny retirement gifts for women,145323,2,2025-04;2025-05,True,False,False,False
retirement,成就节点,46,funny retirement gifts for men,148129,6,2025-01;2025-02;2025-03;2025-04;2025-05;2025-06,True,False,False,False
retirement,成就节点,46,retirement cake topper,148497,2,2025-05;2025-06,False,False,False,True
retirement,成就节点,46,happy retirement,152873,3,2025-02;2025-04;2025-05,False,False,False,True
retirement,成就节点,46,best gifts for retirement,159064,1,2025-02,True,False,False,False
retirement,成就节点,46,2024 retirement gifts,159573,1,2025-01,True,False,False,False
retirement,成就节点,46,retirement candle,162105,1,2025-05,False,False,False,True
retirement,成就节点,46,retirement gift bag,162411,2,2025-05;2025-06,True,False,False,False
retirement,成就节点,46,retirement balloons,163898,2,2025-05;2025-06,False,False,False,True
retirement,成就节点,46,retirement gifts for men 2025,167059,1,2025-04,True,False,False,False
retirement,成就节点,46,retirement card for man,167297,2,2025-05;2025-06,False,False,False,True
retirement,成就节点,46,cool retirement gifts women,169597,1,2025-12,True,False,False,False
retirement,成就节点,46,retirement sash,170309,1,2025-05,False,False,False,True
retirement,成就节点,46,retirement cupcake toppers,172914,1,2025-05,False,False,False,True
retirement,成就节点,46,retirement shirts for women,173140,1,2025-05,False,False,False,True
retirement,成就节点,46,retirement gifts for women 2024,174621,1,2025-01,True,False,False,False
retirement,成就节点,46,retirement party decorations women,180980,2,2025-04;2025-05,False,False,False,True
retirement,成就节点,46,retirement plates and napkins sets,194228,1,2025-05,False,False,False,True
retirement,成就节点,46,retirement gift for teacher,197035,1,2025-05,True,False,False,False
retirement,成就节点,46,retirement party,198911,1,2025-05,False,False,False,True
bogg bag,charm潮流,45,bogg bag,196,12,2025-01;2025-02;2025-03;2025-04;2025-05;2025-06;2025-07;2025-08;2025-09;2025-10;2025-11;2025-12,False,False,False,True
bogg bag,charm潮流,45,bogg bag accessories,487,12,2025-01;2025-02;2025-03;2025-04;2025-05;2025-06;2025-07;2025-08;2025-09;2025-10;2025-11;2025-12,False,False,False,True
bogg bag,charm潮流,45,bogg bag charms,5549,12,2025-01;2025-02;2025-03;2025-04;2025-05;2025-06;2025-07;2025-08;2025-09;2025-10;2025-11;2025-12,False,False,True,False
bogg bag,charm潮流,45,bogg bag large,25279,12,2025-01;2025-02;2025-03;2025-04;2025-05;2025-06;2025-07;2025-08;2025-09;2025-10;2025-11;2025-12,False,False,False,True
bogg bag,charm潮流,45,bogg bag cup holder,25709,11,2025-01;2025-02;2025-03;2025-04;2025-05;2025-06;2025-07;2025-08;2025-09;2025-11;2025-12,False,False,False,True
bogg bag,charm潮流,45,bogg bag phone holder,29278,9,2025-01;2025-02;2025-03;2025-04;2025-05;2025-06;2025-07;2025-08;2025-12,False,False,False,True
bogg bag,charm潮流,45,mini bogg bag,36066,12,2025-01;2025-02;2025-03;2025-04;2025-05;2025-06;2025-07;2025-08;2025-09;2025-10;2025-11;2025-12,False,False,False,True
bogg bag,charm潮流,45,bogg bag small,38796,12,2025-01;2025-02;2025-03;2025-04;2025-05;2025-06;2025-07;2025-08;2025-09;2025-10;2025-11;2025-12,False,False,False,True
bogg bag,charm潮流,45,bogg bag divider,43210,7,2025-01;2025-03;2025-04;2025-05;2025-06;2025-07;2025-08,False,False,False,True
bogg bag,charm潮流,45,bogg bag xl,45172,5,2025-04;2025-05;2025-06;2025-07;2025-08,False,False,False,True
bogg bag,charm潮流,45,bogg bag topper tray,53988,3,2025-05;2025-06;2025-07,False,False,False,True
bogg bag,charm潮流,45,small bogg bag,54566,12,2025-01;2025-02;2025-03;2025-04;2025-05;2025-06;2025-07;2025-08;2025-09;2025-10;2025-11;2025-12,False,False,False,True
bogg bag,charm潮流,45,bitty bogg bag,55896,12,2025-01;2025-02;2025-03;2025-04;2025-05;2025-06;2025-07;2025-08;2025-09;2025-10;2025-11;2025-12,False,False,False,True
bogg bag,charm潮流,45,medium bogg bag,57939,9,2025-03;2025-04;2025-05;2025-06;2025-07;2025-08;2025-09;2025-11;2025-12,False,False,False,True
bogg bag,charm潮流,45,bogg bag medium,61058,10,2025-03;2025-04;2025-05;2025-06;2025-07;2025-08;2025-09;2025-10;2025-11;2025-12,False,False,False,True
bogg bag,charm潮流,45,baby bogg bag,67072,11,2025-01;2025-02;2025-03;2025-04;2025-05;2025-06;2025-07;2025-08;2025-09;2025-11;2025-12,False,False,False,True
bogg bag,charm潮流,45,large bogg bag,70093,6,2025-03;2025-04;2025-05;2025-06;2025-07;2025-08,False,False,False,True
bogg bag,charm潮流,45,bogg bag organizer,71265,5,2025-03;2025-04;2025-05;2025-06;2025-07,False,False,False,True
bogg bag,charm潮流,45,bogg bag cooler,72645,4,2025-04;2025-05;2025-06;2025-07,False,False,False,True
bogg bag,charm潮流,45,bogg bag accessories charm,75007,8,2025-01;2025-02;2025-03;2025-04;2025-05;2025-06;2025-07;2025-08,False,False,True,False
bogg bag,charm潮流,45,bogg bag sale,76850,3,2025-07;2025-08;2025-09,False,False,False,True
bogg bag,charm潮流,45,bogg bag clearance,89631,3,2025-05;2025-06;2025-07,False,False,False,True
bogg bag,charm潮流,45,bogg bag duoop,93011,4,2025-04;2025-05;2025-06;2025-07,False,False,False,True
bogg bag,charm潮流,45,bogg bag strap,93660,4,2025-03;2025-05;2025-06;2025-07,False,False,False,True
bogg bag,charm潮流,45,baseball bogg bag,94341,4,2025-02;2025-03;2025-04;2025-05,False,False,False,True
bogg bag,charm潮流,45,bogg bag topper,101300,3,2025-05;2025-06;2025-07,False,False,False,True
bogg bag,charm潮流,45,simply southern bogg bag,101664,3,2025-05;2025-06;2025-07,False,False,False,True
bogg bag,charm潮流,45,bogg bag cooler insert,104548,3,2025-05;2025-06;2025-07,False,False,False,True
bogg bag,charm潮流,45,xl bogg bag,106259,3,2025-05;2025-06;2025-07,False,False,False,True
bogg bag,charm潮流,45,mini bogg bag for girls,108953,5,2025-03;2025-04;2025-05;2025-06;2025-07,False,False,False,True
bogg bag,charm潮流,45,bogg bag insert,127418,3,2025-05;2025-06;2025-07,False,False,False,True
bogg bag,charm潮流,45,gingerbread bogg bag,143451,1,2025-11,False,False,False,True
bogg bag,charm潮流,45,bogg bag medium size,144089,4,2025-02;2025-03;2025-05;2025-06,False,False,False,True
bogg bag,charm潮流,45,charms for bogg bag,160588,4,2025-04;2025-05;2025-06;2025-07,False,False,True,False
bogg bag,charm潮流,45,bogg bag -,167477,1,2025-12,False,False,False,True
bogg bag,charm潮流,45,bogg bag charms for women,168164,2,2025-05;2025-06,False,False,True,False
bogg bag,charm潮流,45,bogg bag tray,171284,3,2025-05;2025-06;2025-07,False,False,False,True
bogg bag,charm潮流,45,bogg bag accessories cup holder,171939,2,2025-05;2025-06,False,False,False,True
bogg bag,charm潮流,45,bogg bag must have,174489,1,2025-01,False,False,False,True
bogg bag,charm潮流,45,christmas bogg bag,174818,1,2025-11,False,False,False,True
bogg bag,charm潮流,45,bogg bag replacement buttons,191204,1,2025-07,False,False,False,True
bogg bag,charm潮流,45,pink bogg bag,193637,1,2025-05,False,False,False,True
bogg bag,charm潮流,45,bogg bag mini,195521,1,2025-06,False,False,False,True
bogg bag,charm潮流,45,bogg bag organizer insert,196759,1,2025-06,False,False,False,True
bogg bag,charm潮流,45,football bogg bag,197547,1,2025-08,False,False,False,True
initial,个性化定制,43,initial necklaces for women,5937,12,2025-01;2025-02;2025-03;2025-04;2025-05;2025-06;2025-07;2025-08;2025-09;2025-10;2025-11;2025-12,False,False,True,False
initial,个性化定制,43,initial necklace,8037,12,2025-01;2025-02;2025-03;2025-04;2025-05;2025-06;2025-07;2025-08;2025-09;2025-10;2025-11;2025-12,False,False,True,False
initial,个性化定制,43,initial d,18333,12,2025-01;2025-02;2025-03;2025-04;2025-05;2025-06;2025-07;2025-08;2025-09;2025-10;2025-11;2025-12,False,False,False,True
initial,个性化定制,43,initial stockings christmas,28588,2,2025-11;2025-12,False,False,False,True
initial,个性化定制,43,initial bracelet,36651,12,2025-01;2025-02;2025-03;2025-04;2025-05;2025-06;2025-07;2025-08;2025-09;2025-10;2025-11;2025-12,False,False,True,False
initial,个性化定制,43,initial makeup bag,43304,12,2025-01;2025-02;2025-03;2025-04;2025-05;2025-06;2025-07;2025-08;2025-09;2025-10;2025-11;2025-12,False,False,False,True
initial,个性化定制,43,initial necklaces for girls,48113,5,2025-01;2025-02;2025-04;2025-11;2025-12,False,False,True,False
initial,个性化定制,43,initial keychain,52488,12,2025-01;2025-02;2025-03;2025-04;2025-05;2025-06;2025-07;2025-08;2025-09;2025-10;2025-11;2025-12,False,False,False,True
initial,个性化定制,43,gold initial necklace for women,53741,11,2025-01;2025-02;2025-03;2025-04;2025-05;2025-06;2025-07;2025-08;2025-09;2025-11;2025-12,False,False,True,False
initial,个性化定制,43,initial ring,57338,12,2025-01;2025-02;2025-03;2025-04;2025-05;2025-06;2025-07;2025-08;2025-09;2025-10;2025-11;2025-12,False,False,True,False
initial,个性化定制,43,initial ornaments,66439,2,2025-11;2025-12,False,False,False,True
initial,个性化定制,43,initial stockings,77285,2,2025-11;2025-12,False,False,False,True
initial,个性化定制,43,initial bracelets for women,77726,9,2025-01;2025-02;2025-05;2025-06;2025-07;2025-08;2025-09;2025-11;2025-12,False,False,True,False
initial,个性化定制,43,stocking with initial,80713,2,2025-11;2025-12,False,False,False,True
initial,个性化定制,43,gold initial necklace,87960,10,2025-01;2025-02;2025-03;2025-04;2025-05;2025-06;2025-09;2025-10;2025-11;2025-12,False,False,True,False
initial,个性化定制,43,initial bag,95838,3,2025-05;2025-11;2025-12,False,False,False,True
initial,个性化定制,43,initial christmas stockings,106498,2,2025-11;2025-12,False,False,False,True
initial,个性化定制,43,belt buckle necklace with initial,108776,7,2025-01;2025-02;2025-03;2025-04;2025-05;2025-06;2025-12,False,False,True,False
initial,个性化定制,43,silver initial necklaces for women,110576,12,2025-01;2025-02;2025-03;2025-04;2025-05;2025-06;2025-07;2025-08;2025-09;2025-10;2025-11;2025-12,False,False,True,False
initial,个性化定制,43,initial bracelet for men,117563,3,2025-01;2025-02;2025-12,False,False,True,False
initial,个性化定制,43,christmas stocking with initial,122870,2,2025-11;2025-12,False,False,False,True
initial,个性化定制,43,initial necklaces for women silver,131588,8,2025-01;2025-02;2025-03;2025-04;2025-05;2025-06;2025-07;2025-08,False,False,True,False
initial,个性化定制,43,bubble initial necklaces for women,143074,7,2025-01;2025-02;2025-03;2025-04;2025-05;2025-06;2025-07,False,False,True,False
initial,个性化定制,43,sterling silver initial necklace,143637,1,2025-12,False,False,True,False
initial,个性化定制,43,beaded initial necklace,147441,2,2025-06;2025-07,False,False,True,False
initial,个性化定制,43,initial gifts for women,151579,1,2025-12,True,False,False,False
initial,个性化定制,43,makeup bag with initial,151722,1,2025-12,False,False,False,True
initial,个性化定制,43,initial tote bags for women,155110,1,2025-05,False,False,False,True
initial,个性化定制,43,initial necklace silver,157352,1,2025-12,False,False,True,False
initial,个性化定制,43,initial christmas ornaments,162122,2,2025-11;2025-12,False,False,False,True
initial,个性化定制,43,initial bag charm,165391,1,2025-12,False,False,True,False
initial,个性化定制,43,initial pillow,167784,2,2025-07;2025-08,False,False,False,True
initial,个性化定制,43,initial stocking,171246,2,2025-11;2025-12,False,False,False,True
initial,个性化定制,43,initial necklace for men,172508,2,2025-02;2025-12,False,False,True,False
initial,个性化定制,43,initial ornaments for christmas tree,175727,2,2025-11;2025-12,False,False,False,True
initial,个性化定制,43,initial rings for women,177368,1,2025-01,False,False,True,False
initial,个性化定制,43,girls initial necklace,179606,1,2025-12,False,False,True,False
initial,个性化定制,43,initial keychains for women,188101,2,2025-05;2025-12,False,False,False,True
initial,个性化定制,43,initial tote bag,188539,1,2025-12,False,False,False,True
initial,个性化定制,43,yoolife initial canvas tote bag,189249,1,2025-12,False,False,False,True
initial,个性化定制,43,kendra scott initial necklace,195275,1,2025-12,False,False,True,False
initial,个性化定制,43,silver initial necklace,195515,1,2025-12,False,False,True,False
initial,个性化定制,43,initial necklaces,198224,1,2025-12,False,False,True,False
faith,信仰精神,42,heartland on up faith and family,8868,12,2025-01;2025-02;2025-03;2025-04;2025-05;2025-06;2025-07;2025-08;2025-09;2025-10;2025-11;2025-12,False,False,False,True
faith,信仰精神,42,faith over fear hoodie,16186,12,2025-01;2025-02;2025-03;2025-04;2025-05;2025-06;2025-07;2025-08;2025-09;2025-10;2025-11;2025-12,False,False,False,True
faith,信仰精神,42,bad faith,18254,10,2025-01;2025-02;2025-03;2025-04;2025-05;2025-06;2025-07;2025-08;2025-09;2025-10,False,False,False,True
faith,信仰精神,42,killing faith,31350,3,2025-10;2025-11;2025-12,False,False,False,True
faith,信仰精神,42,faith based,32004,12,2025-01;2025-02;2025-03;2025-04;2025-05;2025-06;2025-07;2025-08;2025-09;2025-10;2025-11;2025-12,False,False,False,True
faith,信仰精神,42,faith over fear shirt,35269,12,2025-01;2025-02;2025-03;2025-04;2025-05;2025-06;2025-07;2025-08;2025-09;2025-10;2025-11;2025-12,False,False,False,True
faith,信仰精神,42,faith shirts for women,36864,11,2025-02;2025-03;2025-04;2025-05;2025-06;2025-07;2025-08;2025-09;2025-10;2025-11;2025-12,False,False,False,True
faith,信仰精神,42,faith based movies on prime,37702,3,2025-01;2025-02;2025-03,False,False,False,True
faith,信仰精神,42,keeping faith,38379,2,2025-09;2025-10,False,False,False,True
faith,信仰精神,42,finding faith,42782,3,2025-08;2025-09;2025-10,False,False,False,True
faith,信仰精神,42,faith,47401,12,2025-01;2025-02;2025-03;2025-04;2025-05;2025-06;2025-07;2025-08;2025-09;2025-10;2025-11;2025-12,False,False,False,True
faith,信仰精神,42,i dont have enough faith to be an atheist,58921,4,2025-09;2025-10;2025-11;2025-12,False,False,False,True
faith,信仰精神,42,christian gifts for women faith,72899,5,2025-01;2025-02;2025-03;2025-11;2025-12,True,False,False,False
faith,信仰精神,42,faith gifts for women,75759,2,2025-11;2025-12,True,False,False,False
faith,信仰精神,42,usa faith wear,81115,2,2025-11;2025-12,False,False,False,True
faith,信仰精神,42,faith over fear,87880,10,2025-01;2025-02;2025-03;2025-04;2025-07;2025-08;2025-09;2025-10;2025-11;2025-12,False,False,False,True
faith,信仰精神,42,up faith and family,90513,9,2025-01;2025-02;2025-03;2025-04;2025-05;2025-06;2025-07;2025-11;2025-12,False,False,False,True
faith,信仰精神,42,the case for faith,92877,1,2025-09,False,False,False,True
faith,信仰精神,42,vera or faith,93159,1,2025-07,False,False,False,True
faith,信仰精神,42,faith based easter gifts,94346,1,2025-04,True,False,False,False
faith,信仰精神,42,heartland on up faith and family channel,96391,3,2025-05;2025-06;2025-07,False,False,False,True
faith,信仰精神,42,faith over fear sweatshirt,97242,1,2025-01,False,False,False,True
faith,信仰精神,42,faith based gifts for women,99682,1,2025-12,True,False,False,False
faith,信仰精神,42,the dangers of a shallow faith,101714,1,2025-09,False,False,False,True
faith,信仰精神,42,faith based gifts,105732,1,2025-04,True,False,False,False
faith,信仰精神,42,faith of angels movie 2024,107954,3,2025-03;2025-05;2025-06,False,False,False,True
faith,信仰精神,42,a question of faith,109211,2,2025-01;2025-02,False,False,False,True
faith,信仰精神,42,walking by faith tripping constantly t shirt,112065,1,2025-06,False,False,False,True
faith,信仰精神,42,faith wardrobe,112709,1,2025-09,False,False,False,True
faith,信仰精神,42,faith sweatshirts for women,115015,4,2025-09;2025-10;2025-11;2025-12,False,False,False,True
faith,信仰精神,42,breaking4: faith kipyegon vs. the 4-minute mile,118473,1,2025-06,False,False,False,True
faith,信仰精神,42,a 30-day devotional for women: from fear & anxiety to faith and lasting peace in just 10 minutes a d,123180,1,2025-10,False,False,False,True
faith,信仰精神,42,blind faith,141056,1,2025-02,False,False,False,True
faith,信仰精神,42,faith shirts for men,144914,3,2025-06;2025-09;2025-12,False,False,False,True
faith,信仰精神,42,faith gifts,160856,1,2025-12,True,False,False,False
faith,信仰精神,42,faith over fear hoodie men,167216,1,2025-12,False,False,False,True
faith,信仰精神,42,faith in the flames,167884,1,2025-07,False,False,False,True
faith,信仰精神,42,faith kipyegon,176056,1,2025-06,False,False,False,True
faith,信仰精神,42,judge faith,182329,2,2025-03;2025-06,False,False,False,True
faith,信仰精神,42,faith stickers,186213,1,2025-09,False,False,False,True
faith,信仰精神,42,faith wardrobe for women,187993,1,2025-09,False,False,False,True
faith,信仰精神,42,faith linen sheets,194930,1,2025-11,False,False,False,True
saint,信仰精神,42,the saint,5311,12,2025-01;2025-02;2025-03;2025-04;2025-05;2025-06;2025-07;2025-08;2025-09;2025-10;2025-11;2025-12,False,False,False,True
saint,信仰精神,42,saint patricks day shirt,6800,2,2025-02;2025-03,False,False,False,True
saint,信仰精神,42,saint patricks day decorations,9460,3,2025-01;2025-02;2025-03,False,False,False,True
saint,信仰精神,42,saint patricks day accessories,14823,2,2025-02;2025-03,False,False,False,True
saint,信仰精神,42,saint patricks day outfit women,20189,2,2025-02;2025-03,False,False,False,True
saint,信仰精神,42,yves saint laurent cologne for men,21247,12,2025-01;2025-02;2025-03;2025-04;2025-05;2025-06;2025-07;2025-08;2025-09;2025-10;2025-11;2025-12,False,False,False,True
saint,信仰精神,42,yves saint laurent,27033,12,2025-01;2025-02;2025-03;2025-04;2025-05;2025-06;2025-07;2025-08;2025-09;2025-10;2025-11;2025-12,False,False,False,True
saint,信仰精神,42,the saint val kilmer,27463,1,2025-04,False,False,False,True
saint,信仰精神,42,saint patricks day shirt women,32386,2,2025-02;2025-03,False,False,False,True
saint,信仰精神,42,the saint penelope sky,39268,3,2025-03;2025-04;2025-05,False,False,False,True
saint,信仰精神,42,saint,40130,12,2025-01;2025-02;2025-03;2025-04;2025-05;2025-06;2025-07;2025-08;2025-09;2025-10;2025-11;2025-12,False,False,False,True
saint,信仰精神,42,saint patricks day,43306,2,2025-02;2025-03,False,False,False,True
saint,信仰精神,42,yves saint laurent perfume for women,50744,12,2025-01;2025-02;2025-03;2025-04;2025-05;2025-06;2025-07;2025-08;2025-09;2025-10;2025-11;2025-12,False,False,False,True
saint,信仰精神,42,saint maud,58828,10,2025-01;2025-02;2025-04;2025-05;2025-06;2025-07;2025-08;2025-09;2025-10;2025-11,False,False,False,True
saint,信仰精神,42,broken saint,68183,1,2025-01,False,False,False,True
saint,信仰精神,42,her saint harmony west,70061,1,2025-04,False,False,False,True
saint,信仰精神,42,saint costume kids,70910,1,2025-10,False,False,False,True
saint,信仰精神,42,her saint,85335,4,2025-01;2025-02;2025-03;2025-04,False,False,False,True
saint,信仰精神,42,myself yves saint laurent men,91827,7,2025-05;2025-07;2025-08;2025-09;2025-10;2025-11;2025-12,False,False,False,True
saint,信仰精神,42,saint patricks day shirt men,98224,1,2025-03,False,False,False,True
saint,信仰精神,42,saint patricks day hat,107658,1,2025-03,False,False,False,True
saint,信仰精神,42,how to be a saint,120402,1,2025-09,False,False,False,True
saint,信仰精神,42,saint germain bakery,121462,2,2025-01;2025-02,False,False,False,True
saint,信仰精神,42,saint seiya,129744,12,2025-01;2025-02;2025-03;2025-04;2025-05;2025-06;2025-07;2025-08;2025-09;2025-10;2025-11;2025-12,False,False,False,True
saint,信仰精神,42,saint joseph statue to sell home,138675,6,2025-04;2025-05;2025-06;2025-07;2025-08;2025-09,False,False,False,True
saint,信仰精神,42,yves saint laurent perfume for men,139316,2,2025-05;2025-06,False,False,False,True
saint,信仰精神,42,saint costume,140890,1,2025-10,False,False,False,True
saint,信仰精神,42,the captivating story of saint nicholas,147669,1,2025-12,False,False,False,True
saint,信仰精神,42,funny saint patricks day shirt,148375,1,2025-03,False,False,False,True
saint,信仰精神,42,saint cloud perfume,152309,1,2025-05,False,False,False,True
saint,信仰精神,42,saint michael pendant,153281,2,2025-09;2025-12,False,False,True,False
saint,信仰精神,42,la nuit de l'homme yves saint laurent,163630,10,2025-01;2025-02;2025-03;2025-04;2025-05;2025-08;2025-09;2025-10;2025-11;2025-12,False,False,False,True
saint,信仰精神,42,saint michael necklace for men,170213,2,2025-04;2025-05,False,False,True,False
saint,信仰精神,42,rina saint,172096,1,2025-09,False,False,False,True
saint,信仰精神,42,saint patricks day decor,184021,1,2025-02,False,False,False,True
saint,信仰精神,42,saint patricks day candy,184724,1,2025-03,False,False,False,True
saint,信仰精神,42,dirty sexy saint,191219,1,2025-03,False,False,False,True
saint,信仰精神,42,saint christopher necklace,194592,1,2025-12,False,False,True,False
saint,信仰精神,42,no saint,194943,1,2025-03,False,False,False,True
saint,信仰精神,42,mens saint patricks day shirt,197791,1,2025-03,False,False,False,True
saint,信仰精神,42,the saint dvd,198083,1,2025-04,False,False,False,True
saint,信仰精神,42,womens saint patricks day shirt,198626,1,2025-03,False,False,False,True
belly button,身体珠宝穿孔,38,belly button ring,1357,12,2025-01;2025-02;2025-03;2025-04;2025-05;2025-06;2025-07;2025-08;2025-09;2025-10;2025-11;2025-12,False,False,True,False
belly button,身体珠宝穿孔,38,belly button piercing,14892,12,2025-01;2025-02;2025-03;2025-04;2025-05;2025-06;2025-07;2025-08;2025-09;2025-10;2025-11;2025-12,False,False,False,True
belly button,身体珠宝穿孔,38,gold belly button ring,16295,12,2025-01;2025-02;2025-03;2025-04;2025-05;2025-06;2025-07;2025-08;2025-09;2025-10;2025-11;2025-12,False,False,True,False
belly button,身体珠宝穿孔,38,castor oil belly button patch,21655,12,2025-01;2025-02;2025-03;2025-04;2025-05;2025-06;2025-07;2025-08;2025-09;2025-10;2025-11;2025-12,False,False,False,True
belly button,身体珠宝穿孔,38,dangle belly button rings,37338,12,2025-01;2025-02;2025-03;2025-04;2025-05;2025-06;2025-07;2025-08;2025-09;2025-10;2025-11;2025-12,False,False,True,False
belly button,身体珠宝穿孔,38,floating belly button rings,41246,10,2025-01;2025-02;2025-03;2025-04;2025-05;2025-06;2025-07;2025-08;2025-09;2025-10,False,False,True,False
belly button,身体珠宝穿孔,38,belly button piercing kit,42653,12,2025-01;2025-02;2025-03;2025-04;2025-05;2025-06;2025-07;2025-08;2025-09;2025-10;2025-11;2025-12,False,False,False,True
belly button,身体珠宝穿孔,38,surgical steel belly button rings,45990,12,2025-01;2025-02;2025-03;2025-04;2025-05;2025-06;2025-07;2025-08;2025-09;2025-10;2025-11;2025-12,False,False,True,False
belly button,身体珠宝穿孔,38,titanium belly button rings,51217,12,2025-01;2025-02;2025-03;2025-04;2025-05;2025-06;2025-07;2025-08;2025-09;2025-10;2025-11;2025-12,False,False,True,False
belly button,身体珠宝穿孔,38,belly button ring gold,54500,12,2025-01;2025-02;2025-03;2025-04;2025-05;2025-06;2025-07;2025-08;2025-09;2025-10;2025-11;2025-12,False,False,True,False
belly button,身体珠宝穿孔,38,fake belly button piercing for women swarovski,55069,3,2025-01;2025-06;2025-07,False,False,False,True
belly button,身体珠宝穿孔,38,belly button patch,56617,7,2025-01;2025-02;2025-03;2025-04;2025-05;2025-06;2025-07,False,False,False,True
belly button,身体珠宝穿孔,38,belly button rings,58124,12,2025-01;2025-02;2025-03;2025-04;2025-05;2025-06;2025-07;2025-08;2025-09;2025-10;2025-11;2025-12,False,False,True,False
belly button,身体珠宝穿孔,38,belly button rings for women,66579,1,2025-01,False,False,True,False
belly button,身体珠宝穿孔,38,clip on belly button rings,67540,10,2025-01;2025-02;2025-03;2025-04;2025-05;2025-06;2025-07;2025-08;2025-09;2025-10,False,False,True,False
belly button,身体珠宝穿孔,38,fake belly button piercing,70732,11,2025-01;2025-02;2025-03;2025-04;2025-05;2025-06;2025-07;2025-08;2025-09;2025-10;2025-12,False,False,False,True
belly button,身体珠宝穿孔,38,belly button patch cover for castor oil,76891,3,2025-03;2025-07;2025-08,False,False,False,True
belly button,身体珠宝穿孔,38,belly button ring dangle,81888,12,2025-01;2025-02;2025-03;2025-04;2025-05;2025-06;2025-07;2025-08;2025-09;2025-10;2025-11;2025-12,False,False,True,False
belly button,身体珠宝穿孔,38,fake belly button piercing for women pura vida,85307,1,2025-10,False,False,False,True
belly button,身体珠宝穿孔,38,castor oil patches belly button,89325,6,2025-02;2025-03;2025-04;2025-05;2025-06;2025-07,False,False,False,True
belly button,身体珠宝穿孔,38,sterling silver belly button ring,121325,9,2025-01;2025-02;2025-03;2025-04;2025-05;2025-06;2025-07;2025-08;2025-09,False,False,True,False
belly button,身体珠宝穿孔,38,belly button ring surgical steel,123556,9,2025-01;2025-02;2025-03;2025-04;2025-05;2025-06;2025-07;2025-08;2025-09,False,False,True,False
belly button,身体珠宝穿孔,38,dangly belly button piercing,126032,8,2025-01;2025-02;2025-03;2025-04;2025-05;2025-06;2025-07;2025-09,False,False,False,True
belly button,身体珠宝穿孔,38,fake belly button piercing for women magenergy,128408,1,2025-04,False,False,False,True
belly button,身体珠宝穿孔,38,belly button cleaner,128442,1,2025-12,False,False,False,True
belly button,身体珠宝穿孔,38,mistletoe belly button ring,131925,2,2025-11;2025-12,False,False,True,False
belly button,身体珠宝穿孔,38,fake belly button piercing for women secret,141006,1,2025-05,False,False,False,True
belly button,身体珠宝穿孔,38,stainless steel belly button rings,144334,8,2025-01;2025-02;2025-03;2025-04;2025-05;2025-06;2025-07;2025-08,False,False,True,False
belly button,身体珠宝穿孔,38,long belly button rings,146897,9,2025-01;2025-02;2025-03;2025-04;2025-05;2025-06;2025-07;2025-08;2025-09,False,False,True,False
belly button,身体珠宝穿孔,38,hoop belly button ring,157343,2,2025-05;2025-06,False,False,True,False
belly button,身体珠宝穿孔,38,silver belly button rings,160255,6,2025-02;2025-03;2025-04;2025-05;2025-06;2025-07,False,False,True,False
belly button,身体珠宝穿孔,38,fake belly button ring,166982,2,2025-04;2025-06,False,False,True,False
belly button,身体珠宝穿孔,38,small belly button ring,168883,5,2025-03;2025-04;2025-05;2025-06;2025-07,False,False,True,False
belly button,身体珠宝穿孔,38,hypoallergenic belly button rings,173387,4,2025-04;2025-05;2025-06;2025-07,False,False,True,False
belly button,身体珠宝穿孔,38,plastic belly button rings,174065,8,2025-02;2025-03;2025-04;2025-05;2025-06;2025-07;2025-08;2025-09,False,False,True,False
belly button,身体珠宝穿孔,38,gold belly button piercing,176721,2,2025-02;2025-03,False,False,False,True
belly button,身体珠宝穿孔,38,belly button ring titanium,188534,4,2025-04;2025-05;2025-06;2025-07,False,False,True,False
belly button,身体珠宝穿孔,38,pregnancy belly button rings,195458,1,2025-02,False,False,True,False
friendship,关系联结,37,friendship,2115,9,2025-02;2025-05;2025-06;2025-07;2025-08;2025-09;2025-10;2025-11;2025-12,False,False,False,True
friendship,关系联结,37,friendship gifts for women,5178,12,2025-01;2025-02;2025-03;2025-04;2025-05;2025-06;2025-07;2025-08;2025-09;2025-10;2025-11;2025-12,True,False,False,False
friendship,关系联结,37,friendship bracelet kit,6443,12,2025-01;2025-02;2025-03;2025-04;2025-05;2025-06;2025-07;2025-08;2025-09;2025-10;2025-11;2025-12,False,False,True,False
friendship,关系联结,37,friendship bracelets,8855,12,2025-01;2025-02;2025-03;2025-04;2025-05;2025-06;2025-07;2025-08;2025-09;2025-10;2025-11;2025-12,False,False,True,False
friendship,关系联结,37,friendship bracelet string,16076,12,2025-01;2025-02;2025-03;2025-04;2025-05;2025-06;2025-07;2025-08;2025-09;2025-10;2025-11;2025-12,False,False,True,False
friendship,关系联结,37,love and friendship,18101,7,2025-01;2025-02;2025-03;2025-04;2025-05;2025-06;2025-08,False,False,False,True
friendship,关系联结,37,birthday gifts for women friendship,25192,12,2025-01;2025-02;2025-03;2025-04;2025-05;2025-06;2025-07;2025-08;2025-09;2025-10;2025-11;2025-12,True,False,False,False
friendship,关系联结,37,friendship gifts,25525,12,2025-01;2025-02;2025-03;2025-04;2025-05;2025-06;2025-07;2025-08;2025-09;2025-10;2025-11;2025-12,True,False,False,False
friendship,关系联结,37,friendship necklace,34142,12,2025-01;2025-02;2025-03;2025-04;2025-05;2025-06;2025-07;2025-08;2025-09;2025-10;2025-11;2025-12,False,False,True,False
friendship,关系联结,37,friendship movie,52142,4,2025-06;2025-07;2025-08;2025-09,False,False,False,True
friendship,关系联结,37,friendship lamp,55570,4,2025-01;2025-08;2025-11;2025-12,False,False,False,True
friendship,关系联结,37,friendship bracelet beads,64806,11,2025-01;2025-02;2025-03;2025-04;2025-05;2025-06;2025-07;2025-08;2025-09;2025-10;2025-11,False,False,True,False
friendship,关系联结,37,friendship bracelet,70672,12,2025-01;2025-02;2025-03;2025-04;2025-05;2025-06;2025-07;2025-08;2025-09;2025-10;2025-11;2025-12,False,False,True,False
friendship,关系联结,37,my little pony:friendship is magic,73428,6,2025-01;2025-04;2025-05;2025-06;2025-07;2025-08,False,False,False,True
friendship,关系联结,37,friendship bracelet making kit,76331,7,2025-01;2025-02;2025-06;2025-07;2025-09;2025-11;2025-12,False,False,True,False
friendship,关系联结,37,taylor swift friendship bracelets,76707,2,2025-09;2025-10,False,False,True,False
friendship,关系联结,37,friendship ornaments for women friends,82711,2,2025-11;2025-12,False,False,False,True
friendship,关系联结,37,friendship gifts for women friends,87584,4,2025-01;2025-02;2025-11;2025-12,True,False,False,False
friendship,关系联结,37,the friendship bench,97156,1,2025-02,False,False,False,True
friendship,关系联结,37,long distance friendship gifts,97764,2,2025-02;2025-12,True,False,False,False
friendship,关系联结,37,friendship ornament,103791,1,2025-12,False,False,False,True
friendship,关系联结,37,friendship lamps,104794,2,2025-11;2025-12,False,False,False,True
friendship,关系联结,37,friendship necklace for 2,113371,10,2025-03;2025-04;2025-05;2025-06;2025-07;2025-08;2025-09;2025-10;2025-11;2025-12,False,False,True,False
friendship,关系联结,37,friendship bracelets bulk,114597,9,2025-01;2025-02;2025-04;2025-05;2025-06;2025-07;2025-08;2025-09;2025-10,False,False,True,False
friendship,关系联结,37,friendship blu ray,118035,1,2025-08,False,False,False,True
friendship,关系联结,37,friendship bracelets for women,123432,5,2025-01;2025-02;2025-03;2025-05;2025-12,False,False,True,False
friendship,关系联结,37,friendship lamps set of 2 long distance,133348,2,2025-11;2025-12,False,False,False,True
friendship,关系联结,37,friendship bracelet valentines kids,134534,2,2025-01;2025-02,False,False,True,False
friendship,关系联结,37,willow tree friendship figurines,138006,1,2025-12,False,False,False,True
friendship,关系联结,37,friendship ornaments,138745,1,2025-12,False,False,False,True
friendship,关系联结,37,luvlink friendship lamp,143284,1,2025-12,False,False,False,True
friendship,关系联结,37,friendship necklaces,164426,3,2025-01;2025-02;2025-05,False,False,True,False
friendship,关系联结,37,love and friendship movie,170115,1,2025-02,False,False,False,True
friendship,关系联结,37,friendship christmas ornaments,173182,1,2025-12,False,False,False,True
friendship,关系联结,37,love & friendship,173551,1,2025-02,False,False,False,True
friendship,关系联结,37,heart shaped sea glass friendship,189395,1,2025-09,False,False,False,True
friendship,关系联结,37,lego friends friendship camper van,196569,1,2025-11,False,False,False,True
nose ring,身体珠宝穿孔,37,fake nose ring,5882,12,2025-01;2025-02;2025-03;2025-04;2025-05;2025-06;2025-07;2025-08;2025-09;2025-10;2025-11;2025-12,False,False,True,False
nose ring,身体珠宝穿孔,37,nose ring,6092,12,2025-01;2025-02;2025-03;2025-04;2025-05;2025-06;2025-07;2025-08;2025-09;2025-10;2025-11;2025-12,False,False,True,False
nose ring,身体珠宝穿孔,37,essence nose ring diffuser,11024,7,2025-04;2025-05;2025-06;2025-09;2025-10;2025-11;2025-12,False,False,True,False
nose ring,身体珠宝穿孔,37,gold nose ring,13995,12,2025-01;2025-02;2025-03;2025-04;2025-05;2025-06;2025-07;2025-08;2025-09;2025-10;2025-11;2025-12,False,False,True,False
nose ring,身体珠宝穿孔,37,horseshoe nose ring,17429,12,2025-01;2025-02;2025-03;2025-04;2025-05;2025-06;2025-07;2025-08;2025-09;2025-10;2025-11;2025-12,False,False,True,False
nose ring,身体珠宝穿孔,37,essence nose ring,38821,1,2025-04,False,False,True,False
nose ring,身体珠宝穿孔,37,titanium nose ring,41762,12,2025-01;2025-02;2025-03;2025-04;2025-05;2025-06;2025-07;2025-08;2025-09;2025-10;2025-11;2025-12,False,False,True,False
nose ring,身体珠宝穿孔,37,double hoop nose ring,42980,12,2025-01;2025-02;2025-03;2025-04;2025-05;2025-06;2025-07;2025-08;2025-09;2025-10;2025-11;2025-12,False,False,True,False
nose ring,身体珠宝穿孔,37,nasal diffuser nose ring,50192,4,2025-03;2025-04;2025-10;2025-11,False,False,True,False
nose ring,身体珠宝穿孔,37,surgical steel nose ring,51068,12,2025-01;2025-02;2025-03;2025-04;2025-05;2025-06;2025-07;2025-08;2025-09;2025-10;2025-11;2025-12,False,False,True,False
nose ring,身体珠宝穿孔,37,dangle nose ring,64980,12,2025-01;2025-02;2025-03;2025-04;2025-05;2025-06;2025-07;2025-08;2025-09;2025-10;2025-11;2025-12,False,False,True,False
nose ring,身体珠宝穿孔,37,20g nose ring,71189,12,2025-01;2025-02;2025-03;2025-04;2025-05;2025-06;2025-07;2025-08;2025-09;2025-10;2025-11;2025-12,False,False,True,False
nose ring,身体珠宝穿孔,37,nose ring hoop,73088,12,2025-01;2025-02;2025-03;2025-04;2025-05;2025-06;2025-07;2025-08;2025-09;2025-10;2025-11;2025-12,False,False,True,False
nose ring,身体珠宝穿孔,37,silver nose ring,76281,12,2025-01;2025-02;2025-03;2025-04;2025-05;2025-06;2025-07;2025-08;2025-09;2025-10;2025-11;2025-12,False,False,True,False
nose ring,身体珠宝穿孔,37,black nose ring,82622,12,2025-01;2025-02;2025-03;2025-04;2025-05;2025-06;2025-07;2025-08;2025-09;2025-10;2025-11;2025-12,False,False,True,False
nose ring,身体珠宝穿孔,37,18 gauge nose ring,83410,12,2025-01;2025-02;2025-03;2025-04;2025-05;2025-06;2025-07;2025-08;2025-09;2025-10;2025-11;2025-12,False,False,True,False
nose ring,身体珠宝穿孔,37,halloween nose ring,91584,3,2025-08;2025-09;2025-10,False,False,True,False
nose ring,身体珠宝穿孔,37,faux nose ring,93907,6,2025-01;2025-02;2025-03;2025-04;2025-06;2025-07,False,False,True,False
nose ring,身体珠宝穿孔,37,gold hoop nose ring,95629,12,2025-01;2025-02;2025-03;2025-04;2025-05;2025-06;2025-07;2025-08;2025-09;2025-10;2025-11;2025-12,False,False,True,False
nose ring,身体珠宝穿孔,37,magnetic nose ring,115272,11,2025-01;2025-02;2025-03;2025-04;2025-05;2025-06;2025-07;2025-08;2025-09;2025-10;2025-12,False,False,True,False
nose ring,身体珠宝穿孔,37,20 gauge nose ring,119326,12,2025-01;2025-02;2025-03;2025-04;2025-05;2025-06;2025-07;2025-08;2025-09;2025-10;2025-11;2025-12,False,False,True,False
nose ring,身体珠宝穿孔,37,double nose ring,120745,12,2025-01;2025-02;2025-03;2025-04;2025-05;2025-06;2025-07;2025-08;2025-09;2025-10;2025-11;2025-12,False,False,True,False
nose ring,身体珠宝穿孔,37,20g nose ring hoop,128379,9,2025-01;2025-02;2025-03;2025-04;2025-05;2025-06;2025-07;2025-08;2025-09,False,False,True,False
nose ring,身体珠宝穿孔,37,22 gauge nose ring,130146,12,2025-01;2025-02;2025-03;2025-04;2025-05;2025-06;2025-07;2025-08;2025-09;2025-10;2025-11;2025-12,False,False,True,False
nose ring,身体珠宝穿孔,37,heart nose ring,133373,3,2025-01;2025-02;2025-03,False,False,True,False
nose ring,身体珠宝穿孔,37,nose ring stud,134919,12,2025-01;2025-02;2025-03;2025-04;2025-05;2025-06;2025-07;2025-08;2025-09;2025-10;2025-11;2025-12,False,False,True,False
nose ring,身体珠宝穿孔,37,bull nose ring,158230,1,2025-11,False,False,True,False
nose ring,身体珠宝穿孔,37,rose gold nose ring,169979,4,2025-02;2025-03;2025-04;2025-09,False,False,True,False
nose ring,身体珠宝穿孔,37,hoop nose ring,170482,2,2025-02;2025-09,False,False,True,False
nose ring,身体珠宝穿孔,37,stainless steel nose ring,172508,8,2025-01;2025-02;2025-03;2025-04;2025-06;2025-07;2025-08;2025-09,False,False,True,False
nose ring,身体珠宝穿孔,37,nose ring gold,172530,5,2025-02;2025-04;2025-07;2025-08;2025-09,False,False,True,False
nose ring,身体珠宝穿孔,37,clear nose ring,180699,1,2025-08,False,False,True,False
nose ring,身体珠宝穿孔,37,14k gold nose ring,181897,3,2025-02;2025-03;2025-04,False,False,True,False
nose ring,身体珠宝穿孔,37,6mm nose ring hoop,182414,1,2025-03,False,False,True,False
nose ring,身体珠宝穿孔,37,horseshoe nose ring 20g,186044,1,2025-03,False,False,True,False
nose ring,身体珠宝穿孔,37,diamond nose ring,196460,1,2025-02,False,False,True,False
nose ring,身体珠宝穿孔,37,essence scented nose ring,197628,1,2025-04,False,False,True,False
birthstone,个性化定制,36,birthstone necklace for women,11476,12,2025-01;2025-02;2025-03;2025-04;2025-05;2025-06;2025-07;2025-08;2025-09;2025-10;2025-11;2025-12,False,False,True,False
birthstone,个性化定制,36,birthstone rings for women,22252,12,2025-01;2025-02;2025-03;2025-04;2025-05;2025-06;2025-07;2025-08;2025-09;2025-10;2025-11;2025-12,False,False,True,False
birthstone,个性化定制,36,birthstone necklace,26448,12,2025-01;2025-02;2025-03;2025-04;2025-05;2025-06;2025-07;2025-08;2025-09;2025-10;2025-11;2025-12,False,False,True,False
birthstone,个性化定制,36,birthstone bracelets for women,27178,12,2025-01;2025-02;2025-03;2025-04;2025-05;2025-06;2025-07;2025-08;2025-09;2025-10;2025-11;2025-12,False,False,True,False
birthstone,个性化定制,36,march birthstone necklace,42545,2,2025-02;2025-03,False,False,True,False
birthstone,个性化定制,36,birthstone bracelet,46969,8,2025-05;2025-06;2025-07;2025-08;2025-09;2025-10;2025-11;2025-12,False,False,True,False
birthstone,个性化定制,36,birthstone rings,54141,12,2025-01;2025-02;2025-03;2025-04;2025-05;2025-06;2025-07;2025-08;2025-09;2025-10;2025-11;2025-12,False,False,True,False
birthstone,个性化定制,36,december birthstone necklace,64691,2,2025-11;2025-12,False,False,True,False
birthstone,个性化定制,36,birthstone ring,75219,8,2025-01;2025-02;2025-03;2025-04;2025-05;2025-09;2025-11;2025-12,False,False,True,False
birthstone,个性化定制,36,birthstone jewelry,80361,2,2025-11;2025-12,False,False,True,False
birthstone,个性化定制,36,birthstone earrings,87064,5,2025-01;2025-02;2025-03;2025-11;2025-12,False,False,True,False
birthstone,个性化定制,36,march birthstone jewelry,91824,1,2025-03,False,False,True,False
birthstone,个性化定制,36,august birthstone jewelry,99619,2,2025-08;2025-12,False,False,True,False
birthstone,个性化定制,36,january birthstone necklace,100104,2,2025-01;2025-12,False,False,True,False
birthstone,个性化定制,36,june birthstone necklace,117542,3,2025-05;2025-06;2025-12,False,False,True,False
birthstone,个性化定制,36,november birthstone necklace,122757,2,2025-11;2025-12,False,False,True,False
birthstone,个性化定制,36,february birthstone necklace,133025,1,2025-02,False,False,True,False
birthstone,个性化定制,36,december birthstone,136455,1,2025-12,False,False,True,False
birthstone,个性化定制,36,october birthstone necklace,139150,1,2025-10,False,False,True,False
birthstone,个性化定制,36,october birthstone,140561,1,2025-10,False,False,True,False
birthstone,个性化定制,36,december birthstone earrings,142926,1,2025-12,False,False,True,False
birthstone,个性化定制,36,august birthstone necklace,144482,1,2025-08,False,False,True,False
birthstone,个性化定制,36,september birthstone necklace,150868,1,2025-09,False,False,True,False
birthstone,个性化定制,36,birthstone earrings for women,155275,1,2025-12,False,False,True,False
birthstone,个性化定制,36,birthstone month chart,157743,1,2025-12,False,False,True,False
birthstone,个性化定制,36,birthstone necklace for mom,158940,2,2025-05;2025-12,False,False,True,False
birthstone,个性化定制,36,birthstone charms,165391,2,2025-05;2025-12,False,False,True,False
birthstone,个性化定制,36,april birthstone necklace,168663,1,2025-04,False,False,True,False
birthstone,个性化定制,36,birthstone colors by month chart,170349,1,2025-12,False,False,True,False
birthstone,个性化定制,36,kendra scott birthstone necklace,179325,1,2025-12,False,False,True,False
birthstone,个性化定制,36,august birthstone,179678,1,2025-08,False,False,True,False
birthstone,个性化定制,36,december birthstone rings,180793,1,2025-12,False,False,True,False
birthstone,个性化定制,36,birthstone jewelry for women,184445,1,2025-12,False,False,True,False
birthstone,个性化定制,36,september birthstone,186349,1,2025-09,False,False,True,False
birthstone,个性化定制,36,november birthstone ring,195169,1,2025-11,False,False,True,False
birthstone,个性化定制,36,june birthstone,195403,1,2025-06,False,False,True,False
shamrock,宗教扩展,36,shamrock decorations,14582,2,2025-02;2025-03,False,False,False,True
shamrock,宗教扩展,36,shamrock earrings,16808,2,2025-02;2025-03,False,False,True,False
shamrock,宗教扩展,36,shamrock cookie cutter,18107,2,2025-02;2025-03,False,False,False,True
shamrock,宗教扩展,36,shamrock sweater,28530,3,2025-01;2025-02;2025-03,False,False,False,True
shamrock,宗教扩展,36,shamrock stickers,30132,2,2025-02;2025-03,False,False,False,True
shamrock,宗教扩展,36,shamrock glasses,30236,2,2025-02;2025-03,False,False,False,True
shamrock,宗教扩展,36,shamrock jersey,37609,1,2025-10,False,False,False,True
shamrock,宗教扩展,36,shamrock shirt,38511,2,2025-02;2025-03,False,False,False,True
shamrock,宗教扩展,36,shamrock garland,41058,2,2025-02;2025-03,False,False,False,True
shamrock,宗教扩展,36,shamrock ornaments,41602,2,2025-01;2025-02,False,False,False,True
shamrock,宗教扩展,36,shamrock,55689,2,2025-02;2025-03,False,False,False,True
shamrock,宗教扩展,36,shamrock lights,67477,1,2025-02,False,False,False,True
shamrock,宗教扩展,36,shamrock pillow,68379,1,2025-02,False,False,False,True
shamrock,宗教扩展,36,shamrock necklace,69091,2,2025-02;2025-03,False,False,True,False
shamrock,宗教扩展,36,shamrock wreath,75758,2,2025-02;2025-03,False,False,False,True
shamrock,宗教扩展,36,shamrock sweater women,78627,2,2025-02;2025-03,False,False,False,True
shamrock,宗教扩展,36,shamrock shirts for women,80289,2,2025-02;2025-03,False,False,False,True
shamrock,宗教扩展,36,shamrock sunglasses,92020,1,2025-03,False,False,False,True
shamrock,宗教扩展,36,shamrock sprinkles,102849,2,2025-02;2025-03,False,False,False,True
shamrock,宗教扩展,36,shamrock headband,114700,1,2025-03,False,False,False,True
shamrock,宗教扩展,36,shamrock decor,119009,1,2025-02,False,False,False,True
shamrock,宗教扩展,36,shamrock st johns jersey,119150,1,2025-10,False,False,False,True
shamrock,宗教扩展,36,shamrock face stickers,120215,1,2025-03,False,False,False,True
shamrock,宗教扩展,36,shamrock cutouts,121015,2,2025-02;2025-03,False,False,False,True
shamrock,宗教扩展,36,shamrock earrings for women,121481,2,2025-02;2025-03,False,False,True,False
shamrock,宗教扩展,36,shamrock tattoos temporary,134344,1,2025-03,False,False,False,True
shamrock,宗教扩展,36,shamrock farms protein drinks,140757,5,2025-04;2025-05;2025-06;2025-07;2025-08,False,False,False,True
shamrock,宗教扩展,36,shamrock sweatshirt,146497,2,2025-02;2025-03,False,False,False,True
shamrock,宗教扩展,36,shamrock hat,147675,1,2025-03,False,False,False,True
shamrock,宗教扩展,36,shamrock table runner,158193,1,2025-02,False,False,False,True
shamrock,宗教扩展,36,shamrock balloons,159637,1,2025-03,False,False,False,True
shamrock,宗教扩展,36,shamrock window clings,165336,1,2025-02,False,False,False,True
shamrock,宗教扩展,36,shamrock confetti,166561,1,2025-03,False,False,False,True
shamrock,宗教扩展,36,shamrock socks,170651,1,2025-03,False,False,False,True
shamrock,宗教扩展,36,shamrock pin,191064,1,2025-03,False,False,False,True
shamrock,宗教扩展,36,shamrock plant,199251,1,2025-03,False,False,False,True
divorce*,人生重启,32,divorced sister,363,7,2025-06;2025-07;2025-08;2025-09;2025-10;2025-11;2025-12,False,False,False,True
divorce*,人生重启,32,divorce in the black tyler perry,1469,12,2025-01;2025-02;2025-03;2025-04;2025-05;2025-06;2025-07;2025-08;2025-09;2025-10;2025-11;2025-12,False,False,False,True
divorce*,人生重启,32,the perfect divorce jeneva rose,2026,9,2025-01;2025-02;2025-03;2025-04;2025-05;2025-06;2025-07;2025-08;2025-09,False,False,False,True
divorce*,人生重启,32,the perfect divorce,3197,12,2025-01;2025-02;2025-03;2025-04;2025-05;2025-06;2025-07;2025-08;2025-09;2025-10;2025-11;2025-12,False,False,False,True
divorce*,人生重启,32,the divorce insurance,3445,6,2025-03;2025-04;2025-05;2025-06;2025-07;2025-08,False,False,False,True
divorce*,人生重启,32,divorced sistas tyler perry,15923,3,2025-06;2025-07;2025-08,False,False,False,True
divorce*,人生重启,32,tyler perry's divorce in the black,16681,12,2025-01;2025-02;2025-03;2025-04;2025-05;2025-06;2025-07;2025-08;2025-09;2025-10;2025-11;2025-12,False,False,False,True
divorce*,人生重启,32,divorced sistas,19636,3,2025-06;2025-07;2025-08,False,False,False,True
divorce*,人生重启,32,divorced,26662,3,2025-06;2025-07;2025-08,False,False,False,True
divorce*,人生重启,32,divorced sisters tyler perry,31342,3,2025-07;2025-08;2025-09,False,False,False,True
divorce*,人生重启,32,divorce sistas tyler perry,36080,2,2025-06;2025-07,False,False,False,True
divorce*,人生重启,32,divorce,38122,12,2025-01;2025-02;2025-03;2025-04;2025-05;2025-06;2025-07;2025-08;2025-09;2025-10;2025-11;2025-12,False,False,False,True
divorce*,人生重启,32,perfect divorce,50313,5,2025-04;2025-05;2025-06;2025-07;2025-08,False,False,False,True
divorce*,人生重启,32,divorced siestas,51539,2,2025-06;2025-07,False,False,False,True
divorce*,人生重启,32,divorce insurance,61903,2,2025-03;2025-04,False,False,False,True
divorce*,人生重启,32,the great divorce cs lewis,70877,12,2025-01;2025-02;2025-03;2025-04;2025-05;2025-06;2025-07;2025-08;2025-09;2025-10;2025-11;2025-12,False,False,False,True
divorce*,人生重启,32,divorce sistas,84843,2,2025-06;2025-07,False,False,False,True
divorce*,人生重启,32,divorced sisters,88301,2,2025-06;2025-07,False,False,False,True
divorce*,人生重启,32,divorce sisters,89240,3,2025-06;2025-07;2025-08,False,False,False,True
divorce*,人生重启,32,surviving an unwanted divorce,96098,1,2025-11,False,False,False,True
divorce*,人生重启,32,divorce insurance kdrama,104517,1,2025-04,False,False,False,True
divorce*,人生重启,32,divorce in black,110314,2,2025-02;2025-03,False,False,False,True
divorce*,人生重启,32,divorce in the black,112208,2,2025-02;2025-03,False,False,False,True
divorce*,人生重启,32,disrupting divorce book,135777,1,2025-10,False,False,False,True
divorce*,人生重启,32,the black divorce,143433,2,2025-02;2025-03,False,False,False,True
divorce*,人生重启,32,divorce gifts for women,143473,7,2025-01;2025-02;2025-03;2025-04;2025-05;2025-09;2025-12,True,False,False,False
divorce*,人生重启,32,divorce s,149126,1,2025-06,False,False,False,True
divorce*,人生重启,32,divorced s,150867,1,2025-06,False,False,False,True
divorce*,人生重启,32,the divorce he never saw coming,152504,1,2025-12,False,False,False,True
divorce*,人生重启,32,the great divorce,152991,2,2025-08;2025-09,False,False,False,True
divorce*,人生重启,32,divorce party decorations for women,163228,7,2025-02;2025-03;2025-04;2025-05;2025-06;2025-07;2025-08,False,False,False,True
divorce*,人生重启,32,divorce bait,197791,1,2025-03,False,False,False,True
firefighter,军警职业,30,firefighter costume women,6783,2,2025-09;2025-10,False,False,False,True
firefighter,军警职业,30,firefighter costume men,8710,2,2025-09;2025-10,False,False,False,True
firefighter,军警职业,30,firefighter costume for kids,9939,11,2025-01;2025-02;2025-03;2025-04;2025-05;2025-07;2025-08;2025-09;2025-10;2025-11;2025-12,False,False,False,True
firefighter,军警职业,30,firefighter hat,12949,2,2025-09;2025-10,False,False,False,True
firefighter,军警职业,30,firefighter costume,18193,2,2025-09;2025-10,False,False,False,True
firefighter,军警职业,30,firefighter gifts,19863,9,2025-04;2025-05;2025-06;2025-07;2025-08;2025-09;2025-10;2025-11;2025-12,True,False,False,False
firefighter,军警职业,30,toddler firefighter costume,26167,3,2025-08;2025-09;2025-10,False,False,False,True
firefighter,军警职业,30,firefighter pants,57908,1,2025-10,False,False,False,True
firefighter,军警职业,30,firefighter gifts for men,58691,4,2025-01;2025-02;2025-11;2025-12,True,False,False,False
firefighter,军警职业,30,sexy firefighter costumes for women,59905,1,2025-10,False,False,False,True
firefighter,军警职业,30,firefighter hat adult,60130,1,2025-10,False,False,False,True
firefighter,军警职业,30,mens firefighter costume,61694,1,2025-10,False,False,False,True
firefighter,军警职业,30,firefighter swipe tool,61987,2,2025-08;2025-09,False,False,False,True
firefighter,军警职业,30,firefighter tools,64298,12,2025-01;2025-02;2025-03;2025-04;2025-05;2025-06;2025-07;2025-08;2025-09;2025-10;2025-11;2025-12,False,False,False,True
firefighter,军警职业,30,firefighter,75687,12,2025-01;2025-02;2025-03;2025-04;2025-05;2025-06;2025-07;2025-08;2025-09;2025-10;2025-11;2025-12,False,False,False,True
firefighter,军警职业,30,firefighter accessories,82669,12,2025-01;2025-02;2025-03;2025-04;2025-05;2025-06;2025-07;2025-08;2025-09;2025-10;2025-11;2025-12,False,False,False,True
firefighter,军警职业,30,firefighter suspenders,84211,1,2025-10,False,False,False,True
firefighter,军警职业,30,womens firefighter costume,89240,1,2025-10,False,False,False,True
firefighter,军警职业,30,kids firefighter costume,90902,1,2025-10,False,False,False,True
firefighter,军警职业,30,firefighter helmet,100973,1,2025-10,False,False,False,True
firefighter,军警职业,30,firefighter costume adult,105627,1,2025-10,False,False,False,True
firefighter,军警职业,30,firefighter shirt,108885,1,2025-10,False,False,False,True
firefighter,军警职业,30,faking it with the firefighter,110658,1,2025-06,False,False,False,True
firefighter,军警职业,30,firefighter costume accessories,128978,1,2025-10,False,False,False,True
firefighter,军警职业,30,adult firefighter costume,131250,1,2025-10,False,False,False,True
firefighter,军警职业,30,wildland firefighter gear,152837,1,2025-03,False,False,False,True
firefighter,军警职业,30,firefighter ornament,178785,1,2025-12,False,False,False,True
firefighter,军警职业,30,firefighter jacket,180408,1,2025-10,False,False,False,True
firefighter,军警职业,30,boys firefighter costume,192992,1,2025-10,False,False,False,True
firefighter,军警职业,30,firefighter helmet light,196972,1,2025-02,False,False,False,True
septum,身体珠宝穿孔,23,septum rings,4976,12,2025-01;2025-02;2025-03;2025-04;2025-05;2025-06;2025-07;2025-08;2025-09;2025-10;2025-11;2025-12,False,False,True,False
septum,身体珠宝穿孔,23,septum jewelry,17284,12,2025-01;2025-02;2025-03;2025-04;2025-05;2025-06;2025-07;2025-08;2025-09;2025-10;2025-11;2025-12,False,False,True,False
septum,身体珠宝穿孔,23,septum nose rings for women,23988,7,2025-01;2025-02;2025-03;2025-04;2025-05;2025-06;2025-07,False,False,True,False
septum,身体珠宝穿孔,23,fake septum,38471,12,2025-01;2025-02;2025-03;2025-04;2025-05;2025-06;2025-07;2025-08;2025-09;2025-10;2025-11;2025-12,False,False,False,True
septum,身体珠宝穿孔,23,gold septum ring,40399,12,2025-01;2025-02;2025-03;2025-04;2025-05;2025-06;2025-07;2025-08;2025-09;2025-10;2025-11;2025-12,False,False,True,False
septum,身体珠宝穿孔,23,deviated septum corrector,62535,12,2025-01;2025-02;2025-03;2025-04;2025-05;2025-06;2025-07;2025-08;2025-09;2025-10;2025-11;2025-12,False,False,False,True
septum,身体珠宝穿孔,23,septum ring,63048,12,2025-01;2025-02;2025-03;2025-04;2025-05;2025-06;2025-07;2025-08;2025-09;2025-10;2025-11;2025-12,False,False,True,False
septum,身体珠宝穿孔,23,septum stretching kit,68017,12,2025-01;2025-02;2025-03;2025-04;2025-05;2025-06;2025-07;2025-08;2025-09;2025-10;2025-11;2025-12,False,False,False,True
septum,身体珠宝穿孔,23,septum rings 16g,73973,12,2025-01;2025-02;2025-03;2025-04;2025-05;2025-06;2025-07;2025-08;2025-09;2025-10;2025-11;2025-12,False,False,True,False
septum,身体珠宝穿孔,23,septum,89240,12,2025-01;2025-02;2025-03;2025-04;2025-05;2025-06;2025-07;2025-08;2025-09;2025-10;2025-11;2025-12,False,False,False,True
septum,身体珠宝穿孔,23,16g septum ring,103537,12,2025-01;2025-02;2025-03;2025-04;2025-05;2025-06;2025-07;2025-08;2025-09;2025-10;2025-11;2025-12,False,False,True,False
septum,身体珠宝穿孔,23,septum piercing,106490,12,2025-01;2025-02;2025-03;2025-04;2025-05;2025-06;2025-07;2025-08;2025-09;2025-10;2025-11;2025-12,False,False,False,True
septum,身体珠宝穿孔,23,septum piercing kit,109175,12,2025-01;2025-02;2025-03;2025-04;2025-05;2025-06;2025-07;2025-08;2025-09;2025-10;2025-11;2025-12,False,False,False,True
septum,身体珠宝穿孔,23,fake septum ring,120997,11,2025-01;2025-02;2025-03;2025-04;2025-05;2025-06;2025-07;2025-08;2025-09;2025-10;2025-12,False,False,True,False
septum,身体珠宝穿孔,23,14g septum ring,124867,11,2025-01;2025-02;2025-03;2025-04;2025-05;2025-06;2025-07;2025-08;2025-09;2025-10;2025-12,False,False,True,False
septum,身体珠宝穿孔,23,fake septum piercing,125394,12,2025-01;2025-02;2025-03;2025-04;2025-05;2025-06;2025-07;2025-08;2025-09;2025-10;2025-11;2025-12,False,False,False,True
septum,身体珠宝穿孔,23,mustache septum ring,140111,1,2025-01,False,False,True,False
septum,身体珠宝穿孔,23,deviated septum corrector magnet,150276,1,2025-03,False,False,False,True
septum,身体珠宝穿孔,23,faux septum piercings,151974,3,2025-01;2025-02;2025-04,False,False,False,True
septum,身体珠宝穿孔,23,septum retainer,177771,1,2025-09,False,False,False,True
septum,身体珠宝穿孔,23,black septum ring,184335,1,2025-09,False,False,True,False
septum,身体珠宝穿孔,23,titanium septum ring,184972,4,2025-01;2025-02;2025-08;2025-09,False,False,True,False
septum,身体珠宝穿孔,23,gold septum,197402,1,2025-08,False,False,False,True
bible verse,宗教扩展,20,bible verse jar,5953,12,2025-01;2025-02;2025-03;2025-04;2025-05;2025-06;2025-07;2025-08;2025-09;2025-10;2025-11;2025-12,False,False,False,True
bible verse,宗教扩展,20,bible verse bracelets,21081,12,2025-01;2025-02;2025-03;2025-04;2025-05;2025-06;2025-07;2025-08;2025-09;2025-10;2025-11;2025-12,False,False,True,False
bible verse,宗教扩展,20,yappy bracelets bible verse,34410,12,2025-01;2025-02;2025-03;2025-04;2025-05;2025-06;2025-07;2025-08;2025-09;2025-10;2025-11;2025-12,False,False,True,False
bible verse,宗教扩展,20,zox bible verse bracelet,38909,5,2025-08;2025-09;2025-10;2025-11;2025-12,False,False,True,False
bible verse,宗教扩展,20,daily bible verse bracelet,41799,6,2025-01;2025-02;2025-03;2025-04;2025-05;2025-12,False,False,True,False
bible verse,宗教扩展,20,bible verse stickers,50081,12,2025-01;2025-02;2025-03;2025-04;2025-05;2025-06;2025-07;2025-08;2025-09;2025-10;2025-11;2025-12,False,False,False,True
bible verse,宗教扩展,20,bible verse cards,72492,12,2025-01;2025-02;2025-03;2025-04;2025-05;2025-06;2025-07;2025-08;2025-09;2025-10;2025-11;2025-12,False,False,False,True
bible verse,宗教扩展,20,bible verse box,82820,1,2025-12,False,False,False,True
bible verse,宗教扩展,20,bible verse wall art,101384,5,2025-08;2025-09;2025-10;2025-11;2025-12,False,False,False,True
bible verse,宗教扩展,20,bible verse mapping journal,113360,1,2025-06,False,False,False,True
bible verse,宗教扩展,20,god is above bible verse jar,126248,1,2025-12,False,False,False,True
bible verse,宗教扩展,20,bible verse pens,134246,2,2025-03;2025-04,False,False,False,True
bible verse,宗教扩展,20,bible verse jar for kids,134372,1,2025-12,False,False,False,True
bible verse,宗教扩展,20,bible verse calendar 2026,135277,1,2025-12,False,False,False,True
bible verse,宗教扩展,20,bible verse,154409,1,2025-12,False,False,False,True
bible verse,宗教扩展,20,90 day bible verse jar,160713,1,2025-12,False,False,False,True
bible verse,宗教扩展,20,bible verse bracelet,165957,1,2025-12,False,False,True,False
bible verse,宗教扩展,20,luma bracelet with bible verse,168470,1,2025-12,False,False,True,False
bible verse,宗教扩展,20,bible verse calendar 2025,173161,1,2025-01,False,False,False,True
bible verse,宗教扩展,20,bible verse jar for women,181971,1,2025-12,False,False,False,True
baptism,身份仪式,19,baptism gifts for girl,14704,12,2025-01;2025-02;2025-03;2025-04;2025-05;2025-06;2025-07;2025-08;2025-09;2025-10;2025-11;2025-12,True,False,False,False
baptism,身份仪式,19,baptism gifts for boys,19412,12,2025-01;2025-02;2025-03;2025-04;2025-05;2025-06;2025-07;2025-08;2025-09;2025-10;2025-11;2025-12,True,False,False,False
baptism,身份仪式,19,baptism decorations,30732,12,2025-01;2025-02;2025-03;2025-04;2025-05;2025-06;2025-07;2025-08;2025-09;2025-10;2025-11;2025-12,False,False,False,True
baptism,身份仪式,19,baptism outfits for boys,54554,12,2025-01;2025-02;2025-03;2025-04;2025-05;2025-06;2025-07;2025-08;2025-09;2025-10;2025-11;2025-12,False,False,False,True
baptism,身份仪式,19,baptism dresses for baby girls,55412,12,2025-01;2025-02;2025-03;2025-04;2025-05;2025-06;2025-07;2025-08;2025-09;2025-10;2025-11;2025-12,False,False,False,True
baptism,身份仪式,19,baptism gifts,70861,11,2025-01;2025-02;2025-03;2025-04;2025-05;2025-06;2025-07;2025-08;2025-09;2025-10;2025-11,True,False,False,False
baptism,身份仪式,19,baptism gifts for women,73208,6,2025-04;2025-05;2025-08;2025-09;2025-10;2025-11,True,False,False,False
baptism,身份仪式,19,baptism favors,73463,11,2025-01;2025-02;2025-03;2025-04;2025-05;2025-06;2025-07;2025-08;2025-09;2025-10;2025-11,False,False,False,True
baptism,身份仪式,19,baptism dress for women,81164,10,2025-01;2025-02;2025-03;2025-04;2025-05;2025-06;2025-07;2025-08;2025-09;2025-10,False,False,False,True
baptism,身份仪式,19,baptism card,95994,11,2025-01;2025-02;2025-03;2025-04;2025-05;2025-06;2025-07;2025-08;2025-09;2025-10;2025-11,False,False,False,True
baptism,身份仪式,19,baby boy baptism outfit,106443,10,2025-01;2025-02;2025-03;2025-04;2025-05;2025-06;2025-07;2025-08;2025-09;2025-10,False,False,False,True
baptism,身份仪式,19,baptism candle,122279,2,2025-04;2025-05,False,False,False,True
baptism,身份仪式,19,bird baptism brine,152786,1,2025-11,False,False,False,True
baptism,身份仪式,19,baptism favors for guests,165835,3,2025-03;2025-04;2025-05,False,False,False,True
baptism,身份仪式,19,meat church bird baptism brine,167181,1,2025-11,False,False,False,True
baptism,身份仪式,19,boy baptism outfit,176517,8,2025-01;2025-03;2025-04;2025-05;2025-06;2025-07;2025-08;2025-09,False,False,False,True
baptism,身份仪式,19,baptism gift,179765,3,2025-04;2025-05;2025-09,True,False,False,False
baptism,身份仪式,19,baptism,186405,1,2025-04,False,False,False,True
baptism,身份仪式,19,baptism cake topper,186820,4,2025-04;2025-05;2025-06;2025-09,False,False,False,True
fantasy football,运动兴趣,19,fantasy football draft board 2025,2004,2,2025-07;2025-08,False,False,False,True
fantasy football,运动兴趣,19,fantasy football trophy,6178,9,2025-01;2025-02;2025-06;2025-07;2025-08;2025-09;2025-10;2025-11;2025-12,False,False,False,True
fantasy football,运动兴趣,19,fantasy football ring,24216,6,2025-01;2025-07;2025-08;2025-09;2025-10;2025-12,False,False,True,False
fantasy football,运动兴趣,19,fantasy football magazine 2025,30127,3,2025-06;2025-07;2025-08,False,False,False,True
fantasy football,运动兴趣,19,2025 fantasy football draft board,30572,2,2025-07;2025-08,False,False,False,True
fantasy football,运动兴趣,19,fantasy football,37389,8,2025-01;2025-03;2025-07;2025-08;2025-09;2025-10;2025-11;2025-12,False,False,False,True
fantasy football,运动兴趣,19,fantasy football belt,45584,4,2025-01;2025-07;2025-08;2025-12,False,False,False,True
fantasy football,运动兴趣,19,fantasy football draft board,61147,1,2025-08,False,False,False,True
fantasy football,运动兴趣,19,fantasy football ring 2025,66243,2,2025-08;2025-12,False,False,True,False
fantasy football,运动兴趣,19,2025 fantasy football ring,75611,2,2025-08;2025-12,False,False,True,False
fantasy football,运动兴趣,19,fantasy football decorations,118035,1,2025-08,False,False,False,True
fantasy football,运动兴趣,19,fantasy football ring 2024,119471,1,2025-01,False,False,True,False
fantasy football,运动兴趣,19,2024 fantasy football ring,141999,2,2025-01;2025-08,False,False,True,False
fantasy football,运动兴趣,19,fantasy football championship belt,162432,1,2025-08,False,False,False,True
fantasy football,运动兴趣,19,fantasy football gifts,174998,1,2025-12,True,False,False,False
fantasy football,运动兴趣,19,fantasy football draft party,183110,1,2025-08,False,False,False,True
fantasy football,运动兴趣,19,fantasy football draft board 2025 10 team,191238,1,2025-08,False,False,False,True
fantasy football,运动兴趣,19,fantasy football shirt,191517,1,2025-08,False,False,False,True
fantasy football,运动兴趣,19,fantasy football trophy 2025,197836,1,2025-08,False,False,False,True
survivor,疾病康复,19,survivor,404,12,2025-01;2025-02;2025-03;2025-04;2025-05;2025-06;2025-07;2025-08;2025-09;2025-10;2025-11;2025-12,False,True,False,False
survivor,疾病康复,19,lone survivor,7197,12,2025-01;2025-02;2025-03;2025-04;2025-05;2025-06;2025-07;2025-08;2025-09;2025-10;2025-11;2025-12,False,True,False,False
survivor,疾病康复,19,survivor card game,12638,8,2025-01;2025-02;2025-03;2025-04;2025-05;2025-06;2025-07;2025-12,False,True,False,False
survivor,疾病康复,19,survivor 49,26126,4,2025-09;2025-10;2025-11;2025-12,False,True,False,False
survivor,疾病康复,19,designated survivor,28122,11,2025-01;2025-02;2025-03;2025-04;2025-05;2025-06;2025-07;2025-08;2025-09;2025-10;2025-11,False,True,False,False
survivor,疾病康复,19,survivor game,31677,9,2025-01;2025-02;2025-03;2025-04;2025-05;2025-06;2025-08;2025-11;2025-12,False,True,False,False
survivor,疾病康复,19,survivor 48,45719,3,2025-03;2025-04;2025-05,False,True,False,False
survivor,疾病康复,19,survivor buff,60931,10,2025-02;2025-03;2025-04;2025-05;2025-06;2025-07;2025-09;2025-10;2025-11;2025-12,False,True,False,False
survivor,疾病康复,19,survivor board game,66164,6,2025-01;2025-03;2025-04;2025-05;2025-11;2025-12,False,True,False,False
survivor,疾病康复,19,breast cancer survivor shirt,94191,2,2025-09;2025-10,False,True,False,False
survivor,疾病康复,19,breast cancer survivor gifts,104200,1,2025-10,True,True,False,False
survivor,疾病康复,19,the survivor wants to die at the end,108496,1,2025-05,False,True,False,False
survivor,疾病康复,19,survivor merch,109939,1,2025-12,False,True,False,False
survivor,疾病康复,19,breast cancer survivor shirts for women,114299,1,2025-10,False,True,False,False
survivor,疾病康复,19,teenage daughter survivor shirt,116314,1,2025-06,False,True,False,False
survivor,疾病康复,19,breast cancer survivor,144802,1,2025-10,False,True,False,False
survivor,疾病康复,19,jedi survivor ps5,172588,2,2025-01;2025-05,False,True,False,False
survivor,疾病康复,19,soul survivor,185636,1,2025-06,False,True,False,False
survivor,疾病康复,19,survivor hat,199567,1,2025-10,False,True,False,False
keepsake,纪念哀悼,18,keepsake box,22426,12,2025-01;2025-02;2025-03;2025-04;2025-05;2025-06;2025-07;2025-08;2025-09;2025-10;2025-11;2025-12,False,True,False,False
keepsake,纪念哀悼,18,baby book keepsake,24071,12,2025-01;2025-02;2025-03;2025-04;2025-05;2025-06;2025-07;2025-08;2025-09;2025-10;2025-11;2025-12,False,True,False,False
keepsake,纪念哀悼,18,small urns for human ashes keepsake,41563,12,2025-01;2025-02;2025-03;2025-04;2025-05;2025-06;2025-07;2025-08;2025-09;2025-10;2025-11;2025-12,False,True,False,False
keepsake,纪念哀悼,18,baby keepsake box,51718,12,2025-01;2025-02;2025-03;2025-04;2025-05;2025-06;2025-07;2025-08;2025-09;2025-10;2025-11;2025-12,False,True,False,False
keepsake,纪念哀悼,18,hallmark keepsake power cord,80992,2,2025-11;2025-12,False,True,False,False
keepsake,纪念哀悼,18,keepsake trunk,95932,12,2025-01;2025-02;2025-03;2025-04;2025-05;2025-06;2025-07;2025-08;2025-09;2025-10;2025-11;2025-12,False,True,False,False
keepsake,纪念哀悼,18,ashes keepsake,106272,12,2025-01;2025-02;2025-03;2025-04;2025-05;2025-06;2025-07;2025-08;2025-09;2025-10;2025-11;2025-12,False,True,False,False
keepsake,纪念哀悼,18,keepsake boxes with lids,113926,4,2025-01;2025-02;2025-03;2025-04,False,True,False,False
keepsake,纪念哀悼,18,polly pocket keepsake collection,118761,1,2025-03,False,True,False,False
keepsake,纪念哀悼,18,hallmark keepsake ornaments,136161,2,2025-11;2025-12,False,True,False,False
keepsake,纪念哀悼,18,hallmark keepsake ornaments 2025,147111,2,2025-11;2025-12,False,True,False,False
keepsake,纪念哀悼,18,wedding keepsake box,150321,8,2025-03;2025-04;2025-05;2025-06;2025-07;2025-08;2025-09;2025-10,False,True,False,False
keepsake,纪念哀悼,18,keepsake urn,158834,7,2025-01;2025-02;2025-03;2025-06;2025-07;2025-08;2025-09,False,True,False,False
keepsake,纪念哀悼,18,birthday book keepsake,161389,1,2025-12,False,True,False,False
keepsake,纪念哀悼,18,baby keepsake book,161625,8,2025-01;2025-02;2025-03;2025-04;2025-05;2025-07;2025-08;2025-09,False,True,False,False
keepsake,纪念哀悼,18,keepsake urns for human ashes,169470,4,2025-02;2025-03;2025-04;2025-05,False,True,False,False
keepsake,纪念哀悼,18,baby keepsake,186203,4,2025-01;2025-02;2025-09;2025-12,False,True,False,False
keepsake,纪念哀悼,18,pet fur keepsake,198411,1,2025-08,False,True,False,False
sympathy,纪念哀悼,18,sympathy cards,11301,12,2025-01;2025-02;2025-03;2025-04;2025-05;2025-06;2025-07;2025-08;2025-09;2025-10;2025-11;2025-12,False,False,False,True
sympathy,纪念哀悼,18,sympathy gifts for loss of loved one,12975,12,2025-01;2025-02;2025-03;2025-04;2025-05;2025-06;2025-07;2025-08;2025-09;2025-10;2025-11;2025-12,True,False,False,False
sympathy,纪念哀悼,18,sympathy gift baskets,23737,12,2025-01;2025-02;2025-03;2025-04;2025-05;2025-06;2025-07;2025-08;2025-09;2025-10;2025-11;2025-12,True,False,False,False
sympathy,纪念哀悼,18,sympathy cards with envelopes,32554,12,2025-01;2025-02;2025-03;2025-04;2025-05;2025-06;2025-07;2025-08;2025-09;2025-10;2025-11;2025-12,False,False,False,True
sympathy,纪念哀悼,18,sympathy gift,36283,12,2025-01;2025-02;2025-03;2025-04;2025-05;2025-06;2025-07;2025-08;2025-09;2025-10;2025-11;2025-12,True,False,False,False
sympathy,纪念哀悼,18,loss of dog sympathy gift,47564,12,2025-01;2025-02;2025-03;2025-04;2025-05;2025-06;2025-07;2025-08;2025-09;2025-10;2025-11;2025-12,True,False,False,False
sympathy,纪念哀悼,18,sympathy card,53338,12,2025-01;2025-02;2025-03;2025-04;2025-05;2025-06;2025-07;2025-08;2025-09;2025-10;2025-11;2025-12,False,False,False,True
sympathy,纪念哀悼,18,sympathy gifts,82132,12,2025-01;2025-02;2025-03;2025-04;2025-05;2025-06;2025-07;2025-08;2025-09;2025-10;2025-11;2025-12,True,False,False,False
sympathy,纪念哀悼,18,sympathy cards for loss of loved one,101809,11,2025-01;2025-02;2025-03;2025-04;2025-05;2025-06;2025-07;2025-08;2025-09;2025-10;2025-11,False,False,False,True
sympathy,纪念哀悼,18,pet loss sympathy gift,116336,12,2025-01;2025-02;2025-03;2025-04;2025-05;2025-06;2025-07;2025-08;2025-09;2025-10;2025-11;2025-12,True,False,False,False
sympathy,纪念哀悼,18,sympathy wind chimes,124593,9,2025-01;2025-02;2025-03;2025-04;2025-05;2025-06;2025-07;2025-08;2025-09,False,False,False,True
sympathy,纪念哀悼,18,loss of a mother sympathy gifts,134274,3,2025-01;2025-02;2025-05,True,False,False,False
sympathy,纪念哀悼,18,sympathy gifts for loss of mother,165744,5,2025-05;2025-06;2025-08;2025-09;2025-10,True,False,False,False
sympathy,纪念哀悼,18,loss of pet sympathy gift dog,167842,3,2025-02;2025-03;2025-04,True,False,False,False
sympathy,纪念哀悼,18,dog loss sympathy gift,185764,5,2025-02;2025-03;2025-04;2025-05;2025-08,True,False,False,False
sympathy,纪念哀悼,18,sympathy gifts for loss of mom,185819,1,2025-02,True,False,False,False
sympathy,纪念哀悼,18,loss of mother sympathy gifts,195238,1,2025-09,True,False,False,False
sympathy,纪念哀悼,18,sympathy flowers for delivery prime,197324,1,2025-02,False,False,False,True
police officer,军警职业,17,police officer costume for boys,9405,8,2025-01;2025-02;2025-03;2025-08;2025-09;2025-10;2025-11;2025-12,False,False,False,True
police officer,军警职业,17,police officer costume for girls,14975,2,2025-09;2025-10,False,False,False,True
police officer,军警职业,17,kids police officer costume,27651,6,2025-02;2025-03;2025-04;2025-08;2025-09;2025-10,False,False,False,True
police officer,军警职业,17,police officer costume,33386,2,2025-09;2025-10,False,False,False,True
police officer,军警职业,17,girls police officer costume,41644,2,2025-09;2025-10,False,False,False,True
police officer,军警职业,17,police officer costume women sexy,46114,1,2025-10,False,False,False,True
police officer,军警职业,17,toddler police officer costume,56403,2,2025-09;2025-10,False,False,False,True
police officer,军警职业,17,police officer gifts,73211,2,2025-11;2025-12,True,False,False,False
police officer,军警职业,17,police officer costume women,85639,1,2025-10,False,False,False,True
police officer,军警职业,17,police officer costume for women,88877,1,2025-10,False,False,False,True
police officer,军警职业,17,boys police officer costume,92843,1,2025-10,False,False,False,True
police officer,军警职业,17,sexy police officer costumes for women,95092,1,2025-10,False,False,False,True
police officer,军警职业,17,womens police officer costume outfit,145337,1,2025-10,False,False,False,True
police officer,军警职业,17,women police officer costume,153753,1,2025-10,False,False,False,True
police officer,军警职业,17,police officer costume for adults,181212,1,2025-10,False,False,False,True
police officer,军警职业,17,police officer,182736,1,2025-10,False,False,False,True
police officer,军警职业,17,police officer accessories,189694,1,2025-10,False,False,False,True
mental health,心理健康,16,mental health awareness shirt,15841,2,2025-04;2025-05,False,False,False,True
mental health,心理健康,16,mental health awareness items,22197,3,2025-03;2025-04;2025-05,False,False,False,True
mental health,心理健康,16,mental health journal,33926,12,2025-01;2025-02;2025-03;2025-04;2025-05;2025-06;2025-07;2025-08;2025-09;2025-10;2025-11;2025-12,False,False,False,True
mental health,心理健康,16,mental health stickers,45340,12,2025-01;2025-02;2025-03;2025-04;2025-05;2025-06;2025-07;2025-08;2025-09;2025-10;2025-11;2025-12,False,False,False,True
mental health,心理健康,16,gifts for mental health therapists,53511,1,2025-11,True,False,False,False
mental health,心理健康,16,mental health gifts,62912,11,2025-01;2025-02;2025-03;2025-04;2025-05;2025-06;2025-08;2025-09;2025-10;2025-11;2025-12,True,False,False,False
mental health,心理健康,16,mental health shirt,63358,9,2025-02;2025-03;2025-04;2025-05;2025-06;2025-07;2025-08;2025-09;2025-10,False,False,False,True
mental health,心理健康,16,mental health,88462,12,2025-01;2025-02;2025-03;2025-04;2025-05;2025-06;2025-07;2025-08;2025-09;2025-10;2025-11;2025-12,False,False,False,True
mental health,心理健康,16,mental health office decor,109225,3,2025-07;2025-08;2025-09,False,False,False,True
mental health,心理健康,16,mental health mood journal,110035,1,2025-12,False,False,False,True
mental health,心理健康,16,mental health awareness,113455,2,2025-04;2025-05,False,False,False,True
mental health,心理健康,16,mental health posters,115474,1,2025-08,False,False,False,True
mental health,心理健康,16,mental health books,148467,2,2025-01;2025-02,False,False,False,True
mental health,心理健康,16,mental health sweatshirt,155463,1,2025-01,False,False,False,True
mental health,心理健康,16,jesus and your mental health rebecca maxwell,164470,1,2025-08,False,False,False,True
mental health,心理健康,16,mental health matters hoodie,179549,1,2025-01,False,False,False,True
quincea*,身份仪式,16,quinceanera dresses,9451,12,2025-01;2025-02;2025-03;2025-04;2025-05;2025-06;2025-07;2025-08;2025-09;2025-10;2025-11;2025-12,False,False,False,True
quincea*,身份仪式,16,vestidos de 15 a?os quincea?era,15365,4,2025-01;2025-02;2025-03;2025-07,False,False,False,True
quincea*,身份仪式,16,vestidos de 15 años quinceañera,22824,8,2025-04;2025-05;2025-06;2025-08;2025-09;2025-10;2025-11;2025-12,False,False,False,True
quincea*,身份仪式,16,recuerdos para 15 a?os quincea?eras,59187,4,2025-01;2025-02;2025-03;2025-07,False,False,False,True
quincea*,身份仪式,16,vestido de 15 años quinceañera,66034,7,2025-04;2025-05;2025-06;2025-08;2025-09;2025-10;2025-11,False,False,False,True
quincea*,身份仪式,16,vestido de 15 a?os quincea?era,66139,4,2025-01;2025-02;2025-03;2025-07,False,False,False,True
quincea*,身份仪式,16,recuerdos para 15 años quinceañeras,69628,7,2025-04;2025-05;2025-06;2025-08;2025-09;2025-10;2025-11,False,False,False,True
quincea*,身份仪式,16,quinceanera decorations,72809,10,2025-01;2025-02;2025-03;2025-04;2025-05;2025-06;2025-07;2025-08;2025-09;2025-10,False,False,False,True
quincea*,身份仪式,16,quinceanera gifts,107615,9,2025-02;2025-03;2025-04;2025-05;2025-06;2025-07;2025-08;2025-09;2025-10,True,False,False,False
quincea*,身份仪式,16,quinceanera dresses for guest,128735,7,2025-03;2025-04;2025-05;2025-06;2025-07;2025-08;2025-09,False,False,False,True
quincea*,身份仪式,16,vestidos de quincea?era,138523,1,2025-01,False,False,False,True
quincea*,身份仪式,16,quinceanera crown,152631,3,2025-01;2025-02;2025-03,False,False,False,True
quincea*,身份仪式,16,quinceanera,158642,6,2025-01;2025-02;2025-03;2025-04;2025-06;2025-09,False,False,False,True
quincea*,身份仪式,16,quinceanera card,162007,4,2025-05;2025-06;2025-09;2025-10,False,False,False,True
quincea*,身份仪式,16,pink quinceanera dresses,177495,2,2025-01;2025-03,False,False,False,True
quincea*,身份仪式,16,dama dresses for quinceanera,188615,5,2025-01;2025-02;2025-03;2025-06;2025-07,False,False,False,True
arm cuff,身体珠宝穿孔,15,arm cuff,7655,12,2025-01;2025-02;2025-03;2025-04;2025-05;2025-06;2025-07;2025-08;2025-09;2025-10;2025-11;2025-12,False,False,True,False
arm cuff,身体珠宝穿孔,15,gold arm cuff,8386,12,2025-01;2025-02;2025-03;2025-04;2025-05;2025-06;2025-07;2025-08;2025-09;2025-10;2025-11;2025-12,False,False,True,False
arm cuff,身体珠宝穿孔,15,silver arm cuff,11866,9,2025-02;2025-03;2025-04;2025-05;2025-06;2025-07;2025-08;2025-09;2025-10,False,False,True,False
arm cuff,身体珠宝穿孔,15,arm cuff jewelry for women,22294,9,2025-01;2025-02;2025-03;2025-04;2025-05;2025-06;2025-07;2025-08;2025-09,False,False,True,False
arm cuff,身体珠宝穿孔,15,arm cuff gold,27215,9,2025-04;2025-05;2025-06;2025-07;2025-08;2025-09;2025-10;2025-11;2025-12,False,False,True,False
arm cuff,身体珠宝穿孔,15,gold arm cuff for women,58252,8,2025-03;2025-04;2025-05;2025-06;2025-07;2025-08;2025-09;2025-10,False,False,True,False
arm cuff,身体珠宝穿孔,15,snake arm cuff,71544,1,2025-10,False,False,True,False
arm cuff,身体珠宝穿孔,15,arm cuff silver,83697,7,2025-04;2025-05;2025-06;2025-07;2025-08;2025-09;2025-10,False,False,True,False
arm cuff,身体珠宝穿孔,15,padme arm cuff,99772,1,2025-10,False,False,True,False
arm cuff,身体珠宝穿孔,15,upper arm cuff jewelry,115597,5,2025-04;2025-05;2025-06;2025-07;2025-08,False,False,True,False
arm cuff,身体珠宝穿孔,15,gold arm cuff upper arm,132062,3,2025-04;2025-09;2025-10,False,False,True,False
arm cuff,身体珠宝穿孔,15,mermaid arm cuff,157648,1,2025-10,False,False,True,False
arm cuff,身体珠宝穿孔,15,silver upper arm cuff,169178,1,2025-10,False,False,True,False
arm cuff,身体珠宝穿孔,15,starfish arm cuff,182123,1,2025-10,False,False,True,False
arm cuff,身体珠宝穿孔,15,blood pressure monitor arm cuff monitors,197158,1,2025-02,False,False,True,False
bag charm,charm潮流,15,bag charm,7055,12,2025-01;2025-02;2025-03;2025-04;2025-05;2025-06;2025-07;2025-08;2025-09;2025-10;2025-11;2025-12,False,False,True,False
bag charm,charm潮流,15,coach bag charm,25302,12,2025-01;2025-02;2025-03;2025-04;2025-05;2025-06;2025-07;2025-08;2025-09;2025-10;2025-11;2025-12,False,False,True,False
bag charm,charm潮流,15,bag charm kit,34957,8,2025-02;2025-06;2025-07;2025-08;2025-09;2025-10;2025-11;2025-12,False,False,True,False
bag charm,charm潮流,15,cherry bag charm,46889,12,2025-01;2025-02;2025-03;2025-04;2025-05;2025-06;2025-07;2025-08;2025-09;2025-10;2025-11;2025-12,False,False,True,False
bag charm,charm潮流,15,jellycat bag charm,47208,12,2025-01;2025-02;2025-03;2025-04;2025-05;2025-06;2025-07;2025-08;2025-09;2025-10;2025-11;2025-12,False,False,True,False
bag charm,charm潮流,15,bag charm chain,124106,8,2025-05;2025-06;2025-07;2025-08;2025-09;2025-10;2025-11;2025-12,False,False,True,False
bag charm,charm潮流,15,gold bag charm,127001,4,2025-07;2025-08;2025-09;2025-12,False,False,True,False
bag charm,charm潮流,15,halloween bag charm,128663,3,2025-08;2025-09;2025-10,False,False,True,False
bag charm,charm潮流,15,leather bag charm,155274,5,2025-01;2025-05;2025-06;2025-07;2025-08,False,False,True,False
bag charm,charm潮流,15,strawberry bag charm,157055,2,2025-05;2025-06,False,False,True,False
bag charm,charm潮流,15,hello kitty bag charm,161084,2,2025-08;2025-12,False,False,True,False
bag charm,charm潮流,15,initial bag charm,165391,1,2025-12,False,False,True,False
bag charm,charm潮流,15,christmas bag charm,185008,1,2025-11,False,False,True,False
bag charm,charm潮流,15,bow bag charm,190207,1,2025-12,False,False,True,False
bag charm,charm潮流,15,plush bag charm,190605,1,2025-08,False,False,True,False
graduate,成就节点,14,proud mom of a 2025 graduate shirt,40104,2,2025-04;2025-05,False,False,False,True
graduate,成就节点,14,the graduate,40519,11,2025-01;2025-02;2025-03;2025-04;2025-05;2025-06;2025-07;2025-08;2025-09;2025-10;2025-11,False,False,False,True
graduate,成就节点,14,will the pigeon graduate,46157,4,2025-03;2025-04;2025-05;2025-06,False,False,False,True
graduate,成就节点,14,congratulations graduate banner,51019,2,2025-05;2025-06,False,False,False,True
graduate,成就节点,14,advice for the graduate 2025,77950,3,2025-04;2025-05;2025-06,False,False,False,True
graduate,成就节点,14,graduate gifts,84589,1,2025-05,True,False,False,False
graduate,成就节点,14,graduate yard sign 2025,111545,1,2025-05,False,False,False,True
graduate,成就节点,14,proud dad of a 2025 graduate shirt,118136,1,2025-05,False,False,False,True
graduate,成就节点,14,will the pigeon graduate book,125681,1,2025-05,False,False,False,True
graduate,成就节点,14,proud sister of a 2025 graduate shirt,144686,1,2025-05,False,False,False,True
graduate,成就节点,14,proud aunt of a 2025 graduate shirt,160527,1,2025-05,False,False,False,True
graduate,成就节点,14,dress for mother of graduate,164640,1,2025-04,False,False,False,True
graduate,成就节点,14,proud grandma of a 2025 graduate shirt,173919,1,2025-05,False,False,False,True
graduate,成就节点,14,graduate gifts for her,183776,1,2025-05,True,False,False,False
long distance,关系联结,14,long distance touch bracelets,14341,12,2025-01;2025-02;2025-03;2025-04;2025-05;2025-06;2025-07;2025-08;2025-09;2025-10;2025-11;2025-12,False,False,True,False
long distance,关系联结,14,long distance relationship gifts,23565,12,2025-01;2025-02;2025-03;2025-04;2025-05;2025-06;2025-07;2025-08;2025-09;2025-10;2025-11;2025-12,True,False,False,False
long distance,关系联结,14,long distance robot,32727,7,2025-06;2025-07;2025-08;2025-09;2025-10;2025-11;2025-12,False,False,False,True
long distance,关系联结,14,long distance walkie talkies,52282,12,2025-01;2025-02;2025-03;2025-04;2025-05;2025-06;2025-07;2025-08;2025-09;2025-10;2025-11;2025-12,False,False,False,True
long distance,关系联结,14,long distance gifts,52361,12,2025-01;2025-02;2025-03;2025-04;2025-05;2025-06;2025-07;2025-08;2025-09;2025-10;2025-11;2025-12,True,False,False,False
long distance,关系联结,14,long distance vibrator,72320,9,2025-01;2025-02;2025-03;2025-04;2025-05;2025-06;2025-07;2025-08;2025-09,False,False,False,True
long distance,关系联结,14,long distance,83634,5,2025-01;2025-07;2025-08;2025-11;2025-12,False,False,False,True
long distance,关系联结,14,long distance friendship gifts,97764,2,2025-02;2025-12,True,False,False,False
long distance,关系联结,14,totwoo couple bracelet long distance,98081,8,2025-01;2025-02;2025-06;2025-07;2025-08;2025-09;2025-11;2025-12,False,False,True,False
long distance,关系联结,14,app controlled vibrator long distance,112099,2,2025-11;2025-12,False,False,False,True
long distance,关系联结,14,lovense bluetooth viboators women long distance,117781,5,2025-08;2025-09;2025-10;2025-11;2025-12,False,False,False,True
long distance,关系联结,14,friendship lamps set of 2 long distance,133348,2,2025-11;2025-12,False,False,False,True
long distance,关系联结,14,couples bracelets long distance,191344,2,2025-01;2025-12,False,False,True,False
long distance,关系联结,14,long distance bracelets,193608,1,2025-12,False,False,True,False
evil eye,信仰精神,13,evil eye bracelets,10872,12,2025-01;2025-02;2025-03;2025-04;2025-05;2025-06;2025-07;2025-08;2025-09;2025-10;2025-11;2025-12,False,False,True,False
evil eye,信仰精神,13,evil eye necklace,20053,12,2025-01;2025-02;2025-03;2025-04;2025-05;2025-06;2025-07;2025-08;2025-09;2025-10;2025-11;2025-12,False,False,True,False
evil eye,信仰精神,13,evil eye,33856,12,2025-01;2025-02;2025-03;2025-04;2025-05;2025-06;2025-07;2025-08;2025-09;2025-10;2025-11;2025-12,False,False,False,True
evil eye,信仰精神,13,evil eye ring,62853,12,2025-01;2025-02;2025-03;2025-04;2025-05;2025-06;2025-07;2025-08;2025-09;2025-10;2025-11;2025-12,False,False,True,False
evil eye,信仰精神,13,evil eye bracelet,67775,12,2025-01;2025-02;2025-03;2025-04;2025-05;2025-06;2025-07;2025-08;2025-09;2025-10;2025-11;2025-12,False,False,True,False
evil eye,信仰精神,13,evil eye decor,94595,12,2025-01;2025-02;2025-03;2025-04;2025-05;2025-06;2025-07;2025-08;2025-09;2025-10;2025-11;2025-12,False,False,False,True
evil eye,信仰精神,13,evil eye anklet,109857,4,2025-05;2025-06;2025-07;2025-08,False,False,True,False
evil eye,信仰精神,13,evil eye bracelet for women,119349,2,2025-01;2025-02,False,False,True,False
evil eye,信仰精神,13,evil eye keychain,120726,11,2025-01;2025-02;2025-03;2025-04;2025-05;2025-06;2025-07;2025-08;2025-09;2025-10;2025-12,False,False,False,True
evil eye,信仰精神,13,evil eye beads,123405,10,2025-01;2025-02;2025-03;2025-04;2025-05;2025-06;2025-07;2025-08;2025-09;2025-10,False,False,False,True
evil eye,信仰精神,13,evil eye earrings,138931,9,2025-01;2025-02;2025-03;2025-04;2025-05;2025-06;2025-07;2025-08;2025-09,False,False,True,False
evil eye,信仰精神,13,evil eye jewelry,159770,1,2025-12,False,False,True,False
evil eye,信仰精神,13,evil eye charm,180912,4,2025-05;2025-06;2025-07;2025-08,False,False,True,False
milestone,戒断康复,13,monthly baby milestone,29456,12,2025-01;2025-02;2025-03;2025-04;2025-05;2025-06;2025-07;2025-08;2025-09;2025-10;2025-11;2025-12,False,True,False,False
milestone,戒断康复,13,baby monthly milestone,43505,12,2025-01;2025-02;2025-03;2025-04;2025-05;2025-06;2025-07;2025-08;2025-09;2025-10;2025-11;2025-12,False,True,False,False
milestone,戒断康复,13,monthly milestone signs,47522,10,2025-03;2025-04;2025-05;2025-06;2025-07;2025-08;2025-09;2025-10;2025-11;2025-12,False,True,False,False
milestone,戒断康复,13,baby milestone signs,52702,12,2025-01;2025-02;2025-03;2025-04;2025-05;2025-06;2025-07;2025-08;2025-09;2025-10;2025-11;2025-12,False,True,False,False
milestone,戒断康复,13,baby milestone blanket,71097,12,2025-01;2025-02;2025-03;2025-04;2025-05;2025-06;2025-07;2025-08;2025-09;2025-10;2025-11;2025-12,False,True,False,False
milestone,戒断康复,13,milestone blanket for baby girl,72390,10,2025-01;2025-02;2025-03;2025-04;2025-05;2025-06;2025-07;2025-08;2025-09;2025-10,False,True,False,False
milestone,戒断康复,13,milestone blanket for baby boy,88001,9,2025-01;2025-02;2025-03;2025-04;2025-05;2025-06;2025-07;2025-08;2025-09,False,True,False,False
milestone,戒断康复,13,baby monthly milestone blanket,90699,12,2025-01;2025-02;2025-03;2025-04;2025-05;2025-06;2025-07;2025-08;2025-09;2025-10;2025-11;2025-12,False,True,False,False
milestone,戒断康复,13,milestone signs,104865,6,2025-07;2025-08;2025-09;2025-10;2025-11;2025-12,False,True,False,False
milestone,戒断康复,13,club de nuit milestone,112052,7,2025-02;2025-03;2025-04;2025-05;2025-06;2025-07;2025-08,False,True,False,False
milestone,戒断康复,13,milestone blanket,147287,5,2025-07;2025-09;2025-10;2025-11;2025-12,False,True,False,False
milestone,戒断康复,13,milestone wooden circles,159975,4,2025-01;2025-02;2025-03;2025-04,False,True,False,False
milestone,戒断康复,13,baby milestone,195900,1,2025-01,False,True,False,False
sweet 16,身份仪式,11,sweet 16 party decorations,9019,12,2025-01;2025-02;2025-03;2025-04;2025-05;2025-06;2025-07;2025-08;2025-09;2025-10;2025-11;2025-12,False,False,False,True
sweet 16,身份仪式,11,sweet 16 gifts for girls,22019,12,2025-01;2025-02;2025-03;2025-04;2025-05;2025-06;2025-07;2025-08;2025-09;2025-10;2025-11;2025-12,True,False,False,False
sweet 16,身份仪式,11,sweet 16,36699,12,2025-01;2025-02;2025-03;2025-04;2025-05;2025-06;2025-07;2025-08;2025-09;2025-10;2025-11;2025-12,False,False,False,True
sweet 16,身份仪式,11,sweet 16 cake topper,78636,12,2025-01;2025-02;2025-03;2025-04;2025-05;2025-06;2025-07;2025-08;2025-09;2025-10;2025-11;2025-12,False,False,False,True
sweet 16,身份仪式,11,sweet 16 dresses,81089,11,2025-01;2025-02;2025-03;2025-04;2025-05;2025-06;2025-07;2025-08;2025-09;2025-10;2025-11,False,False,False,True
sweet 16,身份仪式,11,sweet 16 decorations,81805,11,2025-01;2025-02;2025-03;2025-04;2025-05;2025-06;2025-07;2025-08;2025-09;2025-10;2025-11,False,False,False,True
sweet 16,身份仪式,11,sweet 16 sash,134274,9,2025-01;2025-02;2025-03;2025-04;2025-05;2025-06;2025-07;2025-08;2025-09,False,False,False,True
sweet 16,身份仪式,11,sweet 16 gifts,140422,2,2025-01;2025-09,True,False,False,False
sweet 16,身份仪式,11,sweet 16 party favors,165638,5,2025-01;2025-02;2025-03;2025-08;2025-09,False,False,False,True
sweet 16,身份仪式,11,sweet 16 dress,183907,2,2025-01;2025-04,False,False,False,True
sweet 16,身份仪式,11,my super sweet 16,186554,1,2025-04,False,False,False,True
cartilage,身体珠宝穿孔,10,cartilage earrings for women,6616,12,2025-01;2025-02;2025-03;2025-04;2025-05;2025-06;2025-07;2025-08;2025-09;2025-10;2025-11;2025-12,False,False,True,False
cartilage,身体珠宝穿孔,10,cartilage earring,45386,12,2025-01;2025-02;2025-03;2025-04;2025-05;2025-06;2025-07;2025-08;2025-09;2025-10;2025-11;2025-12,False,False,True,False
cartilage,身体珠宝穿孔,10,cartilage hoop earrings for women,49106,9,2025-01;2025-02;2025-03;2025-04;2025-05;2025-06;2025-07;2025-08;2025-09,False,False,True,False
cartilage,身体珠宝穿孔,10,cartilage piercing jewelry,94767,11,2025-01;2025-02;2025-03;2025-05;2025-06;2025-07;2025-08;2025-09;2025-10;2025-11;2025-12,False,False,True,False
cartilage,身体珠宝穿孔,10,cartilage revive plus,109292,3,2025-07;2025-08;2025-09,False,False,False,True
cartilage,身体珠宝穿孔,10,cartilage hoop,114631,12,2025-01;2025-02;2025-03;2025-04;2025-05;2025-06;2025-07;2025-08;2025-09;2025-10;2025-11;2025-12,False,False,False,True
cartilage,身体珠宝穿孔,10,cartilage earrings,117575,12,2025-01;2025-02;2025-03;2025-04;2025-05;2025-06;2025-07;2025-08;2025-09;2025-10;2025-11;2025-12,False,False,True,False
cartilage,身体珠宝穿孔,10,gold cartilage earring,132219,9,2025-01;2025-02;2025-03;2025-04;2025-05;2025-06;2025-07;2025-08;2025-09,False,False,True,False
cartilage,身体珠宝穿孔,10,16 gauge cartilage earrings,151230,8,2025-01;2025-02;2025-03;2025-04;2025-05;2025-06;2025-07;2025-08,False,False,True,False
cartilage,身体珠宝穿孔,10,cartilage piercing kit,172103,5,2025-01;2025-02;2025-03;2025-04;2025-08,False,False,False,True
promise ring*,承诺誓约,10,promise rings for her,7677,12,2025-01;2025-02;2025-03;2025-04;2025-05;2025-06;2025-07;2025-08;2025-09;2025-10;2025-11;2025-12,False,False,True,False
promise ring*,承诺誓约,10,promise ring,14243,12,2025-01;2025-02;2025-03;2025-04;2025-05;2025-06;2025-07;2025-08;2025-09;2025-10;2025-11;2025-12,False,False,True,False
promise ring*,承诺誓约,10,promise rings for couples,43702,12,2025-01;2025-02;2025-03;2025-04;2025-05;2025-06;2025-07;2025-08;2025-09;2025-10;2025-11;2025-12,False,False,True,False
promise ring*,承诺誓约,10,promise rings,44176,12,2025-01;2025-02;2025-03;2025-04;2025-05;2025-06;2025-07;2025-08;2025-09;2025-10;2025-11;2025-12,False,False,True,False
promise ring*,承诺誓约,10,promise rings for him,55114,12,2025-01;2025-02;2025-03;2025-04;2025-05;2025-06;2025-07;2025-08;2025-09;2025-10;2025-11;2025-12,False,False,True,False
promise ring*,承诺誓约,10,mens promise rings,136666,3,2025-01;2025-02;2025-12,False,False,True,False
promise ring*,承诺誓约,10,pandora promise ring,140138,1,2025-12,False,False,True,False
promise ring*,承诺誓约,10,women's promise rings,153677,4,2025-09;2025-10;2025-11;2025-12,False,False,True,False
promise ring*,承诺誓约,10,promise rings for women,154644,2,2025-01;2025-12,False,False,True,False
promise ring*,承诺誓约,10,gold promise ring,163509,3,2025-02;2025-07;2025-12,False,False,True,False
confirmation,身份仪式,9,confirmation gifts for teen girls,17357,7,2025-01;2025-02;2025-03;2025-04;2025-05;2025-06;2025-10,True,False,False,False
confirmation,身份仪式,9,confirmation gifts for teenage boys,29383,4,2025-02;2025-03;2025-04;2025-05,True,False,False,False
confirmation,身份仪式,9,confirmation decorations,55131,4,2025-02;2025-03;2025-04;2025-05,False,False,False,True
confirmation,身份仪式,9,confirmation gifts,58312,3,2025-03;2025-04;2025-05,True,False,False,False
confirmation,身份仪式,9,confirmation card,60610,3,2025-03;2025-04;2025-05,False,False,False,True
confirmation,身份仪式,9,confirmation dresses,81390,4,2025-01;2025-02;2025-03;2025-04,False,False,False,True
confirmation,身份仪式,9,confirmation gifts for boys,104225,3,2025-04;2025-05;2025-10,True,False,False,False
confirmation,身份仪式,9,confirmation dresses for teen girls,132524,2,2025-03;2025-04,False,False,False,True
confirmation,身份仪式,9,confirmation gifts for girls,163153,2,2025-04;2025-05,True,False,False,False
matching couple*,关系联结,9,matching couples pajamas,36110,5,2025-02;2025-09;2025-10;2025-11;2025-12,False,False,False,True
matching couple*,关系联结,9,matching couples stuff,46927,12,2025-01;2025-02;2025-03;2025-04;2025-05;2025-06;2025-07;2025-08;2025-09;2025-10;2025-11;2025-12,False,False,False,True
matching couple*,关系联结,9,matching couples swimsuits,58503,5,2025-03;2025-04;2025-05;2025-06;2025-07,False,False,False,True
matching couple*,关系联结,9,matching couples christmas pajamas,85841,2,2025-11;2025-12,False,False,False,True
matching couple*,关系联结,9,matching couple outfits,87141,7,2025-03;2025-04;2025-05;2025-06;2025-07;2025-08;2025-09,False,False,False,True
matching couple*,关系联结,9,matching couple costumes,93362,1,2025-10,False,False,False,True
matching couple*,关系联结,9,matching couple bracelets,107570,4,2025-01;2025-02;2025-04;2025-12,False,False,True,False
matching couple*,关系联结,9,matching couples underwear,189090,1,2025-02,False,False,False,True
matching couple*,关系联结,9,matching couple christmas pajamas,191712,2,2025-11;2025-12,False,False,False,True
mother daughter,关系联结,9,mother daughter bracelets,22969,12,2025-01;2025-02;2025-03;2025-04;2025-05;2025-06;2025-07;2025-08;2025-09;2025-10;2025-11;2025-12,False,False,True,False
mother daughter,关系联结,9,mother daughter matching dresses,34718,8,2025-02;2025-03;2025-04;2025-05;2025-06;2025-07;2025-08;2025-09,False,False,False,True
mother daughter,关系联结,9,mother daughter necklace,44671,12,2025-01;2025-02;2025-03;2025-04;2025-05;2025-06;2025-07;2025-08;2025-09;2025-10;2025-11;2025-12,False,False,True,False
mother daughter,关系联结,9,mother daughter gift,45384,5,2025-02;2025-04;2025-05;2025-11;2025-12,True,False,False,False
mother daughter,关系联结,9,mother daughter rings,67785,4,2025-01;2025-02;2025-11;2025-12,False,False,True,False
mother daughter,关系联结,9,mother daughter jewelry,86437,1,2025-12,False,False,True,False
mother daughter,关系联结,9,mother daughter journal,89569,7,2025-01;2025-02;2025-03;2025-04;2025-05;2025-11;2025-12,False,False,False,True
mother daughter,关系联结,9,mother daughter gifts,146416,1,2025-12,True,False,False,False
mother daughter,关系联结,9,mother daughter matching outfits,158654,4,2025-02;2025-03;2025-04;2025-05,False,False,False,True
name necklace,个性化定制,8,name necklace,7453,12,2025-01;2025-02;2025-03;2025-04;2025-05;2025-06;2025-07;2025-08;2025-09;2025-10;2025-11;2025-12,False,False,True,False
name necklace,个性化定制,8,custom name necklace,29381,12,2025-01;2025-02;2025-03;2025-04;2025-05;2025-06;2025-07;2025-08;2025-09;2025-10;2025-11;2025-12,False,False,True,False
name necklace,个性化定制,8,name necklace for girls,75037,2,2025-11;2025-12,False,False,True,False
name necklace,个性化定制,8,name necklace gold,118145,4,2025-09;2025-10;2025-11;2025-12,False,False,True,False
name necklace,个性化定制,8,personalized name necklace,125927,3,2025-02;2025-11;2025-12,False,False,True,False
name necklace,个性化定制,8,name necklace personalized,126772,4,2025-02;2025-03;2025-04;2025-05,False,False,True,False
name necklace,个性化定制,8,gold name necklace,137570,2,2025-11;2025-12,False,False,True,False
name necklace,个性化定制,8,gold name necklace for women,176453,6,2025-02;2025-03;2025-04;2025-05;2025-06;2025-08,False,False,True,False
waist chain,身体珠宝穿孔,8,waist chain,10573,12,2025-01;2025-02;2025-03;2025-04;2025-05;2025-06;2025-07;2025-08;2025-09;2025-10;2025-11;2025-12,False,False,True,False
waist chain,身体珠宝穿孔,8,gold waist chain,13475,12,2025-01;2025-02;2025-03;2025-04;2025-05;2025-06;2025-07;2025-08;2025-09;2025-10;2025-11;2025-12,False,False,True,False
waist chain,身体珠宝穿孔,8,waist chain belt,73369,7,2025-05;2025-06;2025-07;2025-08;2025-09;2025-10;2025-12,False,False,True,False
waist chain,身体珠宝穿孔,8,silver waist chain,85252,8,2025-03;2025-04;2025-05;2025-06;2025-07;2025-08;2025-09;2025-10,False,False,True,False
waist chain,身体珠宝穿孔,8,pearl waist chain,88696,1,2025-10,False,False,True,False
waist chain,身体珠宝穿孔,8,pirate waist chain,95703,1,2025-10,False,False,True,False
waist chain,身体珠宝穿孔,8,mermaid waist chain,179158,1,2025-10,False,False,True,False
waist chain,身体珠宝穿孔,8,gold waist chain belt,193657,1,2025-10,False,False,True,False
cremation,纪念哀悼,6,cremation jewelry for ashes,32319,12,2025-01;2025-02;2025-03;2025-04;2025-05;2025-06;2025-07;2025-08;2025-09;2025-10;2025-11;2025-12,False,False,True,False
cremation,纪念哀悼,6,cremation urns for human ashes,69573,11,2025-01;2025-02;2025-03;2025-04;2025-05;2025-06;2025-07;2025-08;2025-09;2025-10;2025-11,False,False,False,True
cremation,纪念哀悼,6,cremation urns,70789,10,2025-03;2025-04;2025-05;2025-06;2025-07;2025-08;2025-09;2025-10;2025-11;2025-12,False,False,False,True
cremation,纪念哀悼,6,cremation necklace for ashes,108776,7,2025-01;2025-02;2025-03;2025-04;2025-05;2025-06;2025-07,False,False,True,False
cremation,纪念哀悼,6,cremation urn,143667,5,2025-01;2025-02;2025-03;2025-04;2025-05,False,False,False,True
cremation,纪念哀悼,6,cremation jewelry,152407,9,2025-01;2025-02;2025-03;2025-04;2025-05;2025-06;2025-07;2025-08;2025-09,False,False,True,False
italian charm,charm潮流,6,italian charm bracelet,7666,12,2025-01;2025-02;2025-03;2025-04;2025-05;2025-06;2025-07;2025-08;2025-09;2025-10;2025-11;2025-12,False,False,True,False
italian charm,charm潮流,6,italian charm bracelet charms,75664,9,2025-01;2025-02;2025-03;2025-04;2025-05;2025-06;2025-07;2025-11;2025-12,False,False,True,False
italian charm,charm潮流,6,italian charm bracelet gold,77283,11,2025-01;2025-02;2025-03;2025-04;2025-05;2025-06;2025-07;2025-08;2025-09;2025-11;2025-12,False,False,True,False
italian charm,charm潮流,6,italian charm bracelets,97879,9,2025-01;2025-02;2025-03;2025-04;2025-05;2025-06;2025-07;2025-08;2025-11,False,False,True,False
italian charm,charm潮流,6,italian charm bracelet apple watch band,127870,2,2025-05;2025-06,False,False,True,False
italian charm,charm潮流,6,gold italian charm bracelet,145026,4,2025-01;2025-04;2025-05;2025-06,False,False,True,False
purity,承诺誓约,6,purity coffee,12732,12,2025-01;2025-02;2025-03;2025-04;2025-05;2025-06;2025-07;2025-08;2025-09;2025-10;2025-11;2025-12,False,False,False,True
purity,承诺誓约,6,purity ring,74796,12,2025-01;2025-02;2025-03;2025-04;2025-05;2025-06;2025-07;2025-08;2025-09;2025-10;2025-11;2025-12,False,False,True,False
purity,承诺誓约,6,purity coffee beans,81769,2,2025-10;2025-12,False,False,False,True
purity,承诺誓约,6,purity face wash,102259,12,2025-01;2025-02;2025-03;2025-04;2025-05;2025-06;2025-07;2025-08;2025-09;2025-10;2025-11;2025-12,False,False,False,True
purity,承诺誓约,6,philosophy purity face wash,183701,1,2025-01,False,False,False,True
purity,承诺誓约,6,purity coffee ground,189745,1,2025-12,False,False,False,True
body chain,身体珠宝穿孔,5,body chain,21827,12,2025-01;2025-02;2025-03;2025-04;2025-05;2025-06;2025-07;2025-08;2025-09;2025-10;2025-11;2025-12,False,False,True,False
body chain,身体珠宝穿孔,5,body chain jewelry for women,33548,12,2025-01;2025-02;2025-03;2025-04;2025-05;2025-06;2025-07;2025-08;2025-09;2025-10;2025-11;2025-12,False,False,True,False
body chain,身体珠宝穿孔,5,gold body chain,50624,10,2025-01;2025-02;2025-03;2025-04;2025-05;2025-06;2025-07;2025-08;2025-09;2025-10,False,False,True,False
body chain,身体珠宝穿孔,5,pearl body chain,82646,1,2025-10,False,False,True,False
body chain,身体珠宝穿孔,5,silver body chain,154165,6,2025-04;2025-05;2025-06;2025-07;2025-09;2025-10,False,False,True,False
calmi,功能康复珠宝,5,calmi ring,12424,12,2025-01;2025-02;2025-03;2025-04;2025-05;2025-06;2025-07;2025-08;2025-09;2025-10;2025-11;2025-12,False,False,True,False
calmi,功能康复珠宝,5,calmi ring magnetic,117675,1,2025-12,False,False,True,False
calmi,功能康复珠宝,5,calmi,120966,3,2025-04;2025-05;2025-12,False,False,False,True
calmi,功能康复珠宝,5,calmi rings for women,128482,2,2025-11;2025-12,False,False,True,False
calmi,功能康复珠宝,5,calmi rings for women magnetic weight loss,137682,1,2025-04,False,False,True,False
medical alert,功能康复珠宝,5,medical alert bracelets for women,19260,12,2025-01;2025-02;2025-03;2025-04;2025-05;2025-06;2025-07;2025-08;2025-09;2025-10;2025-11;2025-12,False,False,True,False
medical alert,功能康复珠宝,5,medical alert bracelets for men,95021,12,2025-01;2025-02;2025-03;2025-04;2025-05;2025-06;2025-07;2025-08;2025-09;2025-10;2025-11;2025-12,False,False,True,False
medical alert,功能康复珠宝,5,medical alert bracelet,108436,12,2025-01;2025-02;2025-03;2025-04;2025-05;2025-06;2025-07;2025-08;2025-09;2025-10;2025-11;2025-12,False,False,True,False
medical alert,功能康复珠宝,5,medical alert systems for seniors,114826,10,2025-01;2025-02;2025-03;2025-04;2025-05;2025-06;2025-07;2025-08;2025-09;2025-10,False,False,False,True
medical alert,功能康复珠宝,5,medical alert necklace,130941,10,2025-01;2025-02;2025-03;2025-04;2025-05;2025-06;2025-07;2025-08;2025-09;2025-10,False,False,True,False
phone charm,charm潮流,5,phone charm,5345,12,2025-01;2025-02;2025-03;2025-04;2025-05;2025-06;2025-07;2025-08;2025-09;2025-10;2025-11;2025-12,False,False,True,False
phone charm,charm潮流,5,phone charm wrist strap,99582,11,2025-02;2025-03;2025-04;2025-05;2025-06;2025-07;2025-08;2025-09;2025-10;2025-11;2025-12,False,False,True,False
phone charm,charm潮流,5,phone charm strap,153848,6,2025-05;2025-06;2025-07;2025-08;2025-09;2025-12,False,False,True,False
phone charm,charm潮流,5,phone charm hook,173374,4,2025-05;2025-06;2025-08;2025-09,False,False,True,False
phone charm,charm潮流,5,cute phone charm,188937,1,2025-12,False,False,True,False
tennis bracelet,运动兴趣,5,tennis bracelet,21973,12,2025-01;2025-02;2025-03;2025-04;2025-05;2025-06;2025-07;2025-08;2025-09;2025-10;2025-11;2025-12,False,False,True,False
tennis bracelet,运动兴趣,5,pavoi tennis bracelet,24412,12,2025-01;2025-02;2025-03;2025-04;2025-05;2025-06;2025-07;2025-08;2025-09;2025-10;2025-11;2025-12,False,False,True,False
tennis bracelet,运动兴趣,5,moissanite tennis bracelet,79730,12,2025-01;2025-02;2025-03;2025-04;2025-05;2025-06;2025-07;2025-08;2025-09;2025-10;2025-11;2025-12,False,False,True,False
tennis bracelet,运动兴趣,5,diamond tennis bracelet,152918,1,2025-12,False,False,True,False
tennis bracelet,运动兴趣,5,tennis bracelet men,186513,2,2025-04;2025-06,False,False,True,False
veteran,军警职业,5,gift for veteran,93738,1,2025-10,True,False,False,False
veteran,军警职业,5,vietnam veteran gifts,156502,1,2025-12,True,False,False,False
veteran,军警职业,5,veteran gifts,168619,1,2025-12,True,False,False,False
veteran,军警职业,5,veteran tribute glass,175858,2,2025-03;2025-04,False,True,False,False
veteran,军警职业,5,vietnam veteran hats for men,185515,1,2025-06,False,False,False,True
wwjd,宗教扩展,5,wwjd bracelets,14109,12,2025-01;2025-02;2025-03;2025-04;2025-05;2025-06;2025-07;2025-08;2025-09;2025-10;2025-11;2025-12,False,False,True,False
wwjd,宗教扩展,5,wwjd bracelets for kids,72551,2,2025-03;2025-04,False,False,True,False
wwjd,宗教扩展,5,wwjd,83767,12,2025-01;2025-02;2025-03;2025-04;2025-05;2025-06;2025-07;2025-08;2025-09;2025-10;2025-11;2025-12,False,False,False,True
wwjd,宗教扩展,5,wwjd bracelets bulk,135825,2,2025-09;2025-10,False,False,True,False
wwjd,宗教扩展,5,wwjd bracelet,147572,6,2025-04;2025-08;2025-09;2025-10;2025-11;2025-12,False,False,True,False
ear cuff,身体珠宝穿孔,4,ear cuff,14690,12,2025-01;2025-02;2025-03;2025-04;2025-05;2025-06;2025-07;2025-08;2025-09;2025-10;2025-11;2025-12,False,False,True,False
ear cuff,身体珠宝穿孔,4,ear cuff earrings for women,70065,12,2025-01;2025-02;2025-03;2025-04;2025-05;2025-06;2025-07;2025-08;2025-09;2025-10;2025-11;2025-12,False,False,True,False
ear cuff,身体珠宝穿孔,4,gold ear cuff,105785,12,2025-01;2025-02;2025-03;2025-04;2025-05;2025-06;2025-07;2025-08;2025-09;2025-10;2025-11;2025-12,False,False,True,False
ear cuff,身体珠宝穿孔,4,silver ear cuff,169311,6,2025-04;2025-05;2025-06;2025-08;2025-09;2025-10,False,False,True,False
father son,关系联结,4,father son matching shirts,63790,2,2025-05;2025-06,False,False,False,True
father son,关系联结,4,father son matching swim trunks,119684,2,2025-05;2025-06,False,False,False,True
father son,关系联结,4,matching father son shirts,170849,1,2025-06,False,False,False,True
father son,关系联结,4,father son gifts,181071,1,2025-12,True,False,False,False
four leaf clover,宗教扩展,4,four leaf clover,66577,2,2025-02;2025-03,False,False,False,True
four leaf clover,宗教扩展,4,four leaf clover necklace,82311,9,2025-01;2025-02;2025-03;2025-04;2025-05;2025-06;2025-07;2025-08;2025-09,False,False,True,False
four leaf clover,宗教扩展,4,four leaf clover bracelet,127660,9,2025-01;2025-02;2025-03;2025-04;2025-05;2025-06;2025-07;2025-08;2025-09,False,False,True,False
four leaf clover,宗教扩展,4,four leaf clover earrings,170977,1,2025-03,False,False,True,False
bubble letter,个性化定制,3,bubble letter necklace gold,19405,12,2025-01;2025-02;2025-03;2025-04;2025-05;2025-06;2025-07;2025-08;2025-09;2025-10;2025-11;2025-12,False,False,True,False
bubble letter,个性化定制,3,bubble letter necklace,75174,12,2025-01;2025-02;2025-03;2025-04;2025-05;2025-06;2025-07;2025-08;2025-09;2025-10;2025-11;2025-12,False,False,True,False
bubble letter,个性化定制,3,bubble letter necklace silver,167857,3,2025-01;2025-02;2025-03,False,False,True,False
croc charm,charm潮流,3,croc charm bracelet,160463,1,2025-07,False,False,True,False
croc charm,charm潮流,3,croc charm,162387,6,2025-03;2025-04;2025-05;2025-06;2025-07;2025-08,False,False,True,False
croc charm,charm潮流,3,croc charm valentines,177368,1,2025-01,False,False,True,False
paramedic,军警职业,3,paramedic gifts,109427,1,2025-12,True,False,False,False
paramedic,军警职业,3,dont lose yourself salty paramedic,180764,1,2025-01,False,False,False,True
paramedic,军警职业,3,paramedic flashcards,188615,2,2025-03;2025-04,False,False,False,True
toe ring,身体珠宝穿孔,3,toe ring,22065,12,2025-01;2025-02;2025-03;2025-04;2025-05;2025-06;2025-07;2025-08;2025-09;2025-10;2025-11;2025-12,False,False,True,False
toe ring,身体珠宝穿孔,3,gold toe ring,67664,8,2025-02;2025-03;2025-04;2025-05;2025-06;2025-07;2025-08;2025-09,False,False,True,False
toe ring,身体珠宝穿孔,3,toe ring sandals,163260,3,2025-05;2025-06;2025-07,False,False,True,False
