theme,matched_keyword,term,months_present,months_on_list,best_rank,trend_ratio,is_category
charm潮流,bogg bag,bogg bag,12,2025-01;2025-02;2025-03;2025-04;2025-05;2025-06;2025-07;2025-08;2025-09;2025-10;2025-11;2025-12,196,1.035,False
charm潮流,bogg bag,bogg bag accessories,12,2025-01;2025-02;2025-03;2025-04;2025-05;2025-06;2025-07;2025-08;2025-09;2025-10;2025-11;2025-12,487,2.082,False
charm潮流,phone charm,phone charm,12,2025-01;2025-02;2025-03;2025-04;2025-05;2025-06;2025-07;2025-08;2025-09;2025-10;2025-11;2025-12,5345,0.994,True
charm潮流,bogg bag,bogg bag charms,12,2025-01;2025-02;2025-03;2025-04;2025-05;2025-06;2025-07;2025-08;2025-09;2025-10;2025-11;2025-12,5549,2.115,True
charm潮流,bag charm,bag charm,12,2025-01;2025-02;2025-03;2025-04;2025-05;2025-06;2025-07;2025-08;2025-09;2025-10;2025-11;2025-12,7055,0.763,True
charm潮流,italian charm,italian charm bracelet,12,2025-01;2025-02;2025-03;2025-04;2025-05;2025-06;2025-07;2025-08;2025-09;2025-10;2025-11;2025-12,7666,0.995,True
charm潮流,bogg bag,bogg bag large,12,2025-01;2025-02;2025-03;2025-04;2025-05;2025-06;2025-07;2025-08;2025-09;2025-10;2025-11;2025-12,25279,0.745,False
charm潮流,bag charm,coach bag charm,12,2025-01;2025-02;2025-03;2025-04;2025-05;2025-06;2025-07;2025-08;2025-09;2025-10;2025-11;2025-12,25302,0.394,True
charm潮流,bogg bag,bogg bag cup holder,11,2025-01;2025-02;2025-03;2025-04;2025-05;2025-06;2025-07;2025-08;2025-09;2025-11;2025-12,25709,1.771,False
charm潮流,purse charm,purse charm,12,2025-01;2025-02;2025-03;2025-04;2025-05;2025-06;2025-07;2025-08;2025-09;2025-10;2025-11;2025-12,28041,0.813,True
charm潮流,bogg bag,bogg bag phone holder,9,2025-01;2025-02;2025-03;2025-04;2025-05;2025-06;2025-07;2025-08;2025-12,29278,0.808,False
charm潮流,bag charm,bag charm kit,8,2025-02;2025-06;2025-07;2025-08;2025-09;2025-10;2025-11;2025-12,34957,0.51,True
charm潮流,bogg bag,mini bogg bag,12,2025-01;2025-02;2025-03;2025-04;2025-05;2025-06;2025-07;2025-08;2025-09;2025-10;2025-11;2025-12,36066,0.83,False
charm潮流,bogg bag,bogg bag small,12,2025-01;2025-02;2025-03;2025-04;2025-05;2025-06;2025-07;2025-08;2025-09;2025-10;2025-11;2025-12,38796,0.527,False
charm潮流,bogg bag,bogg bag divider,7,2025-01;2025-03;2025-04;2025-05;2025-06;2025-07;2025-08,43210,0.289,False
charm潮流,bogg bag,bogg bag xl,5,2025-04;2025-05;2025-06;2025-07;2025-08,45172,,False
charm潮流,bag charm,cherry bag charm,12,2025-01;2025-02;2025-03;2025-04;2025-05;2025-06;2025-07;2025-08;2025-09;2025-10;2025-11;2025-12,46889,0.832,True
charm潮流,bag charm,jellycat bag charm,12,2025-01;2025-02;2025-03;2025-04;2025-05;2025-06;2025-07;2025-08;2025-09;2025-10;2025-11;2025-12,47208,0.943,True
charm潮流,bogg bag,bogg bag topper tray,3,2025-05;2025-06;2025-07,53988,,False
charm潮流,bogg bag,small bogg bag,12,2025-01;2025-02;2025-03;2025-04;2025-05;2025-06;2025-07;2025-08;2025-09;2025-10;2025-11;2025-12,54566,1.03,False
charm潮流,bogg bag,bitty bogg bag,12,2025-01;2025-02;2025-03;2025-04;2025-05;2025-06;2025-07;2025-08;2025-09;2025-10;2025-11;2025-12,55896,0.938,False
charm潮流,bogg bag,medium bogg bag,9,2025-03;2025-04;2025-05;2025-06;2025-07;2025-08;2025-09;2025-11;2025-12,57939,1.628,False
charm潮流,bogg bag,bogg bag medium,10,2025-03;2025-04;2025-05;2025-06;2025-07;2025-08;2025-09;2025-10;2025-11;2025-12,61058,0.795,False
charm潮流,bogg bag,baby bogg bag,11,2025-01;2025-02;2025-03;2025-04;2025-05;2025-06;2025-07;2025-08;2025-09;2025-11;2025-12,67072,1.094,False
charm潮流,bogg bag,large bogg bag,6,2025-03;2025-04;2025-05;2025-06;2025-07;2025-08,70093,0.591,False
charm潮流,bogg bag,bogg bag organizer,5,2025-03;2025-04;2025-05;2025-06;2025-07,71265,,False
charm潮流,bogg bag,bogg bag cooler,4,2025-04;2025-05;2025-06;2025-07,72645,,False
charm潮流,bogg bag,bogg bag accessories charm,8,2025-01;2025-02;2025-03;2025-04;2025-05;2025-06;2025-07;2025-08,75007,0.751,True
charm潮流,italian charm,italian charm bracelet charms,9,2025-01;2025-02;2025-03;2025-04;2025-05;2025-06;2025-07;2025-11;2025-12,75664,1.091,True
charm潮流,bogg bag,bogg bag sale,3,2025-07;2025-08;2025-09,76850,,False
charm潮流,italian charm,italian charm bracelet gold,11,2025-01;2025-02;2025-03;2025-04;2025-05;2025-06;2025-07;2025-08;2025-09;2025-11;2025-12,77283,0.959,True
charm潮流,nail charm,nail charm glue,12,2025-01;2025-02;2025-03;2025-04;2025-05;2025-06;2025-07;2025-08;2025-09;2025-10;2025-11;2025-12,86098,1.521,True
charm潮流,bogg bag,bogg bag clearance,3,2025-05;2025-06;2025-07,89631,,False
charm潮流,purse charm,cherry purse charm,9,2025-02;2025-05;2025-06;2025-07;2025-08;2025-09;2025-10;2025-11;2025-12,89988,0.859,True
charm潮流,nail charm,nail charm,12,2025-01;2025-02;2025-03;2025-04;2025-05;2025-06;2025-07;2025-08;2025-09;2025-10;2025-11;2025-12,91842,1.476,True
charm潮流,bogg bag,bogg bag duoop,4,2025-04;2025-05;2025-06;2025-07,93011,,False
charm潮流,bogg bag,bogg bag strap,4,2025-03;2025-05;2025-06;2025-07,93660,,False
charm潮流,bogg bag,baseball bogg bag,4,2025-02;2025-03;2025-04;2025-05,94341,,False
charm潮流,italian charm,italian charm bracelets,9,2025-01;2025-02;2025-03;2025-04;2025-05;2025-06;2025-07;2025-08;2025-11,97879,0.962,True
charm潮流,phone charm,phone charm wrist strap,11,2025-02;2025-03;2025-04;2025-05;2025-06;2025-07;2025-08;2025-09;2025-10;2025-11;2025-12,99582,0.939,True
charm潮流,bogg bag,bogg bag topper,3,2025-05;2025-06;2025-07,101300,,False
charm潮流,bogg bag,simply southern bogg bag,3,2025-05;2025-06;2025-07,101664,,False
charm潮流,bogg bag,bogg bag cooler insert,3,2025-05;2025-06;2025-07,104548,,False
charm潮流,bogg bag,xl bogg bag,3,2025-05;2025-06;2025-07,106259,,False
charm潮流,bogg bag,mini bogg bag for girls,5,2025-03;2025-04;2025-05;2025-06;2025-07,108953,,False
charm潮流,bag charm,bag charm chain,8,2025-05;2025-06;2025-07;2025-08;2025-09;2025-10;2025-11;2025-12,124106,0.969,True
charm潮流,bag charm,gold bag charm,4,2025-07;2025-08;2025-09;2025-12,127001,,True
charm潮流,bogg bag,bogg bag insert,3,2025-05;2025-06;2025-07,127418,,False
charm潮流,italian charm,italian charm bracelet apple watch band,2,2025-05;2025-06,127870,,True
charm潮流,bag charm,halloween bag charm,3,2025-08;2025-09;2025-10,128663,,True
charm潮流,bogg bag,gingerbread bogg bag,1,2025-11,143451,,False
charm潮流,bogg bag,bogg bag medium size,4,2025-02;2025-03;2025-05;2025-06,144089,,False
charm潮流,italian charm,gold italian charm bracelet,4,2025-01;2025-04;2025-05;2025-06,145026,,True
charm潮流,phone charm,phone charm strap,6,2025-05;2025-06;2025-07;2025-08;2025-09;2025-12,153848,1.011,True
charm潮流,bag charm,leather bag charm,5,2025-01;2025-05;2025-06;2025-07;2025-08,155274,,True
charm潮流,bag charm,strawberry bag charm,2,2025-05;2025-06,157055,,True
charm潮流,croc charm,croc charm bracelet,1,2025-07,160463,,True
charm潮流,bogg bag,charms for bogg bag,4,2025-04;2025-05;2025-06;2025-07,160588,,True
charm潮流,bag charm,hello kitty bag charm,2,2025-08;2025-12,161084,,True
charm潮流,croc charm,croc charm,6,2025-03;2025-04;2025-05;2025-06;2025-07;2025-08,162387,1.08,True
charm潮流,bag charm,initial bag charm,1,2025-12,165391,,True
charm潮流,bogg bag,bogg bag -,1,2025-12,167477,,False
charm潮流,bogg bag,bogg bag charms for women,2,2025-05;2025-06,168164,,True
charm潮流,bogg bag,bogg bag tray,3,2025-05;2025-06;2025-07,171284,,False
charm潮流,bogg bag,bogg bag accessories cup holder,2,2025-05;2025-06,171939,,False
charm潮流,phone charm,phone charm hook,4,2025-05;2025-06;2025-08;2025-09,173374,,True
charm潮流,bogg bag,bogg bag must have,1,2025-01,174489,,False
charm潮流,bogg bag,christmas bogg bag,1,2025-11,174818,,False
charm潮流,croc charm,croc charm valentines,1,2025-01,177368,,True
charm潮流,bag charm,christmas bag charm,1,2025-11,185008,,True
charm潮流,phone charm,cute phone charm,1,2025-12,188937,,True
charm潮流,bag charm,bow bag charm,1,2025-12,190207,,True
charm潮流,bag charm,plush bag charm,1,2025-08,190605,,True
charm潮流,bogg bag,bogg bag replacement buttons,1,2025-07,191204,,False
charm潮流,bogg bag,pink bogg bag,1,2025-05,193637,,False
charm潮流,bogg bag,bogg bag mini,1,2025-06,195521,,False
charm潮流,bogg bag,bogg bag organizer insert,1,2025-06,196759,,False
charm潮流,bogg bag,football bogg bag,1,2025-08,197547,,False
个性化定制,initial,initial necklaces for women,12,2025-01;2025-02;2025-03;2025-04;2025-05;2025-06;2025-07;2025-08;2025-09;2025-10;2025-11;2025-12,5937,1.186,True
个性化定制,name necklace,name necklace,12,2025-01;2025-02;2025-03;2025-04;2025-05;2025-06;2025-07;2025-08;2025-09;2025-10;2025-11;2025-12,7453,0.943,True
个性化定制,initial,initial necklace,12,2025-01;2025-02;2025-03;2025-04;2025-05;2025-06;2025-07;2025-08;2025-09;2025-10;2025-11;2025-12,8037,0.645,True
个性化定制,birthstone,birthstone necklace for women,12,2025-01;2025-02;2025-03;2025-04;2025-05;2025-06;2025-07;2025-08;2025-09;2025-10;2025-11;2025-12,11476,0.638,True
个性化定制,initial,initial d,12,2025-01;2025-02;2025-03;2025-04;2025-05;2025-06;2025-07;2025-08;2025-09;2025-10;2025-11;2025-12,18333,2.372,False
个性化定制,bubble letter,bubble letter necklace gold,12,2025-01;2025-02;2025-03;2025-04;2025-05;2025-06;2025-07;2025-08;2025-09;2025-10;2025-11;2025-12,19405,2.646,True
个性化定制,birthstone,birthstone rings for women,12,2025-01;2025-02;2025-03;2025-04;2025-05;2025-06;2025-07;2025-08;2025-09;2025-10;2025-11;2025-12,22252,0.908,True
个性化定制,birthstone,birthstone necklace,12,2025-01;2025-02;2025-03;2025-04;2025-05;2025-06;2025-07;2025-08;2025-09;2025-10;2025-11;2025-12,26448,0.391,True
个性化定制,birthstone,birthstone bracelets for women,12,2025-01;2025-02;2025-03;2025-04;2025-05;2025-06;2025-07;2025-08;2025-09;2025-10;2025-11;2025-12,27178,0.652,True
个性化定制,initial,initial stockings christmas,2,2025-11;2025-12,28588,,False
个性化定制,name necklace,custom name necklace,12,2025-01;2025-02;2025-03;2025-04;2025-05;2025-06;2025-07;2025-08;2025-09;2025-10;2025-11;2025-12,29381,1.099,True
个性化定制,initial,initial bracelet,12,2025-01;2025-02;2025-03;2025-04;2025-05;2025-06;2025-07;2025-08;2025-09;2025-10;2025-11;2025-12,36651,0.897,True
个性化定制,birthstone,march birthstone necklace,2,2025-02;2025-03,42545,,True
个性化定制,initial,initial makeup bag,12,2025-01;2025-02;2025-03;2025-04;2025-05;2025-06;2025-07;2025-08;2025-09;2025-10;2025-11;2025-12,43304,0.467,False
个性化定制,birthstone,birthstone bracelet,8,2025-05;2025-06;2025-07;2025-08;2025-09;2025-10;2025-11;2025-12,46969,0.553,True
个性化定制,initial,initial necklaces for girls,5,2025-01;2025-02;2025-04;2025-11;2025-12,48113,,True
个性化定制,initial,initial keychain,12,2025-01;2025-02;2025-03;2025-04;2025-05;2025-06;2025-07;2025-08;2025-09;2025-10;2025-11;2025-12,52488,0.859,False
个性化定制,initial,gold initial necklace for women,11,2025-01;2025-02;2025-03;2025-04;2025-05;2025-06;2025-07;2025-08;2025-09;2025-11;2025-12,53741,1.827,True
个性化定制,birthstone,birthstone rings,12,2025-01;2025-02;2025-03;2025-04;2025-05;2025-06;2025-07;2025-08;2025-09;2025-10;2025-11;2025-12,54141,0.822,True
个性化定制,initial,initial ring,12,2025-01;2025-02;2025-03;2025-04;2025-05;2025-06;2025-07;2025-08;2025-09;2025-10;2025-11;2025-12,57338,1.39,True
个性化定制,birthstone,december birthstone necklace,2,2025-11;2025-12,64691,,True
个性化定制,initial,initial ornaments,2,2025-11;2025-12,66439,,False
个性化定制,name necklace,name necklace for girls,2,2025-11;2025-12,75037,,True
个性化定制,bubble letter,bubble letter necklace,12,2025-01;2025-02;2025-03;2025-04;2025-05;2025-06;2025-07;2025-08;2025-09;2025-10;2025-11;2025-12,75174,0.86,True
个性化定制,birthstone,birthstone ring,8,2025-01;2025-02;2025-03;2025-04;2025-05;2025-09;2025-11;2025-12,75219,0.765,True
个性化定制,initial,initial stockings,2,2025-11;2025-12,77285,,False
个性化定制,initial,initial bracelets for women,9,2025-01;2025-02;2025-05;2025-06;2025-07;2025-08;2025-09;2025-11;2025-12,77726,0.904,True
个性化定制,birthstone,birthstone jewelry,2,2025-11;2025-12,80361,,True
个性化定制,initial,stocking with initial,2,2025-11;2025-12,80713,,False
个性化定制,birthstone,birthstone earrings,5,2025-01;2025-02;2025-03;2025-11;2025-12,87064,,True
个性化定制,initial,gold initial necklace,10,2025-01;2025-02;2025-03;2025-04;2025-05;2025-06;2025-09;2025-10;2025-11;2025-12,87960,0.707,True
个性化定制,birthstone,march birthstone jewelry,1,2025-03,91824,,True
个性化定制,initial,initial bag,3,2025-05;2025-11;2025-12,95838,,False
个性化定制,birthstone,august birthstone jewelry,2,2025-08;2025-12,99619,,True
个性化定制,birthstone,january birthstone necklace,2,2025-01;2025-12,100104,,True
个性化定制,initial,initial christmas stockings,2,2025-11;2025-12,106498,,False
个性化定制,initial,belt buckle necklace with initial,7,2025-01;2025-02;2025-03;2025-04;2025-05;2025-06;2025-12,108776,1.203,True
个性化定制,initial,silver initial necklaces for women,12,2025-01;2025-02;2025-03;2025-04;2025-05;2025-06;2025-07;2025-08;2025-09;2025-10;2025-11;2025-12,110576,0.859,True
个性化定制,birthstone,june birthstone necklace,3,2025-05;2025-06;2025-12,117542,,True
个性化定制,initial,initial bracelet for men,3,2025-01;2025-02;2025-12,117563,,True
个性化定制,name necklace,name necklace gold,4,2025-09;2025-10;2025-11;2025-12,118145,,True
个性化定制,birthstone,november birthstone necklace,2,2025-11;2025-12,122757,,True
个性化定制,initial,christmas stocking with initial,2,2025-11;2025-12,122870,,False
个性化定制,name necklace,personalized name necklace,3,2025-02;2025-11;2025-12,125927,,True
个性化定制,name necklace,name necklace personalized,4,2025-02;2025-03;2025-04;2025-05,126772,,True
个性化定制,initial,initial necklaces for women silver,8,2025-01;2025-02;2025-03;2025-04;2025-05;2025-06;2025-07;2025-08,131588,1.085,True
个性化定制,birthstone,february birthstone necklace,1,2025-02,133025,,True
个性化定制,birthstone,december birthstone,1,2025-12,136455,,True
个性化定制,name necklace,gold name necklace,2,2025-11;2025-12,137570,,True
个性化定制,birthstone,october birthstone necklace,1,2025-10,139150,,True
个性化定制,birthstone,october birthstone,1,2025-10,140561,,True
个性化定制,birthstone,december birthstone earrings,1,2025-12,142926,,True
个性化定制,initial,bubble initial necklaces for women,7,2025-01;2025-02;2025-03;2025-04;2025-05;2025-06;2025-07,143074,1.126,True
个性化定制,initial,sterling silver initial necklace,1,2025-12,143637,,True
个性化定制,birthstone,august birthstone necklace,1,2025-08,144482,,True
个性化定制,initial,beaded initial necklace,2,2025-06;2025-07,147441,,True
个性化定制,birthstone,september birthstone necklace,1,2025-09,150868,,True
个性化定制,initial,initial gifts for women,1,2025-12,151579,,False
个性化定制,initial,makeup bag with initial,1,2025-12,151722,,False
个性化定制,initial,initial tote bags for women,1,2025-05,155110,,False
个性化定制,birthstone,birthstone earrings for women,1,2025-12,155275,,True
个性化定制,initial,initial necklace silver,1,2025-12,157352,,True
个性化定制,birthstone,birthstone month chart,1,2025-12,157743,,True
个性化定制,birthstone,birthstone necklace for mom,2,2025-05;2025-12,158940,,True
个性化定制,initial,initial christmas ornaments,2,2025-11;2025-12,162122,,False
个性化定制,initial,initial bag charm,1,2025-12,165391,,True
个性化定制,birthstone,birthstone charms,2,2025-05;2025-12,165391,,True
个性化定制,initial,initial pillow,2,2025-07;2025-08,167784,,False
个性化定制,bubble letter,bubble letter necklace silver,3,2025-01;2025-02;2025-03,167857,,True
个性化定制,birthstone,april birthstone necklace,1,2025-04,168663,,True
个性化定制,birthstone,birthstone colors by month chart,1,2025-12,170349,,True
个性化定制,initial,initial stocking,2,2025-11;2025-12,171246,,False
个性化定制,initial,initial necklace for men,2,2025-02;2025-12,172508,,True
个性化定制,initial,initial ornaments for christmas tree,2,2025-11;2025-12,175727,,False
个性化定制,name necklace,gold name necklace for women,6,2025-02;2025-03;2025-04;2025-05;2025-06;2025-08,176453,0.993,True
个性化定制,initial,initial rings for women,1,2025-01,177368,,True
个性化定制,birthstone,kendra scott birthstone necklace,1,2025-12,179325,,True
个性化定制,initial,girls initial necklace,1,2025-12,179606,,True
个性化定制,birthstone,august birthstone,1,2025-08,179678,,True
个性化定制,birthstone,december birthstone rings,1,2025-12,180793,,True
个性化定制,birthstone,birthstone jewelry for women,1,2025-12,184445,,True
个性化定制,birthstone,september birthstone,1,2025-09,186349,,True
个性化定制,initial,initial keychains for women,2,2025-05;2025-12,188101,,False
个性化定制,initial,initial tote bag,1,2025-12,188539,,False
个性化定制,initial,yoolife initial canvas tote bag,1,2025-12,189249,,False
个性化定制,birthstone,november birthstone ring,1,2025-11,195169,,True
个性化定制,initial,kendra scott initial necklace,1,2025-12,195275,,True
个性化定制,birthstone,june birthstone,1,2025-06,195403,,True
个性化定制,initial,silver initial necklace,1,2025-12,195515,,True
个性化定制,initial,initial necklaces,1,2025-12,198224,,True
人生重启,divorce*,divorced sister,7,2025-06;2025-07;2025-08;2025-09;2025-10;2025-11;2025-12,363,61.692,False
人生重启,divorce*,divorce in the black tyler perry,12,2025-01;2025-02;2025-03;2025-04;2025-05;2025-06;2025-07;2025-08;2025-09;2025-10;2025-11;2025-12,1469,8.339,False
人生重启,divorce*,the perfect divorce jeneva rose,9,2025-01;2025-02;2025-03;2025-04;2025-05;2025-06;2025-07;2025-08;2025-09,2026,2.021,False
人生重启,divorce*,the perfect divorce,12,2025-01;2025-02;2025-03;2025-04;2025-05;2025-06;2025-07;2025-08;2025-09;2025-10;2025-11;2025-12,3197,0.38,False
人生重启,divorce*,the divorce insurance,6,2025-03;2025-04;2025-05;2025-06;2025-07;2025-08,3445,3.881,False
人生重启,divorce*,divorced sistas tyler perry,3,2025-06;2025-07;2025-08,15923,,False
人生重启,divorce*,tyler perry's divorce in the black,12,2025-01;2025-02;2025-03;2025-04;2025-05;2025-06;2025-07;2025-08;2025-09;2025-10;2025-11;2025-12,16681,4.909,False
人生重启,divorce*,divorced sistas,3,2025-06;2025-07;2025-08,19636,,False
人生重启,new chapter,new chapter womens vitamins,12,2025-01;2025-02;2025-03;2025-04;2025-05;2025-06;2025-07;2025-08;2025-09;2025-10;2025-11;2025-12,25637,1.571,False
人生重启,divorce*,divorced,3,2025-06;2025-07;2025-08,26662,,False
人生重启,divorce*,divorced sisters tyler perry,3,2025-07;2025-08;2025-09,31342,,False
人生重启,divorce*,divorce sistas tyler perry,2,2025-06;2025-07,36080,,False
人生重启,divorce*,divorce,12,2025-01;2025-02;2025-03;2025-04;2025-05;2025-06;2025-07;2025-08;2025-09;2025-10;2025-11;2025-12,38122,1.331,False
人生重启,divorce*,perfect divorce,5,2025-04;2025-05;2025-06;2025-07;2025-08,50313,,False
人生重启,divorce*,divorced siestas,2,2025-06;2025-07,51539,,False
人生重启,divorce*,divorce insurance,2,2025-03;2025-04,61903,,False
人生重启,new chapter,new chapter men's multivitamin,12,2025-01;2025-02;2025-03;2025-04;2025-05;2025-06;2025-07;2025-08;2025-09;2025-10;2025-11;2025-12,66938,1.873,False
人生重启,divorce*,the great divorce cs lewis,12,2025-01;2025-02;2025-03;2025-04;2025-05;2025-06;2025-07;2025-08;2025-09;2025-10;2025-11;2025-12,70877,0.866,False
人生重启,new chapter,new chapter bone strength,12,2025-01;2025-02;2025-03;2025-04;2025-05;2025-06;2025-07;2025-08;2025-09;2025-10;2025-11;2025-12,81401,1.47,False
人生重启,divorce*,divorce sistas,2,2025-06;2025-07,84843,,False
人生重启,divorce*,divorced sisters,2,2025-06;2025-07,88301,,False
人生重启,divorce*,divorce sisters,3,2025-06;2025-07;2025-08,89240,,False
人生重启,divorce*,surviving an unwanted divorce,1,2025-11,96098,,False
人生重启,divorce*,divorce insurance kdrama,1,2025-04,104517,,False
人生重启,divorce*,divorce in black,2,2025-02;2025-03,110314,,False
人生重启,divorce*,divorce in the black,2,2025-02;2025-03,112208,,False
人生重启,new chapter,new chapter magnesium with ashwagandha,9,2025-01;2025-02;2025-03;2025-04;2025-05;2025-06;2025-07;2025-08;2025-09,116724,0.996,False
人生重启,new chapter,new chapter,11,2025-01;2025-02;2025-03;2025-04;2025-05;2025-06;2025-07;2025-08;2025-09;2025-10;2025-11,118528,1.211,False
人生重启,divorce*,disrupting divorce book,1,2025-10,135777,,False
人生重启,new chapter,new chapter prenatal multivitamin,7,2025-01;2025-02;2025-03;2025-04;2025-05;2025-06;2025-07,141592,1.23,False
人生重启,divorce*,the black divorce,2,2025-02;2025-03,143433,,False
人生重启,divorce*,divorce gifts for women,7,2025-01;2025-02;2025-03;2025-04;2025-05;2025-09;2025-12,143473,1.27,False
人生重启,divorce*,divorce s,1,2025-06,149126,,False
人生重启,divorce*,divorced s,1,2025-06,150867,,False
人生重启,divorce*,the divorce he never saw coming,1,2025-12,152504,,False
人生重启,divorce*,the great divorce,2,2025-08;2025-09,152991,,False
人生重启,new beginning*,new beginnings gifts for women,4,2025-03;2025-04;2025-05;2025-06,153565,,False
人生重启,divorce*,divorce party decorations for women,7,2025-02;2025-03;2025-04;2025-05;2025-06;2025-07;2025-08,163228,0.932,False
人生重启,new chapter,new chapter women's multivitamin,3,2025-01;2025-03;2025-04,176323,,False
人生重启,new chapter,new chapter prenatal,2,2025-09;2025-10,178593,,False
人生重启,breakup,the breakup,1,2025-11,191493,,False
人生重启,divorce*,divorce bait,1,2025-03,197791,,False
信仰精神,protection,heat protection spray for hair,12,2025-01;2025-02;2025-03;2025-04;2025-05;2025-06;2025-07;2025-08;2025-09;2025-10;2025-11;2025-12,934,1.492,False
信仰精神,protection,power strips with surge protection,12,2025-01;2025-02;2025-03;2025-04;2025-05;2025-06;2025-07;2025-08;2025-09;2025-10;2025-11;2025-12,1687,1.077,False
信仰精神,saint,the saint,12,2025-01;2025-02;2025-03;2025-04;2025-05;2025-06;2025-07;2025-08;2025-09;2025-10;2025-11;2025-12,5311,1.997,False
信仰精神,protection,plant covers freeze protection,9,2025-01;2025-02;2025-03;2025-04;2025-05;2025-09;2025-10;2025-11;2025-12,5568,0.724,False
信仰精神,saint,saint patricks day shirt,2,2025-02;2025-03,6800,,False
信仰精神,protection,baby ear muffs noise protection,12,2025-01;2025-02;2025-03;2025-04;2025-05;2025-06;2025-07;2025-08;2025-09;2025-10;2025-11;2025-12,6836,1.756,False
信仰精神,protection,protection,11,2025-01;2025-02;2025-03;2025-04;2025-05;2025-06;2025-07;2025-08;2025-09;2025-10;2025-12,7273,7.59,False
信仰精神,prayer,prayer journal for woman,12,2025-01;2025-02;2025-03;2025-04;2025-05;2025-06;2025-07;2025-08;2025-09;2025-10;2025-11;2025-12,8336,1.273,False
信仰精神,faith,heartland on up faith and family,12,2025-01;2025-02;2025-03;2025-04;2025-05;2025-06;2025-07;2025-08;2025-09;2025-10;2025-11;2025-12,8868,0.912,False
信仰精神,saint,saint patricks day decorations,3,2025-01;2025-02;2025-03,9460,,False
信仰精神,protection,uv umbrellas for sun protection,9,2025-02;2025-03;2025-04;2025-05;2025-06;2025-07;2025-08;2025-09;2025-10,10150,1.061,False
信仰精神,evil eye,evil eye bracelets,12,2025-01;2025-02;2025-03;2025-04;2025-05;2025-06;2025-07;2025-08;2025-09;2025-10;2025-11;2025-12,10872,1.201,True
信仰精神,protection,shooting ear protection,12,2025-01;2025-02;2025-03;2025-04;2025-05;2025-06;2025-07;2025-08;2025-09;2025-10;2025-11;2025-12,11573,1.165,False
信仰精神,protection,dog ear muffs noise protection,6,2025-05;2025-06;2025-07;2025-08;2025-09;2025-12,12383,6.89,False
信仰精神,saint,saint patricks day accessories,2,2025-02;2025-03,14823,,False
信仰精神,protection,sun hats for women uv protection,10,2025-01;2025-02;2025-03;2025-04;2025-05;2025-06;2025-07;2025-08;2025-09;2025-10,15314,1.353,False
信仰精神,prayer,prayer mat,12,2025-01;2025-02;2025-03;2025-04;2025-05;2025-06;2025-07;2025-08;2025-09;2025-10;2025-11;2025-12,15515,3.128,False
信仰精神,faith,faith over fear hoodie,12,2025-01;2025-02;2025-03;2025-04;2025-05;2025-06;2025-07;2025-08;2025-09;2025-10;2025-11;2025-12,16186,0.859,False
信仰精神,prayer,prayer journal,12,2025-01;2025-02;2025-03;2025-04;2025-05;2025-06;2025-07;2025-08;2025-09;2025-10;2025-11;2025-12,16597,1.118,False
信仰精神,protection,ear protection,12,2025-01;2025-02;2025-03;2025-04;2025-05;2025-06;2025-07;2025-08;2025-09;2025-10;2025-11;2025-12,16776,0.8,False
信仰精神,protection,uv protection sun hats for women,3,2025-06;2025-07;2025-08,18046,,False
信仰精神,faith,bad faith,10,2025-01;2025-02;2025-03;2025-04;2025-05;2025-06;2025-07;2025-08;2025-09;2025-10,18254,4.078,False
信仰精神,evil eye,evil eye necklace,12,2025-01;2025-02;2025-03;2025-04;2025-05;2025-06;2025-07;2025-08;2025-09;2025-10;2025-11;2025-12,20053,1.241,True
信仰精神,saint,saint patricks day outfit women,2,2025-02;2025-03,20189,,False
信仰精神,protection,walkers ear protection,12,2025-01;2025-02;2025-03;2025-04;2025-05;2025-06;2025-07;2025-08;2025-09;2025-10;2025-11;2025-12,20225,0.588,False
信仰精神,saint,yves saint laurent cologne for men,12,2025-01;2025-02;2025-03;2025-04;2025-05;2025-06;2025-07;2025-08;2025-09;2025-10;2025-11;2025-12,21247,0.661,False
信仰精神,protection,ear protection for gun range,12,2025-01;2025-02;2025-03;2025-04;2025-05;2025-06;2025-07;2025-08;2025-09;2025-10;2025-11;2025-12,22354,1.687,False
信仰精神,protection,sun umbrella uv protection,8,2025-03;2025-04;2025-05;2025-06;2025-07;2025-08;2025-09;2025-10,23104,1.019,False
信仰精神,protection,netting for garden protection,6,2025-03;2025-04;2025-05;2025-06;2025-07;2025-08,23393,1.496,False
信仰精神,protection,emf protection,12,2025-01;2025-02;2025-03;2025-04;2025-05;2025-06;2025-07;2025-08;2025-09;2025-10;2025-11;2025-12,25863,0.533,False
信仰精神,protection,hearing protection,12,2025-01;2025-02;2025-03;2025-04;2025-05;2025-06;2025-07;2025-08;2025-09;2025-10;2025-11;2025-12,26368,1.134,False
信仰精神,saint,yves saint laurent,12,2025-01;2025-02;2025-03;2025-04;2025-05;2025-06;2025-07;2025-08;2025-09;2025-10;2025-11;2025-12,27033,1.867,False
信仰精神,protection,sun protection clothing women,9,2025-01;2025-02;2025-03;2025-04;2025-05;2025-06;2025-07;2025-08;2025-09,27175,0.613,False
信仰精神,saint,the saint val kilmer,1,2025-04,27463,,False
信仰精神,protection,outside faucet cover freeze protection,4,2025-01;2025-10;2025-11;2025-12,29013,,False
信仰精神,protection,mens long sleeve sun protection shirts,5,2025-04;2025-05;2025-06;2025-07;2025-08,31116,,False
信仰精神,prayer,prayer board supplies,6,2025-01;2025-08;2025-09;2025-10;2025-11;2025-12,31207,0.998,False
信仰精神,faith,killing faith,3,2025-10;2025-11;2025-12,31350,,False
信仰精神,faith,faith based,12,2025-01;2025-02;2025-03;2025-04;2025-05;2025-06;2025-07;2025-08;2025-09;2025-10;2025-11;2025-12,32004,2.582,False
信仰精神,prayer,prayer board supplies for women,3,2025-01;2025-02;2025-03,32157,,False
信仰精神,saint,saint patricks day shirt women,2,2025-02;2025-03,32386,,False
信仰精神,protection,sun protection shirts for men,6,2025-03;2025-04;2025-05;2025-06;2025-07;2025-08,32421,0.718,False
信仰精神,protection,baby ear protection,12,2025-01;2025-02;2025-03;2025-04;2025-05;2025-06;2025-07;2025-08;2025-09;2025-10;2025-11;2025-12,33379,0.759,False
信仰精神,evil eye,evil eye,12,2025-01;2025-02;2025-03;2025-04;2025-05;2025-06;2025-07;2025-08;2025-09;2025-10;2025-11;2025-12,33856,1.341,False
信仰精神,protection,colorscience sunforgettable total protection face shield spf 50,9,2025-01;2025-02;2025-03;2025-04;2025-05;2025-06;2025-07;2025-08;2025-10,34416,1.534,False
信仰精神,faith,faith over fear shirt,12,2025-01;2025-02;2025-03;2025-04;2025-05;2025-06;2025-07;2025-08;2025-09;2025-10;2025-11;2025-12,35269,0.634,False
信仰精神,protection,kids ear protection,12,2025-01;2025-02;2025-03;2025-04;2025-05;2025-06;2025-07;2025-08;2025-09;2025-10;2025-11;2025-12,35833,2.19,False
信仰精神,protection,uv protection shirts for women,7,2025-02;2025-03;2025-04;2025-05;2025-06;2025-07;2025-08,35957,0.583,False
信仰精神,faith,faith shirts for women,11,2025-02;2025-03;2025-04;2025-05;2025-06;2025-07;2025-08;2025-09;2025-10;2025-11;2025-12,36864,0.652,False
信仰精神,protection,toddler ear protection,12,2025-01;2025-02;2025-03;2025-04;2025-05;2025-06;2025-07;2025-08;2025-09;2025-10;2025-11;2025-12,37402,1.958,False
信仰精神,faith,faith based movies on prime,3,2025-01;2025-02;2025-03,37702,,False
信仰精神,faith,keeping faith,2,2025-09;2025-10,38379,,False
信仰精神,prayer,prayer board,12,2025-01;2025-02;2025-03;2025-04;2025-05;2025-06;2025-07;2025-08;2025-09;2025-10;2025-11;2025-12,38440,1.406,False
信仰精神,saint,the saint penelope sky,3,2025-03;2025-04;2025-05,39268,,False
信仰精神,protection,outdoor faucet covers for winter freeze protection,1,2025-01,39990,,False
信仰精神,saint,saint,12,2025-01;2025-02;2025-03;2025-04;2025-05;2025-06;2025-07;2025-08;2025-09;2025-10;2025-11;2025-12,40130,1.438,False
信仰精神,protection,mcafee total protection 2025,9,2025-01;2025-02;2025-03;2025-04;2025-05;2025-06;2025-07;2025-08;2025-09,40369,1.872,False
信仰精神,faith,finding faith,3,2025-08;2025-09;2025-10,42782,,False
信仰精神,prayer,prayer rug,12,2025-01;2025-02;2025-03;2025-04;2025-05;2025-06;2025-07;2025-08;2025-09;2025-10;2025-11;2025-12,43158,2.665,False
信仰精神,saint,saint patricks day,2,2025-02;2025-03,43306,,False
信仰精神,protection,head protection back pack for baby,12,2025-01;2025-02;2025-03;2025-04;2025-05;2025-06;2025-07;2025-08;2025-09;2025-10;2025-11;2025-12,43309,1.869,False
信仰精神,protection,asurion protection plan,12,2025-01;2025-02;2025-03;2025-04;2025-05;2025-06;2025-07;2025-08;2025-09;2025-10;2025-11;2025-12,45613,1.002,False
信仰精神,protection,mcafee total protection 2026,3,2025-10;2025-11;2025-12,45908,,False
信仰精神,protection,uv protection shirts for men,7,2025-03;2025-04;2025-05;2025-06;2025-07;2025-08;2025-09,47147,1.043,False
信仰精神,faith,faith,12,2025-01;2025-02;2025-03;2025-04;2025-05;2025-06;2025-07;2025-08;2025-09;2025-10;2025-11;2025-12,47401,1.708,False
信仰精神,protection,alpine muffy baby ear protection,8,2025-03;2025-04;2025-05;2025-06;2025-07;2025-08;2025-09;2025-10,48123,1.144,False
信仰精神,protection,arm sleeves for men uv protection,4,2025-05;2025-06;2025-07;2025-08,48371,,False
信仰精神,protection,baby backpack head protection pillow,12,2025-01;2025-02;2025-03;2025-04;2025-05;2025-06;2025-07;2025-08;2025-09;2025-10;2025-11;2025-12,49702,1.47,False
信仰精神,protection,mens sunglasses polarized uv protection,12,2025-01;2025-02;2025-03;2025-04;2025-05;2025-06;2025-07;2025-08;2025-09;2025-10;2025-11;2025-12,50082,1.823,False
信仰精神,saint,yves saint laurent perfume for women,12,2025-01;2025-02;2025-03;2025-04;2025-05;2025-06;2025-07;2025-08;2025-09;2025-10;2025-11;2025-12,50744,0.775,False
信仰精神,protection,kenra heat protection spray,12,2025-01;2025-02;2025-03;2025-04;2025-05;2025-06;2025-07;2025-08;2025-09;2025-10;2025-11;2025-12,52879,0.714,False
信仰精神,protection,sun protection hat,7,2025-03;2025-04;2025-05;2025-06;2025-07;2025-08;2025-09,53248,1.158,False
信仰精神,protection,sun protection,6,2025-03;2025-04;2025-05;2025-06;2025-07;2025-08,53291,0.862,False
信仰精神,protection,sun sleeves for men uv protection golf,6,2025-03;2025-04;2025-05;2025-06;2025-07;2025-08,53565,0.769,False
信仰精神,protection,sun glassess women with uv protection over prescription glasses,5,2025-02;2025-03;2025-04;2025-05;2025-06,55981,,False
信仰精神,protection,plant freeze protection cover,2,2025-01;2025-11,56113,,False
信仰精神,protection,infant ear protection,10,2025-01;2025-02;2025-03;2025-04;2025-05;2025-06;2025-07;2025-08;2025-09;2025-10,56437,0.888,False
信仰精神,protection,degree clinical protection for women,12,2025-01;2025-02;2025-03;2025-04;2025-05;2025-06;2025-07;2025-08;2025-09;2025-10;2025-11;2025-12,56918,1.189,False
信仰精神,protection,gun range ear protection,12,2025-01;2025-02;2025-03;2025-04;2025-05;2025-06;2025-07;2025-08;2025-09;2025-10;2025-11;2025-12,57734,1.474,False
信仰精神,prayer,prayer cards,12,2025-01;2025-02;2025-03;2025-04;2025-05;2025-06;2025-07;2025-08;2025-09;2025-10;2025-11;2025-12,58171,0.953,False
信仰精神,saint,saint maud,10,2025-01;2025-02;2025-04;2025-05;2025-06;2025-07;2025-08;2025-09;2025-10;2025-11,58828,1.474,False
信仰精神,faith,i dont have enough faith to be an atheist,4,2025-09;2025-10;2025-11;2025-12,58921,,False
信仰精神,protection,axil ear protection,12,2025-01;2025-02;2025-03;2025-04;2025-05;2025-06;2025-07;2025-08;2025-09;2025-10;2025-11;2025-12,60304,1.048,False
信仰精神,prayer,get lost in prayer before you start overthinking,1,2025-03,61203,,False
信仰精神,protection,uv protection umbrella,6,2025-04;2025-05;2025-06;2025-07;2025-08;2025-09,61407,0.986,False
信仰精神,protection,straw hats for men sun protection,4,2025-05;2025-06;2025-07;2025-08,61949,,False
信仰精神,prayer,catholic prayer book,12,2025-01;2025-02;2025-03;2025-04;2025-05;2025-06;2025-07;2025-08;2025-09;2025-10;2025-11;2025-12,62561,0.983,False
信仰精神,evil eye,evil eye ring,12,2025-01;2025-02;2025-03;2025-04;2025-05;2025-06;2025-07;2025-08;2025-09;2025-10;2025-11;2025-12,62853,1.507,True
信仰精神,protection,drink covers for alcohol protection women scrunchie,11,2025-01;2025-02;2025-03;2025-04;2025-05;2025-06;2025-07;2025-08;2025-09;2025-11;2025-12,64350,1.697,False
信仰精神,prayer,covered and armed prayer book,3,2025-08;2025-09;2025-10,64999,,False
信仰精神,prayer,prayer bowl,2,2025-11;2025-12,65232,,False
信仰精神,protection,fruit protection bags,5,2025-04;2025-05;2025-06;2025-07;2025-08,65822,,False
信仰精神,protection,sun protection sleeves,6,2025-04;2025-05;2025-06;2025-07;2025-08;2025-09,65822,1.466,False
信仰精神,prayer,a carpenters prayer,2,2025-03;2025-04,67600,,False
信仰精神,evil eye,evil eye bracelet,12,2025-01;2025-02;2025-03;2025-04;2025-05;2025-06;2025-07;2025-08;2025-09;2025-10;2025-11;2025-12,67775,1.17,True
信仰精神,saint,broken saint,1,2025-01,68183,,False
信仰精神,protection,safe shield credit card protection,1,2025-05,68447,,False
信仰精神,protection,radiation protection,1,2025-06,69392,,False
信仰精神,saint,her saint harmony west,1,2025-04,70061,,False
信仰精神,protection,tanning eye protection,7,2025-01;2025-02;2025-03;2025-04;2025-05;2025-06;2025-07,70362,0.789,False
信仰精神,protection,eye protection glasses,12,2025-01;2025-02;2025-03;2025-04;2025-05;2025-06;2025-07;2025-08;2025-09;2025-10;2025-11;2025-12,70680,1.056,False
信仰精神,protection,close protection eden victoria,1,2025-03,70801,,False
信仰精神,saint,saint costume kids,1,2025-10,70910,,False
信仰精神,protection,sun sleeves for women uv protection,5,2025-04;2025-05;2025-06;2025-07;2025-08,71281,,False
信仰精神,protection,car coating spray for shine & protection,3,2025-08;2025-09;2025-10,71598,,False
信仰精神,protection,plant blankets freeze protection,2,2025-01;2025-11,72499,,False
信仰精神,faith,christian gifts for women faith,5,2025-01;2025-02;2025-03;2025-11;2025-12,72899,,False
信仰精神,protection,walker ear protection for shooting,9,2025-01;2025-02;2025-03;2025-04;2025-05;2025-06;2025-07;2025-08;2025-09,73537,1.31,False
信仰精神,protection,sunhats for women uv protection,7,2025-02;2025-03;2025-04;2025-05;2025-06;2025-07;2025-08,75021,0.792,False
信仰精神,prayer,anointing oil for prayer,12,2025-01;2025-02;2025-03;2025-04;2025-05;2025-06;2025-07;2025-08;2025-09;2025-10;2025-11;2025-12,75052,1.351,False
信仰精神,faith,faith gifts for women,2,2025-11;2025-12,75759,,False
信仰精神,protection,peltor hearing protection,12,2025-01;2025-02;2025-03;2025-04;2025-05;2025-06;2025-07;2025-08;2025-09;2025-10;2025-11;2025-12,75893,1.421,False
信仰精神,prayer,prayer book,12,2025-01;2025-02;2025-03;2025-04;2025-05;2025-06;2025-07;2025-08;2025-09;2025-10;2025-11;2025-12,76271,1.146,False
信仰精神,protection,hearing protection for shooters,12,2025-01;2025-02;2025-03;2025-04;2025-05;2025-06;2025-07;2025-08;2025-09;2025-10;2025-11;2025-12,76331,1.222,False
信仰精神,protection,sun shirts for women long sleeve uv protection,5,2025-03;2025-04;2025-05;2025-06;2025-07,76515,,False
信仰精神,prayer,muslim prayer rug,2,2025-02;2025-03,76945,,False
信仰精神,prayer,prayer journal for men,9,2025-01;2025-02;2025-03;2025-04;2025-08;2025-09;2025-10;2025-11;2025-12,77552,1.035,False
信仰精神,protection,mens sun hats with uv protection,4,2025-04;2025-05;2025-06;2025-07,78177,,False
信仰精神,prayer,prayer shawl,9,2025-01;2025-02;2025-03;2025-04;2025-08;2025-09;2025-10;2025-11;2025-12,78213,0.522,False
信仰精神,faith,usa faith wear,2,2025-11;2025-12,81115,,False
信仰精神,protection,walker ear protection,6,2025-02;2025-03;2025-09;2025-10;2025-11;2025-12,81243,0.442,False
信仰精神,prayer,prayer quilt with cross inside,10,2025-01;2025-02;2025-03;2025-04;2025-05;2025-06;2025-07;2025-08;2025-09;2025-12,81469,1.177,False
信仰精神,protection,eye protection for shooting,12,2025-01;2025-02;2025-03;2025-04;2025-05;2025-06;2025-07;2025-08;2025-09;2025-10;2025-11;2025-12,81824,1.952,False
信仰精神,protection,identity theft protection roller stamp,12,2025-01;2025-02;2025-03;2025-04;2025-05;2025-06;2025-07;2025-08;2025-09;2025-10;2025-11;2025-12,82057,1.623,False
信仰精神,protection,bluetooth hearing protection,12,2025-01;2025-02;2025-03;2025-04;2025-05;2025-06;2025-07;2025-08;2025-09;2025-10;2025-11;2025-12,82550,0.918,False
信仰精神,protection,ear protection headphones,11,2025-01;2025-02;2025-03;2025-04;2025-05;2025-06;2025-07;2025-08;2025-09;2025-10;2025-11,83551,1.345,False
信仰精神,protection,frost cloth plant freeze protection,4,2025-01;2025-10;2025-11;2025-12,83563,,False
信仰精神,protection,ear protection for kids,10,2025-01;2025-02;2025-03;2025-04;2025-05;2025-06;2025-07;2025-08;2025-09;2025-10,84038,1.115,False
信仰精神,protection,howard leight ear protection,12,2025-01;2025-02;2025-03;2025-04;2025-05;2025-06;2025-07;2025-08;2025-09;2025-10;2025-11;2025-12,84540,1.125,False
信仰精神,protection,sun protection shirts for women,4,2025-04;2025-05;2025-06;2025-07,84903,,False
信仰精神,saint,her saint,4,2025-01;2025-02;2025-03;2025-04,85335,,False
信仰精神,prayer,on a wing and a prayer movie,9,2025-01;2025-02;2025-03;2025-04;2025-05;2025-06;2025-07;2025-08;2025-09,85338,1.525,False
信仰精神,prayer,rosary in a year prayer guide ascension press,2,2025-01;2025-02,85883,,False
信仰精神,protection,mens sun shirts uv protection long sleeve,4,2025-04;2025-05;2025-06;2025-07,86533,,False
信仰精神,protection,tree covers freeze protection,1,2025-01,87310,,False
信仰精神,prayer,a prayer for owen meany by john irving,9,2025-01;2025-02;2025-03;2025-04;2025-05;2025-08;2025-09;2025-11;2025-12,87371,0.963,False
信仰精神,faith,faith over fear,10,2025-01;2025-02;2025-03;2025-04;2025-07;2025-08;2025-09;2025-10;2025-11;2025-12,87880,0.821,False
信仰精神,protection,planket frost protection plant cover,1,2025-01,89628,,False
信仰精神,faith,up faith and family,9,2025-01;2025-02;2025-03;2025-04;2025-05;2025-06;2025-07;2025-11;2025-12,90513,1.12,False
信仰精神,protection,ear protection for lawn mowing,4,2025-05;2025-06;2025-07;2025-08,90815,,False
信仰精神,protection,womens sun hats with uv protection,5,2025-03;2025-04;2025-05;2025-06;2025-07,91087,,False
信仰精神,saint,myself yves saint laurent men,7,2025-05;2025-07;2025-08;2025-09;2025-10;2025-11;2025-12,91827,0.775,False
信仰精神,protection,long sleeve uv protection shirts men,4,2025-04;2025-05;2025-06;2025-07,92648,,False
信仰精神,faith,the case for faith,1,2025-09,92877,,False
信仰精神,faith,vera or faith,1,2025-07,93159,,False
信仰精神,protection,close protection,1,2025-03,93348,,False
信仰精神,protection,uv hats for women sun protection,4,2025-04;2025-05;2025-06;2025-07,94060,,False
信仰精神,protection,heat protection for hair,12,2025-01;2025-02;2025-03;2025-04;2025-05;2025-06;2025-07;2025-08;2025-09;2025-10;2025-11;2025-12,94121,1.703,False
信仰精神,faith,faith based easter gifts,1,2025-04,94346,,False
信仰精神,protection,heat protection spray,3,2025-09;2025-11;2025-12,94460,,False
信仰精神,evil eye,evil eye decor,12,2025-01;2025-02;2025-03;2025-04;2025-05;2025-06;2025-07;2025-08;2025-09;2025-10;2025-11;2025-12,94595,1.363,False
信仰精神,guardian angel,guardian angel,12,2025-01;2025-02;2025-03;2025-04;2025-05;2025-06;2025-07;2025-08;2025-09;2025-10;2025-11;2025-12,94734,1.485,False
信仰精神,faith,heartland on up faith and family channel,3,2025-05;2025-06;2025-07,96391,,False
信仰精神,protection,gardening sleeves arm protection for women,5,2025-03;2025-04;2025-05;2025-06;2025-07,97081,,False
信仰精神,prayer,prayer jar,3,2025-01;2025-04;2025-12,97105,,False
信仰精神,faith,faith over fear sweatshirt,1,2025-01,97242,,False
信仰精神,saint,saint patricks day shirt men,1,2025-03,98224,,False
信仰精神,protection,freeze protection for outdoor plants,1,2025-01,98525,,False
信仰精神,protection,iodine pills radiation protection,2,2025-01;2025-06,98753,,False
信仰精神,faith,faith based gifts for women,1,2025-12,99682,,False
信仰精神,protection,degree clinical protection for men,12,2025-01;2025-02;2025-03;2025-04;2025-05;2025-06;2025-07;2025-08;2025-09;2025-10;2025-11;2025-12,100109,0.926,False
信仰精神,guardian angel,guardian angel light,11,2025-01;2025-02;2025-03;2025-04;2025-06;2025-07;2025-08;2025-09;2025-10;2025-11;2025-12,100209,0.637,False
信仰精神,prayer,athan clock for prayer with sound,3,2025-01;2025-02;2025-03,100284,,False
信仰精神,protection,car sun visor with polarized glare protection,3,2025-01;2025-02;2025-03,101306,,False
信仰精神,protection,tanning bed eye protection,6,2025-01;2025-02;2025-03;2025-04;2025-05;2025-06,101475,1.013,False
信仰精神,faith,the dangers of a shallow faith,1,2025-09,101714,,False
信仰精神,protection,face cover for sun protection,6,2025-03;2025-04;2025-05;2025-06;2025-07;2025-08,101917,1.001,False
信仰精神,prayer,orthodox prayer book,12,2025-01;2025-02;2025-03;2025-04;2025-05;2025-06;2025-07;2025-08;2025-09;2025-10;2025-11;2025-12,103482,0.805,False
信仰精神,protection,garden protection from animals,4,2025-03;2025-04;2025-05;2025-06,104059,,False
信仰精神,faith,faith based gifts,1,2025-04,105732,,False
信仰精神,prayer,book of common prayer,12,2025-01;2025-02;2025-03;2025-04;2025-05;2025-06;2025-07;2025-08;2025-09;2025-10;2025-11;2025-12,106557,1.115,False
信仰精神,prayer,prayer box,12,2025-01;2025-02;2025-03;2025-04;2025-05;2025-06;2025-07;2025-08;2025-09;2025-10;2025-11;2025-12,107307,0.975,False
信仰精神,saint,saint patricks day hat,1,2025-03,107658,,False
信仰精神,protection,mens bucket hats for sun protection,3,2025-05;2025-06;2025-07,107823,,False
信仰精神,faith,faith of angels movie 2024,3,2025-03;2025-05;2025-06,107954,,False
信仰精神,protection,chi 44 iron guard thermal protection spray,11,2025-01;2025-02;2025-03;2025-04;2025-05;2025-06;2025-07;2025-08;2025-10;2025-11;2025-12,108044,0.94,False
信仰精神,faith,a question of faith,2,2025-01;2025-02,109211,,False
信仰精神,protection,sun shirts for men long sleeve uv protection,3,2025-05;2025-06;2025-07,109355,,False
信仰精神,evil eye,evil eye anklet,4,2025-05;2025-06;2025-07;2025-08,109857,,True
信仰精神,prayer,prayer journal for teen girls,1,2025-12,110175,,False
信仰精神,protection,safety harness fall protection kit,11,2025-01;2025-02;2025-03;2025-04;2025-05;2025-06;2025-07;2025-08;2025-09;2025-10;2025-11,110425,1.194,False
信仰精神,prayer,prayer plant,6,2025-03;2025-04;2025-05;2025-06;2025-07;2025-09,110550,1.21,False
信仰精神,protection,golf sleeves for sun protection for men,4,2025-05;2025-06;2025-07;2025-08,111113,,False
信仰精神,protection,uv protection hat,2,2025-05;2025-06,111916,,False
信仰精神,faith,walking by faith tripping constantly t shirt,1,2025-06,112065,,False
信仰精神,protection,electronic ear protection for shooting,12,2025-01;2025-02;2025-03;2025-04;2025-05;2025-06;2025-07;2025-08;2025-09;2025-10;2025-11;2025-12,112232,0.914,False
信仰精神,faith,faith wardrobe,1,2025-09,112709,,False
信仰精神,protection,winter plant covers freeze protection,3,2025-01;2025-10;2025-11,113341,,False
信仰精神,protection,plant covers freeze protection frost blankets for outdoor plants,1,2025-01,114153,,False
信仰精神,faith,faith sweatshirts for women,4,2025-09;2025-10;2025-11;2025-12,115015,,False
信仰精神,prayer,prayer journal for women,3,2025-01;2025-09;2025-12,116609,,False
信仰精神,prayer,prayer quilt,3,2025-09;2025-11;2025-12,117488,,False
信仰精神,prayer,a very merry christmas prayer,2,2025-10;2025-11,118172,,False
信仰精神,faith,breaking4: faith kipyegon vs. the 4-minute mile,1,2025-06,118473,,False
信仰精神,protection,protection bracelet,11,2025-01;2025-02;2025-03;2025-04;2025-05;2025-06;2025-07;2025-08;2025-09;2025-10;2025-12,118644,0.976,True
信仰精神,protection,baleaf mens sun protection shirt,2,2025-06;2025-07,118914,,False
信仰精神,protection,cold weather window protection,2,2025-11;2025-12,119081,,False
信仰精神,evil eye,evil eye bracelet for women,2,2025-01;2025-02,119349,,True
信仰精神,protection,golf sleeves for sun protection women,3,2025-05;2025-06;2025-07,120150,,False
信仰精神,saint,how to be a saint,1,2025-09,120402,,False
信仰精神,evil eye,evil eye keychain,11,2025-01;2025-02;2025-03;2025-04;2025-05;2025-06;2025-07;2025-08;2025-09;2025-10;2025-12,120726,0.792,False
信仰精神,protection,toddler ear muffs noise protection,3,2025-04;2025-06;2025-07,121157,,False
信仰精神,protection,port protection,3,2025-02;2025-03;2025-04,121183,,False
信仰精神,protection,heat spray protection for hair,9,2025-01;2025-02;2025-03;2025-04;2025-05;2025-07;2025-08;2025-09;2025-12,121430,1.308,False
信仰精神,saint,saint germain bakery,2,2025-01;2025-02,121462,,False
信仰精神,faith,a 30-day devotional for women: from fear & anxiety to faith and lasting peace in just 10 minutes a d,1,2025-10,123180,,False
信仰精神,evil eye,evil eye beads,10,2025-01;2025-02;2025-03;2025-04;2025-05;2025-06;2025-07;2025-08;2025-09;2025-10,123405,0.827,False
信仰精神,protection,sun sleeves for men uv protection,3,2025-05;2025-06;2025-07,123613,,False
信仰精神,protection,iphone 17 pro max case camera protection,4,2025-09;2025-10;2025-11;2025-12,125156,,False
信仰精神,protection,bodywell emf protection,1,2025-12,125484,,False
信仰精神,protection,sunglasses womens uv protection,5,2025-04;2025-05;2025-06;2025-07;2025-08,125809,,False
信仰精神,protection,plant protection from freezing weather,1,2025-01,127807,,False
信仰精神,prayer,prayer,9,2025-01;2025-02;2025-03;2025-04;2025-05;2025-08;2025-09;2025-10;2025-12,128257,1.355,False
信仰精神,protection,eye protection,6,2025-01;2025-02;2025-03;2025-04;2025-05;2025-06,128332,1.097,False
信仰精神,protection,eye protection for red light therapy,5,2025-01;2025-02;2025-03;2025-11;2025-12,128687,,False
信仰精神,protection,gun ear protection,12,2025-01;2025-02;2025-03;2025-04;2025-05;2025-06;2025-07;2025-08;2025-09;2025-10;2025-11;2025-12,129514,1.222,False
信仰精神,saint,saint seiya,12,2025-01;2025-02;2025-03;2025-04;2025-05;2025-06;2025-07;2025-08;2025-09;2025-10;2025-11;2025-12,129744,1.134,False
信仰精神,protection,red light therapy eye protection,2,2025-11;2025-12,129785,,False
信仰精神,protection,hat for sun protection for woman,3,2025-05;2025-06;2025-07,129923,,False
信仰精神,prayer,red prayer book,1,2025-03,129947,,False
信仰精神,protection,shungite emf protection,8,2025-01;2025-02;2025-03;2025-04;2025-05;2025-06;2025-07;2025-08,130600,1.274,False
信仰精神,protection,crest cavity protection toothpaste,12,2025-01;2025-02;2025-03;2025-04;2025-05;2025-06;2025-07;2025-08;2025-09;2025-10;2025-11;2025-12,130948,1.023,False
信仰精神,protection,uv protection gloves,9,2025-01;2025-02;2025-03;2025-04;2025-05;2025-06;2025-07;2025-08;2025-09,131898,1.165,False
信仰精神,prayer,prayer shawls for women,7,2025-01;2025-02;2025-03;2025-04;2025-05;2025-06;2025-07,132232,1.006,False
信仰精神,prayer,the hunter's prayer,2,2025-04;2025-11,132965,,False
信仰精神,prayer,the prayer of freedom,1,2025-12,133085,,False
信仰精神,protection,face mask for sun protection,2,2025-06;2025-07,133123,,False
信仰精神,protection,carpet protection film,11,2025-01;2025-02;2025-03;2025-04;2025-05;2025-06;2025-07;2025-08;2025-09;2025-10;2025-11,133345,1.368,False
信仰精神,protection,infant ear muffs noise protection infant,1,2025-06,134205,,False
信仰精神,protection,sunglasses men polarized uv protection,5,2025-03;2025-04;2025-05;2025-06;2025-07,135267,,False
信仰精神,protection,dog ear protection,2,2025-06;2025-07,135967,,False
信仰精神,prayer,prayer beads,11,2025-01;2025-02;2025-03;2025-04;2025-05;2025-06;2025-07;2025-08;2025-09;2025-10;2025-12,136578,1.212,False
信仰精神,protection,upf sun protection shirts,2,2025-03;2025-04,137159,,False
信仰精神,protection,freeze protection for outdoor faucet,1,2025-01,137670,,False
信仰精神,guardian angel,motorcycle bell guardian angel,5,2025-04;2025-05;2025-06;2025-07;2025-09,138504,,False
信仰精神,protection,black salt for protection,4,2025-09;2025-10;2025-11;2025-12,138615,,False
信仰精神,saint,saint joseph statue to sell home,6,2025-04;2025-05;2025-06;2025-07;2025-08;2025-09,138675,1.172,False
信仰精神,prayer,serenity prayer,10,2025-01;2025-02;2025-03;2025-04;2025-05;2025-06;2025-07;2025-08;2025-09;2025-12,138832,1.255,False
信仰精神,evil eye,evil eye earrings,9,2025-01;2025-02;2025-03;2025-04;2025-05;2025-06;2025-07;2025-08;2025-09,138931,1.237,True
信仰精神,saint,yves saint laurent perfume for men,2,2025-05;2025-06,139316,,False
信仰精神,protection,sun gloves for women uv protection,4,2025-04;2025-05;2025-06;2025-07,139388,,False
信仰精神,protection,uv protection clothing,3,2025-05;2025-06;2025-07,140035,,False
信仰精神,protection,womens sunglasses polarized uv protection,5,2025-02;2025-03;2025-04;2025-06;2025-07,140103,,False
信仰精神,saint,saint costume,1,2025-10,140890,,False
信仰精神,protection,protection for women self defense,5,2025-01;2025-02;2025-03;2025-08;2025-09,140906,,False
信仰精神,faith,blind faith,1,2025-02,141056,,False
信仰精神,prayer,a prayer for owen meany,1,2025-11,141801,,False
信仰精神,protection,bluetooth ear protection,4,2025-04;2025-05;2025-06;2025-07,141805,,False
信仰精神,prayer,like a prayer,2,2025-01;2025-02,142257,,False
信仰精神,protection,ear protection for shooting,5,2025-01;2025-09;2025-10;2025-11;2025-12,142674,,False
信仰精神,protection,q shield emf protection,2,2025-11;2025-12,142868,,False
信仰精神,protection,emp protection,2,2025-01;2025-02,142980,,False
信仰精神,protection,qshield emf protection chips,2,2025-11;2025-12,143160,,False
信仰精神,protection,outdoor plant covers for winter freeze protection,1,2025-01,143231,,False
信仰精神,protection,hat liners sweat protection,2,2025-06;2025-07,144080,,False
信仰精神,faith,faith shirts for men,3,2025-06;2025-09;2025-12,144914,,False
信仰精神,protection,sun protection bucket hats for women,2,2025-06;2025-07,145185,,False
信仰精神,saint,the captivating story of saint nicholas,1,2025-12,147669,,False
信仰精神,protection,heat protection,9,2025-01;2025-02;2025-03;2025-07;2025-08;2025-09;2025-10;2025-11;2025-12,148000,0.867,False
信仰精神,saint,funny saint patricks day shirt,1,2025-03,148375,,False
信仰精神,protection,pipe freeze protection,1,2025-01,148537,,False
信仰精神,protection,plant frost protection covers,2,2025-01;2025-11,149721,,False
信仰精神,saint,saint cloud perfume,1,2025-05,152309,,False
信仰精神,guardian angel,guardian angel visor clip,5,2025-02;2025-03;2025-04;2025-08;2025-12,152504,,False
信仰精神,saint,saint michael pendant,2,2025-09;2025-12,153281,,True
信仰精神,protection,sun protection sleeves women,2,2025-06;2025-07,153350,,False
信仰精神,protection,color science sunforgettable protection sunscreen with 50 spf,5,2025-03;2025-04;2025-05;2025-06;2025-07,153844,,False
信仰精神,protection,hat for sun protection for men,1,2025-06,154542,,False
信仰精神,protection,fitness swim goggles with uv protection,1,2025-07,155678,,False
信仰精神,protection,uv protection sleeves,2,2025-06;2025-07,156396,,False
信仰精神,protection,shooting eye protection,5,2025-01;2025-02;2025-03;2025-09;2025-10,156419,,False
信仰精神,prayer,prayer jar with scriptures for women,1,2025-03,156943,,False
信仰精神,prayer,a little prayer,1,2025-10,157149,,False
信仰精神,protection,hearing protection ear muffs,4,2025-03;2025-04;2025-05;2025-06,157944,,False
信仰精神,prayer,draw the circle the 40 day prayer challenge,1,2025-01,159111,,False
信仰精神,evil eye,evil eye jewelry,1,2025-12,159770,,True
信仰精神,faith,faith gifts,1,2025-12,160856,,False
信仰精神,protection,hearing protection with bluetooth,4,2025-04;2025-05;2025-06;2025-07,161134,,False
信仰精神,protection,silk elements heat protection spray,5,2025-01;2025-02;2025-03;2025-04;2025-08,161625,,False
信仰精神,protection,emf protection for cell phone,1,2025-12,161842,,False
信仰精神,protection,fall protection harness,4,2025-02;2025-03;2025-04;2025-05,161916,,False
信仰精神,saint,la nuit de l'homme yves saint laurent,10,2025-01;2025-02;2025-03;2025-04;2025-05;2025-08;2025-09;2025-10;2025-11;2025-12,163630,1.113,False
信仰精神,protection,windshield protection film,2,2025-04;2025-07,163906,,False
信仰精神,protection,arm protection sleeves,2,2025-05;2025-06,164514,,False
信仰精神,protection,colgate cavity protection toothpaste,6,2025-01;2025-08;2025-09;2025-10;2025-11;2025-12,164830,0.956,False
信仰精神,protection,red light glasses eye protection,1,2025-12,165815,,False
信仰精神,protection,seat cover for carseat protection,3,2025-07;2025-08;2025-09,166142,,False
信仰精神,protection,pulsera roja de protection mujer,1,2025-09,166582,,False
信仰精神,protection,shooting range ear protection,5,2025-01;2025-02;2025-03;2025-04;2025-09,167116,,False
信仰精神,faith,faith over fear hoodie men,1,2025-12,167216,,False
信仰精神,prayer,the prayer of freedom beatty carmichael,1,2025-12,167722,,False
信仰精神,faith,faith in the flames,1,2025-07,167884,,False
信仰精神,protection,portable beach canopy with uv protection,2,2025-06;2025-07,168374,,False
信仰精神,protection,mens uv protection shirts,1,2025-06,168775,,False
信仰精神,prayer,breath as prayer,2,2025-01;2025-12,169357,,False
信仰精神,protection,paint protection film,5,2025-03;2025-04;2025-05;2025-06;2025-08,169753,,False
信仰精神,protection,roadbox mens upf 50 sun protection long sleeve,2,2025-06;2025-07,169804,,False
信仰精神,saint,saint michael necklace for men,2,2025-04;2025-05,170213,,True
信仰精神,saint,rina saint,1,2025-09,172096,,False
信仰精神,protection,mens swim shirts uv protection,1,2025-06,173272,,False
信仰精神,protection,sun protection hats for women,3,2025-04;2025-05;2025-06,175467,,False
信仰精神,faith,faith kipyegon,1,2025-06,176056,,False
信仰精神,protection,womens sun shirts uv protection long sleeve,1,2025-06,177082,,False
信仰精神,protection,skin sun protection,1,2025-05,177696,,False
信仰精神,protection,ear protection for babies,1,2025-06,178821,,False
信仰精神,prayer,serenity prayer wall art,7,2025-01;2025-02;2025-03;2025-04;2025-05;2025-08;2025-09,179287,1.03,False
信仰精神,protection,automotive interior sun protection,1,2025-03,179511,,False
信仰精神,prayer,orthodox prayer rope,2,2025-09;2025-10,180802,,False
信仰精神,evil eye,evil eye charm,4,2025-05;2025-06;2025-07;2025-08,180912,,True
信仰精神,prayer,say a little prayer,1,2025-03,181242,,False
信仰精神,protection,fabric protector spray and stain guard for upholstery protection,5,2025-02;2025-03;2025-04;2025-07;2025-08,181407,,False
信仰精神,faith,judge faith,2,2025-03;2025-06,182329,,False
信仰精神,protection,mens hats for sun protection,1,2025-07,182582,,False
信仰精神,protection,iphone 16 pro case camera protection,2,2025-03;2025-04,182844,,False
信仰精神,protection,cavity protection fluoride toothpaste,1,2025-12,183697,,False
信仰精神,saint,saint patricks day decor,1,2025-02,184021,,False
信仰精神,protection,frost protection for outdoor plants,2,2025-01;2025-11,184400,,False
信仰精神,saint,saint patricks day candy,1,2025-03,184724,,False
信仰精神,protection,uv face mask sun protection,1,2025-06,185125,,False
信仰精神,faith,faith stickers,1,2025-09,186213,,False
信仰精神,prayer,prayer clothes for women islam,1,2025-03,187001,,False
信仰精神,faith,faith wardrobe for women,1,2025-09,187993,,False
信仰精神,protection,row covers for garden beds pest protection,2,2025-04;2025-05,188122,,False
信仰精神,protection,newborn ear protection,1,2025-06,188646,,False
信仰精神,protection,range ear protection,3,2025-02;2025-03;2025-09,188769,,False
信仰精神,prayer,prayer plants live house plants,2,2025-03;2025-04,190346,,False
信仰精神,protection,long sleeve uv protection shirts women,1,2025-06,190526,,False
信仰精神,protection,saftey glasses sunglasses anti fog eye goggles safety protection,1,2025-05,190651,,False
信仰精神,saint,dirty sexy saint,1,2025-03,191219,,False
信仰精神,protection,fruit protection bags for fruit trees,1,2025-06,191465,,False
信仰精神,prayer,prayer dress for women muslim,1,2025-03,192476,,False
信仰精神,protection,uv protection,1,2025-06,192577,,False
信仰精神,protection,dog hearing protection,1,2025-07,193399,,False
信仰精神,saint,saint christopher necklace,1,2025-12,194592,,True
信仰精神,faith,faith linen sheets,1,2025-11,194930,,False
信仰精神,saint,no saint,1,2025-03,194943,,False
信仰精神,protection,empath protection bracelet,1,2025-03,195394,,True
信仰精神,prayer,the prayer i share bracelet,1,2025-12,197022,,True
信仰精神,protection,sun protection gloves,1,2025-05,197181,,False
信仰精神,protection,protection case for airpods pro,1,2025-12,197650,,False
信仰精神,saint,mens saint patricks day shirt,1,2025-03,197791,,False
信仰精神,saint,the saint dvd,1,2025-04,198083,,False
信仰精神,protection,uv protection arm sleeves for men,1,2025-07,198317,,False
信仰精神,saint,womens saint patricks day shirt,1,2025-03,198626,,False
信仰精神,protection,witches protection knot ring,1,2025-12,199558,,True
关系联结,friendship,friendship,9,2025-02;2025-05;2025-06;2025-07;2025-08;2025-09;2025-10;2025-11;2025-12,2115,5.444,False
关系联结,best friend*,best friend gifts for women,12,2025-01;2025-02;2025-03;2025-04;2025-05;2025-06;2025-07;2025-08;2025-09;2025-10;2025-11;2025-12,2697,0.745,False
关系联结,best friend*,best friend gifts,12,2025-01;2025-02;2025-03;2025-04;2025-05;2025-06;2025-07;2025-08;2025-09;2025-10;2025-11;2025-12,3471,0.651,False
关系联结,friendship,friendship gifts for women,12,2025-01;2025-02;2025-03;2025-04;2025-05;2025-06;2025-07;2025-08;2025-09;2025-10;2025-11;2025-12,5178,0.637,False
关系联结,friendship,friendship bracelet kit,12,2025-01;2025-02;2025-03;2025-04;2025-05;2025-06;2025-07;2025-08;2025-09;2025-10;2025-11;2025-12,6443,0.81,True
关系联结,friendship,friendship bracelets,12,2025-01;2025-02;2025-03;2025-04;2025-05;2025-06;2025-07;2025-08;2025-09;2025-10;2025-11;2025-12,8855,1.61,True
关系联结,best friend*,best friend birthday gifts for women,12,2025-01;2025-02;2025-03;2025-04;2025-05;2025-06;2025-07;2025-08;2025-09;2025-10;2025-11;2025-12,11664,1.575,False
关系联结,best friend*,my best friends are balls book,3,2025-02;2025-03;2025-04,13267,,False
关系联结,long distance,long distance touch bracelets,12,2025-01;2025-02;2025-03;2025-04;2025-05;2025-06;2025-07;2025-08;2025-09;2025-10;2025-11;2025-12,14341,1.82,True
关系联结,best friend*,gifts for best friend woman,12,2025-01;2025-02;2025-03;2025-04;2025-05;2025-06;2025-07;2025-08;2025-09;2025-10;2025-11;2025-12,15897,0.574,False
关系联结,friendship,friendship bracelet string,12,2025-01;2025-02;2025-03;2025-04;2025-05;2025-06;2025-07;2025-08;2025-09;2025-10;2025-11;2025-12,16076,1.229,True
关系联结,friendship,love and friendship,7,2025-01;2025-02;2025-03;2025-04;2025-05;2025-06;2025-08,18101,1.073,False
关系联结,best friend*,my best friend's wedding,12,2025-01;2025-02;2025-03;2025-04;2025-05;2025-06;2025-07;2025-08;2025-09;2025-10;2025-11;2025-12,19040,2.752,False
关系联结,mother daughter,mother daughter bracelets,12,2025-01;2025-02;2025-03;2025-04;2025-05;2025-06;2025-07;2025-08;2025-09;2025-10;2025-11;2025-12,22969,0.644,True
关系联结,long distance,long distance relationship gifts,12,2025-01;2025-02;2025-03;2025-04;2025-05;2025-06;2025-07;2025-08;2025-09;2025-10;2025-11;2025-12,23565,1.467,False
关系联结,best friend*,best friend christmas gifts,2,2025-11;2025-12,23874,,False
关系联结,friendship,birthday gifts for women friendship,12,2025-01;2025-02;2025-03;2025-04;2025-05;2025-06;2025-07;2025-08;2025-09;2025-10;2025-11;2025-12,25192,3.216,False
关系联结,friendship,friendship gifts,12,2025-01;2025-02;2025-03;2025-04;2025-05;2025-06;2025-07;2025-08;2025-09;2025-10;2025-11;2025-12,25525,0.441,False
关系联结,best friend*,gifts for best friend,9,2025-01;2025-02;2025-03;2025-05;2025-06;2025-09;2025-10;2025-11;2025-12,29984,0.621,False
关系联结,best friend*,my best friend's exorcism,5,2025-01;2025-02;2025-03;2025-04;2025-08,30079,,False
关系联结,long distance,long distance robot,7,2025-06;2025-07;2025-08;2025-09;2025-10;2025-11;2025-12,32727,2.351,False
关系联结,friendship,friendship necklace,12,2025-01;2025-02;2025-03;2025-04;2025-05;2025-06;2025-07;2025-08;2025-09;2025-10;2025-11;2025-12,34142,1.651,True
关系联结,mother daughter,mother daughter matching dresses,8,2025-02;2025-03;2025-04;2025-05;2025-06;2025-07;2025-08;2025-09,34718,3.428,False
关系联结,matching couple*,matching couples pajamas,5,2025-02;2025-09;2025-10;2025-11;2025-12,36110,,False
关系联结,best friend*,best friend necklace,12,2025-01;2025-02;2025-03;2025-04;2025-05;2025-06;2025-07;2025-08;2025-09;2025-10;2025-11;2025-12,42396,1.283,True
关系联结,best friend*,best friend,12,2025-01;2025-02;2025-03;2025-04;2025-05;2025-06;2025-07;2025-08;2025-09;2025-10;2025-11;2025-12,42410,0.943,False
关系联结,best friend*,best friend gift,12,2025-01;2025-02;2025-03;2025-04;2025-05;2025-06;2025-07;2025-08;2025-09;2025-10;2025-11;2025-12,44214,0.735,False
关系联结,mother daughter,mother daughter necklace,12,2025-01;2025-02;2025-03;2025-04;2025-05;2025-06;2025-07;2025-08;2025-09;2025-10;2025-11;2025-12,44671,0.787,True
关系联结,mother daughter,mother daughter gift,5,2025-02;2025-04;2025-05;2025-11;2025-12,45384,,False
关系联结,matching couple*,matching couples stuff,12,2025-01;2025-02;2025-03;2025-04;2025-05;2025-06;2025-07;2025-08;2025-09;2025-10;2025-11;2025-12,46927,1.662,False
关系联结,best friend*,best friend valentine gifts,2,2025-01;2025-02,50127,,False
关系联结,best friend*,duo costumes for best friends girls,2,2025-09;2025-10,50459,,False
关系联结,friendship,friendship movie,4,2025-06;2025-07;2025-08;2025-09,52142,,False
关系联结,long distance,long distance walkie talkies,12,2025-01;2025-02;2025-03;2025-04;2025-05;2025-06;2025-07;2025-08;2025-09;2025-10;2025-11;2025-12,52282,1.094,False
关系联结,long distance,long distance gifts,12,2025-01;2025-02;2025-03;2025-04;2025-05;2025-06;2025-07;2025-08;2025-09;2025-10;2025-11;2025-12,52361,0.735,False
关系联结,best friend*,best friend christmas gifts for women,2,2025-11;2025-12,53128,,False
关系联结,friendship,friendship lamp,4,2025-01;2025-08;2025-11;2025-12,55570,,False
关系联结,best friend*,best friends gifts for women,6,2025-01;2025-02;2025-03;2025-04;2025-11;2025-12,58152,0.921,False
关系联结,best friend*,best friend bracelet,12,2025-01;2025-02;2025-03;2025-04;2025-05;2025-06;2025-07;2025-08;2025-09;2025-10;2025-11;2025-12,58494,1.684,True
关系联结,matching couple*,matching couples swimsuits,5,2025-03;2025-04;2025-05;2025-06;2025-07,58503,,False
关系联结,best friend*,gift for best friends women,2,2025-11;2025-12,63046,,False
关系联结,father son,father son matching shirts,2,2025-05;2025-06,63790,,False
关系联结,friendship,friendship bracelet beads,11,2025-01;2025-02;2025-03;2025-04;2025-05;2025-06;2025-07;2025-08;2025-09;2025-10;2025-11,64806,0.793,True
关系联结,mother daughter,mother daughter rings,4,2025-01;2025-02;2025-11;2025-12,67785,,True
关系联结,best friend*,my best friends are balls,1,2025-03,69857,,False
关系联结,best friend*,best friend birthday card,11,2025-01;2025-02;2025-03;2025-04;2025-05;2025-06;2025-07;2025-08;2025-09;2025-10;2025-11,70451,1.006,False
关系联结,friendship,friendship bracelet,12,2025-01;2025-02;2025-03;2025-04;2025-05;2025-06;2025-07;2025-08;2025-09;2025-10;2025-11;2025-12,70672,1.041,True
关系联结,best friend*,my best friend's girl,5,2025-02;2025-03;2025-04;2025-05;2025-06,71464,,False
关系联结,long distance,long distance vibrator,9,2025-01;2025-02;2025-03;2025-04;2025-05;2025-06;2025-07;2025-08;2025-09,72320,1.138,False
关系联结,best friend*,claimed by my brothers best friend,2,2025-01;2025-02,73294,,False
关系联结,friendship,my little pony:friendship is magic,6,2025-01;2025-04;2025-05;2025-06;2025-07;2025-08,73428,1.073,False
关系联结,best friend*,claimed by my brothers best friends,2,2025-01;2025-02,73521,,False
关系联结,best friend*,best friend ornament,2,2025-11;2025-12,75149,,False
关系联结,friendship,friendship bracelet making kit,7,2025-01;2025-02;2025-06;2025-07;2025-09;2025-11;2025-12,76331,0.612,True
关系联结,friendship,taylor swift friendship bracelets,2,2025-09;2025-10,76707,,True
关系联结,best friend*,mans best friend vinyl,2,2025-08;2025-09,82207,,False
关系联结,friendship,friendship ornaments for women friends,2,2025-11;2025-12,82711,,False
关系联结,long distance,long distance,5,2025-01;2025-07;2025-08;2025-11;2025-12,83634,,False
关系联结,matching couple*,matching couples christmas pajamas,2,2025-11;2025-12,85841,,False
关系联结,best friend*,gift for best friend,1,2025-12,85940,,False
关系联结,mother daughter,mother daughter jewelry,1,2025-12,86437,,True
关系联结,best friend*,valentines day gifts for best friend girl,2,2025-01;2025-02,86856,,False
关系联结,matching couple*,matching couple outfits,7,2025-03;2025-04;2025-05;2025-06;2025-07;2025-08;2025-09,87141,1.024,False
关系联结,friendship,friendship gifts for women friends,4,2025-01;2025-02;2025-11;2025-12,87584,,False
关系联结,mother daughter,mother daughter journal,7,2025-01;2025-02;2025-03;2025-04;2025-05;2025-11;2025-12,89569,1.304,False
关系联结,best friend*,best friends gifts,2,2025-11;2025-12,91185,,False
关系联结,best friend*,1000-lb best friends,2,2025-01;2025-06,91585,,False
关系联结,best friend*,man's best friend vinyl,3,2025-10;2025-11;2025-12,92130,,False
关系联结,matching couple*,matching couple costumes,1,2025-10,93362,,False
关系联结,best friend*,gifts for best friends,1,2025-12,93808,,False
关系联结,friendship,the friendship bench,1,2025-02,97156,,False
关系联结,long distance,long distance friendship gifts,2,2025-02;2025-12,97764,,False
关系联结,friendship,long distance friendship gifts,2,2025-02;2025-12,97764,,False
关系联结,long distance,totwoo couple bracelet long distance,8,2025-01;2025-02;2025-06;2025-07;2025-08;2025-09;2025-11;2025-12,98081,1.037,True
关系联结,best friend*,adult best friends,2,2025-03;2025-05,101306,,False
关系联结,friendship,friendship ornament,1,2025-12,103791,,False
关系联结,friendship,friendship lamps,2,2025-11;2025-12,104794,,False
关系联结,best friend*,brothers best friend romance books,12,2025-01;2025-02;2025-03;2025-04;2025-05;2025-06;2025-07;2025-08;2025-09;2025-10;2025-11;2025-12,106485,1.337,False
关系联结,matching couple*,matching couple bracelets,4,2025-01;2025-02;2025-04;2025-12,107570,,True
关系联结,best friend*,best friends,11,2025-01;2025-02;2025-03;2025-04;2025-05;2025-06;2025-07;2025-08;2025-09;2025-11;2025-12,107666,1.291,False
关系联结,best friend*,best friend blanket,4,2025-01;2025-02;2025-11;2025-12,110814,,False
关系联结,long distance,app controlled vibrator long distance,2,2025-11;2025-12,112099,,False
关系联结,friendship,friendship necklace for 2,10,2025-03;2025-04;2025-05;2025-06;2025-07;2025-08;2025-09;2025-10;2025-11;2025-12,113371,0.746,True
关系联结,friendship,friendship bracelets bulk,9,2025-01;2025-02;2025-04;2025-05;2025-06;2025-07;2025-08;2025-09;2025-10,114597,0.966,True
关系联结,best friend*,my best friends exorcism,4,2025-06;2025-07;2025-08;2025-09,116605,,False
关系联结,long distance,lovense bluetooth viboators women long distance,5,2025-08;2025-09;2025-10;2025-11;2025-12,117781,,False
关系联结,friendship,friendship blu ray,1,2025-08,118035,,False
关系联结,best friend*,best friend christmas card,1,2025-12,119394,,False
关系联结,best friend*,best friends forever gifts,1,2025-12,119594,,False
关系联结,father son,father son matching swim trunks,2,2025-05;2025-06,119684,,False
关系联结,best friend*,why your my best friend book,1,2025-09,120865,,False
关系联结,best friend*,best friend mothers day gifts,1,2025-05,121897,,False
关系联结,soul sister*,soul sister gifts for women,3,2025-01;2025-02;2025-12,123307,,False
关系联结,friendship,friendship bracelets for women,5,2025-01;2025-02;2025-03;2025-05;2025-12,123432,,True
关系联结,best friend*,best friend ornaments for women,1,2025-12,124386,,False
关系联结,best friend*,best friend birthday gifts,8,2025-02;2025-04;2025-05;2025-07;2025-08;2025-09;2025-10;2025-11,128542,0.965,False
关系联结,long distance,friendship lamps set of 2 long distance,2,2025-11;2025-12,133348,,False
关系联结,friendship,friendship lamps set of 2 long distance,2,2025-11;2025-12,133348,,False
关系联结,friendship,friendship bracelet valentines kids,2,2025-01;2025-02,134534,,True
关系联结,best friend*,mans best friend,2,2025-08;2025-09,134868,,False
关系联结,best friend*,christmas gifts for best friends women,1,2025-12,135761,,False
关系联结,best friend*,duo costumes for best friends,1,2025-10,135958,,False
关系联结,friendship,willow tree friendship figurines,1,2025-12,138006,,False
关系联结,friendship,friendship ornaments,1,2025-12,138745,,False
关系联结,best friend*,mans best friend sabrina carpenter,4,2025-09;2025-10;2025-11;2025-12,141739,,False
关系联结,best friend*,christmas gift for best friend woman,1,2025-12,142986,,False
关系联结,friendship,luvlink friendship lamp,1,2025-12,143284,,False
关系联结,mother daughter,mother daughter gifts,1,2025-12,146416,,False
关系联结,best friend*,from best friend to fiance,1,2025-12,147537,,False
关系联结,best friend*,best friend picture frame,1,2025-12,151464,,False
关系联结,best friend*,gifts for best friends women,1,2025-12,152293,,False
关系联结,best friend*,birthday gifts for best friend woman,6,2025-02;2025-05;2025-06;2025-07;2025-08;2025-09,154427,0.824,False
关系联结,best friend*,best friend gifts for men,1,2025-12,157743,,False
关系联结,mother daughter,mother daughter matching outfits,4,2025-02;2025-03;2025-04;2025-05,158654,,False
关系联结,best friend*,best friend rings,1,2025-12,160713,,True
关系联结,best friend*,best friend christmas ornaments,1,2025-12,162175,,False
关系联结,best friend*,christmas gifts for best friend,1,2025-12,162679,,False
关系联结,best friend*,best friends for never,1,2025-03,163528,,False
关系联结,friendship,friendship necklaces,3,2025-01;2025-02;2025-05,164426,,True
关系联结,friendship,love and friendship movie,1,2025-02,170115,,False
关系联结,best friend*,mothers day gift for best friend,1,2025-05,170668,,False
关系联结,best friend*,best friend halloween costumes,1,2025-10,170767,,False
关系联结,father son,matching father son shirts,1,2025-06,170849,,False
关系联结,friendship,friendship christmas ornaments,1,2025-12,173182,,False
关系联结,friendship,love & friendship,1,2025-02,173551,,False
关系联结,best friend*,useful best friend gifts,1,2025-12,176421,,False
关系联结,best friend*,best friend bracelets for 2,1,2025-12,178785,,True
关系联结,best friend*,best friend keychain,1,2025-12,178866,,False
关系联结,best friend*,man's best friend cd,1,2025-09,180515,,False
关系联结,father son,father son gifts,1,2025-12,181071,,False
关系联结,best friend*,best friend necklaces for 2 girls,3,2025-01;2025-02;2025-03,183810,,True
关系联结,best friend*,best friends by sheri dog bed,1,2025-01,188042,,False
关系联结,matching couple*,matching couples underwear,1,2025-02,189090,,False
关系联结,friendship,heart shaped sea glass friendship,1,2025-09,189395,,False
关系联结,long distance,couples bracelets long distance,2,2025-01;2025-12,191344,,True
关系联结,matching couple*,matching couple christmas pajamas,2,2025-11;2025-12,191712,,False
关系联结,long distance,long distance bracelets,1,2025-12,193608,,True
关系联结,best friend*,matching bracelets for best friends,1,2025-12,196103,,True
关系联结,friendship,lego friends friendship camper van,1,2025-11,196569,,False
关系联结,best friend*,gift for best friend woman,1,2025-12,199558,,False
军警职业,nurse,nurse appreciation gifts,2,2025-04;2025-05,956,,False
军警职业,nurse,nurse jackie,12,2025-01;2025-02;2025-03;2025-04;2025-05;2025-06;2025-07;2025-08;2025-09;2025-10;2025-11;2025-12,3299,10.956,False
军警职业,nurse,nurse gifts,12,2025-01;2025-02;2025-03;2025-04;2025-05;2025-06;2025-07;2025-08;2025-09;2025-10;2025-11;2025-12,3751,0.38,False
军警职业,nurse,nurse costume,5,2025-07;2025-08;2025-09;2025-10;2025-11,3830,,False
军警职业,military,gas masks survival nuclear and chemical military grade,11,2025-01;2025-02;2025-03;2025-04;2025-05;2025-06;2025-07;2025-08;2025-09;2025-10;2025-11,6285,3.432,False
军警职业,firefighter,firefighter costume women,2,2025-09;2025-10,6783,,False
军警职业,nurse,nurse essentials,12,2025-01;2025-02;2025-03;2025-04;2025-05;2025-06;2025-07;2025-08;2025-09;2025-10;2025-11;2025-12,7376,0.072,False
军警职业,nurse,nurse costume woman,2,2025-09;2025-10,8213,,False
军警职业,nurse,nurse accessories for work,12,2025-01;2025-02;2025-03;2025-04;2025-05;2025-06;2025-07;2025-08;2025-09;2025-10;2025-11;2025-12,8407,15.051,False
军警职业,firefighter,firefighter costume men,2,2025-09;2025-10,8710,,False
军警职业,police officer,police officer costume for boys,8,2025-01;2025-02;2025-03;2025-08;2025-09;2025-10;2025-11;2025-12,9405,0.679,False
军警职业,firefighter,firefighter costume for kids,11,2025-01;2025-02;2025-03;2025-04;2025-05;2025-07;2025-08;2025-09;2025-10;2025-11;2025-12,9939,0.793,False
军警职业,military,mre meals military 2025,11,2025-02;2025-03;2025-04;2025-05;2025-06;2025-07;2025-08;2025-09;2025-10;2025-11;2025-12,9979,1.285,False
军警职业,nurse,silent hill nurse costume,3,2025-08;2025-09;2025-10,11067,,False
军警职业,nurse,nurse badge reel,12,2025-01;2025-02;2025-03;2025-04;2025-05;2025-06;2025-07;2025-08;2025-09;2025-10;2025-11;2025-12,11934,1.269,False
军警职业,military,military movies,12,2025-01;2025-02;2025-03;2025-04;2025-05;2025-06;2025-07;2025-08;2025-09;2025-10;2025-11;2025-12,12793,4.307,False
军警职业,firefighter,firefighter hat,2,2025-09;2025-10,12949,,False
军警职业,nurse,nurse bag,12,2025-01;2025-02;2025-03;2025-04;2025-05;2025-06;2025-07;2025-08;2025-09;2025-10;2025-11;2025-12,14277,1.405,False
军警职业,nurse,nurse gifts for women,12,2025-01;2025-02;2025-03;2025-04;2025-05;2025-06;2025-07;2025-08;2025-09;2025-10;2025-11;2025-12,14643,0.665,False
军警职业,police officer,police officer costume for girls,2,2025-09;2025-10,14975,,False
军警职业,military,military backpack,12,2025-01;2025-02;2025-03;2025-04;2025-05;2025-06;2025-07;2025-08;2025-09;2025-10;2025-11;2025-12,16104,1.603,False
军警职业,firefighter,firefighter costume,2,2025-09;2025-10,18193,,False
军警职业,nurse,sexy nurse costume outfit for women,2,2025-09;2025-10,19568,,False
军警职业,firefighter,firefighter gifts,9,2025-04;2025-05;2025-06;2025-07;2025-08;2025-09;2025-10;2025-11;2025-12,19863,0.519,False
军警职业,nurse,nurse shoes,12,2025-01;2025-02;2025-03;2025-04;2025-05;2025-06;2025-07;2025-08;2025-09;2025-10;2025-11;2025-12,21959,1.098,False
军警职业,nurse,nurse shoes for women,12,2025-01;2025-02;2025-03;2025-04;2025-05;2025-06;2025-07;2025-08;2025-09;2025-10;2025-11;2025-12,24525,2.297,False
军警职业,military,mre meals military 2024,2,2025-01;2025-02,25031,,False
军警职业,firefighter,toddler firefighter costume,3,2025-08;2025-09;2025-10,26167,,False
军警职业,police officer,kids police officer costume,6,2025-02;2025-03;2025-04;2025-08;2025-09;2025-10,27651,0.347,False
军警职业,nurse,nurse,12,2025-01;2025-02;2025-03;2025-04;2025-05;2025-06;2025-07;2025-08;2025-09;2025-10;2025-11;2025-12,29037,0.944,False
军警职业,police officer,police officer costume,2,2025-09;2025-10,33386,,False
军警职业,military,military gear,12,2025-01;2025-02;2025-03;2025-04;2025-05;2025-06;2025-07;2025-08;2025-09;2025-10;2025-11;2025-12,33516,1.306,False
军警职业,nurse,nurse hat,7,2025-02;2025-03;2025-04;2025-05;2025-08;2025-09;2025-10,33643,0.428,False
军警职业,nurse,nurse pens,12,2025-01;2025-02;2025-03;2025-04;2025-05;2025-06;2025-07;2025-08;2025-09;2025-10;2025-11;2025-12,34884,0.788,False
军警职业,military,military costume,2,2025-09;2025-10,35351,,False
军警职业,military,military watches for men,12,2025-01;2025-02;2025-03;2025-04;2025-05;2025-06;2025-07;2025-08;2025-09;2025-10;2025-11;2025-12,36600,1.584,False
军警职业,nurse,sexy nurse costume,2,2025-09;2025-10,37234,,False
军警职业,military,military boots,12,2025-01;2025-02;2025-03;2025-04;2025-05;2025-06;2025-07;2025-08;2025-09;2025-10;2025-11;2025-12,38643,1.303,False
军警职业,military,lego military,12,2025-01;2025-02;2025-03;2025-04;2025-05;2025-06;2025-07;2025-08;2025-09;2025-10;2025-11;2025-12,41089,0.737,False
军警职业,police officer,girls police officer costume,2,2025-09;2025-10,41644,,False
军警职业,military,military costume women,1,2025-10,42901,,False
军警职业,nurse,nurse watch,12,2025-01;2025-02;2025-03;2025-04;2025-05;2025-06;2025-07;2025-08;2025-09;2025-10;2025-11;2025-12,43441,1.387,False
军警职业,nurse,nurse clipboard,12,2025-01;2025-02;2025-03;2025-04;2025-05;2025-06;2025-07;2025-08;2025-09;2025-10;2025-11;2025-12,44468,1.194,False
军警职业,police officer,police officer costume women sexy,1,2025-10,46114,,False
军警职业,nurse,nurse bags for work,12,2025-01;2025-02;2025-03;2025-04;2025-05;2025-06;2025-07;2025-08;2025-09;2025-10;2025-11;2025-12,46128,1.537,False
军警职业,nurse,nurse dress,2,2025-09;2025-10,47081,,False
军警职业,military,military surplus,12,2025-01;2025-02;2025-03;2025-04;2025-05;2025-06;2025-07;2025-08;2025-09;2025-10;2025-11;2025-12,47473,0.789,False
军警职业,military,military watch,12,2025-01;2025-02;2025-03;2025-04;2025-05;2025-06;2025-07;2025-08;2025-09;2025-10;2025-11;2025-12,48373,0.733,False
军警职业,military,military,12,2025-01;2025-02;2025-03;2025-04;2025-05;2025-06;2025-07;2025-08;2025-09;2025-10;2025-11;2025-12,50095,1.309,False
军警职业,nurse,nurse halloween costume,2,2025-09;2025-10,52073,,False
军警职业,nurse,nurse week gifts,2,2025-04;2025-05,52329,,False
军警职业,nurse,nurse sweatshirt,12,2025-01;2025-02;2025-03;2025-04;2025-05;2025-06;2025-07;2025-08;2025-09;2025-10;2025-11;2025-12,53589,0.487,False
军警职业,military,military toys,12,2025-01;2025-02;2025-03;2025-04;2025-05;2025-06;2025-07;2025-08;2025-09;2025-10;2025-11;2025-12,53657,0.351,False
军警职业,nurse,nurse gift,8,2025-02;2025-03;2025-04;2025-05;2025-07;2025-08;2025-11;2025-12,54555,0.671,False
军警职业,nurse,school nurse appreciation gifts,2,2025-04;2025-05,55820,,False
军警职业,police officer,toddler police officer costume,2,2025-09;2025-10,56403,,False
军警职业,military,military vest,11,2025-01;2025-02;2025-03;2025-04;2025-05;2025-06;2025-07;2025-08;2025-09;2025-10;2025-11,57467,0.718,False
军警职业,nurse,compression socks for women nurse-approved,2,2025-08;2025-09,57822,,False
军警职业,nurse,nurse babe shoes,4,2025-01;2025-02;2025-03;2025-04,57879,,False
军警职业,firefighter,firefighter pants,1,2025-10,57908,,False
军警职业,firefighter,firefighter gifts for men,4,2025-01;2025-02;2025-11;2025-12,58691,,False
军警职业,nurse,nurse halloween shirts,2,2025-09;2025-10,58790,,False
军警职业,nurse,nurse sweatshirts for women,9,2025-01;2025-02;2025-03;2025-04;2025-05;2025-09;2025-10;2025-11;2025-12,59407,1.694,False
军警职业,nurse,nurse christmas shirt,2,2025-11;2025-12,59826,,False
军警职业,firefighter,sexy firefighter costumes for women,1,2025-10,59905,,False
军警职业,firefighter,firefighter hat adult,1,2025-10,60130,,False
军警职业,nurse,nurse badge,12,2025-01;2025-02;2025-03;2025-04;2025-05;2025-06;2025-07;2025-08;2025-09;2025-10;2025-11;2025-12,60471,1.164,False
军警职业,nurse,halloween nurse shirt,2,2025-09;2025-10,60570,,False
军警职业,firefighter,mens firefighter costume,1,2025-10,61694,,False
军警职业,firefighter,firefighter swipe tool,2,2025-08;2025-09,61987,,False
军警职业,military,dog tags military,9,2025-02;2025-03;2025-04;2025-05;2025-06;2025-07;2025-08;2025-09;2025-10,63262,0.891,False
军警职业,nurse,nurse scissors,12,2025-01;2025-02;2025-03;2025-04;2025-05;2025-06;2025-07;2025-08;2025-09;2025-10;2025-11;2025-12,63982,1.394,False
军警职业,military,cac reader military,12,2025-01;2025-02;2025-03;2025-04;2025-05;2025-06;2025-07;2025-08;2025-09;2025-10;2025-11;2025-12,64039,1.419,False
军警职业,firefighter,firefighter tools,12,2025-01;2025-02;2025-03;2025-04;2025-05;2025-06;2025-07;2025-08;2025-09;2025-10;2025-11;2025-12,64298,1.186,False
军警职业,military,military costume for kids,2,2025-09;2025-10,65068,,False
军警职业,nurse,nurse+appreciation+gifts,1,2025-05,65790,,False
军警职业,nurse,nurse jacket,12,2025-01;2025-02;2025-03;2025-04;2025-05;2025-06;2025-07;2025-08;2025-09;2025-10;2025-11;2025-12,66285,1.267,False
军警职业,military,starscope monocular military grade,10,2025-02;2025-03;2025-04;2025-05;2025-06;2025-07;2025-09;2025-10;2025-11;2025-12,66853,0.768,False
军警职业,nurse,nurse ornament,2,2025-11;2025-12,68996,,False
军警职业,nurse,nurse costume accessories,1,2025-10,69287,,False
军警职业,military,military jackets for men,8,2025-01;2025-02;2025-03;2025-04;2025-09;2025-10;2025-11;2025-12,69779,1.071,False
军警职业,nurse,nurse graduation gifts for women,2,2025-04;2025-05,70093,,False
军警职业,nurse,nurse badge accessories,12,2025-01;2025-02;2025-03;2025-04;2025-05;2025-06;2025-07;2025-08;2025-09;2025-10;2025-11;2025-12,71907,1.471,False
军警职业,nurse,nurse shirt,11,2025-01;2025-02;2025-03;2025-04;2025-05;2025-06;2025-07;2025-08;2025-09;2025-10;2025-12,72383,0.962,False
军警职业,police officer,police officer gifts,2,2025-11;2025-12,73211,,False
军警职业,military,purple up for military kids shirt,2,2025-03;2025-04,74043,,False
军警职业,military,military helmet,12,2025-01;2025-02;2025-03;2025-04;2025-05;2025-06;2025-07;2025-08;2025-09;2025-10;2025-11;2025-12,74352,1.131,False
军警职业,nurse,blink 182 nurse costume,1,2025-10,74503,,False
军警职业,nurse,nurse practitioner gifts for women,4,2025-04;2025-05;2025-11;2025-12,74677,,False
军警职业,firefighter,firefighter,12,2025-01;2025-02;2025-03;2025-04;2025-05;2025-06;2025-07;2025-08;2025-09;2025-10;2025-11;2025-12,75687,0.737,False
军警职业,military,survival kits military grade,7,2025-01;2025-02;2025-03;2025-06;2025-10;2025-11;2025-12,75995,1.453,False
军警职业,nurse,nurse stickers,12,2025-01;2025-02;2025-03;2025-04;2025-05;2025-06;2025-07;2025-08;2025-09;2025-10;2025-11;2025-12,76306,1.282,False
军警职业,nurse,nurse backpack,12,2025-01;2025-02;2025-03;2025-04;2025-05;2025-06;2025-07;2025-08;2025-09;2025-10;2025-11;2025-12,77592,1.292,False
军警职业,military,military lego sets,2,2025-11;2025-12,77775,,False
军警职业,nurse,sexy nurse,1,2025-10,78826,,False
军警职业,nurse,nurse week gifts 2025,2,2025-04;2025-05,78869,,False
军警职业,nurse,nurse graduation gift,3,2025-04;2025-05;2025-12,80127,,False
军警职业,nurse,nurse yard compression socks women,2,2025-01;2025-03,81793,,False
军警职业,firefighter,firefighter accessories,12,2025-01;2025-02;2025-03;2025-04;2025-05;2025-06;2025-07;2025-08;2025-09;2025-10;2025-11;2025-12,82669,1.217,False
军警职业,nurse,nurse costume for kids,1,2025-10,82812,,False
军警职业,firefighter,firefighter suspenders,1,2025-10,84211,,False
军警职业,nurse,nurse shirts for women,9,2025-02;2025-03;2025-04;2025-05;2025-06;2025-07;2025-08;2025-09;2025-10,84844,1.019,False
军警职业,nurse,nurse compression socks for women,12,2025-01;2025-02;2025-03;2025-04;2025-05;2025-06;2025-07;2025-08;2025-09;2025-10;2025-11;2025-12,85262,1.178,False
军警职业,nurse,nurse headbands for women,12,2025-01;2025-02;2025-03;2025-04;2025-05;2025-06;2025-07;2025-08;2025-09;2025-10;2025-11;2025-12,85524,1.748,False
军警职业,police officer,police officer costume women,1,2025-10,85639,,False
军警职业,nurse,nurse tote bag,11,2025-01;2025-02;2025-03;2025-04;2025-05;2025-06;2025-07;2025-08;2025-09;2025-10;2025-12,86681,1.291,False
军警职业,nurse,silent hill nurse,1,2025-10,86971,,False
军警职业,military,military smart watches for men,12,2025-01;2025-02;2025-03;2025-04;2025-05;2025-06;2025-07;2025-08;2025-09;2025-10;2025-11;2025-12,88024,1.472,False
军警职业,police officer,police officer costume for women,1,2025-10,88877,,False
军警职业,nurse,nurse jackets for women,4,2025-09;2025-10;2025-11;2025-12,89149,,False
军警职业,firefighter,womens firefighter costume,1,2025-10,89240,,False
军警职业,nurse,white nurse dress,1,2025-10,89566,,False
军警职业,nurse,nurse socks,3,2025-04;2025-05;2025-12,90218,,False
军警职业,nurse,nurse christmas sweatshirt,2,2025-11;2025-12,90587,,False
军警职业,nurse,school nurse office decor,2,2025-07;2025-08,90649,,False
军警职业,firefighter,kids firefighter costume,1,2025-10,90902,,False
军警职业,military,gas mask military,2,2025-01;2025-06,92016,,False
军警职业,military,military belt,12,2025-01;2025-02;2025-03;2025-04;2025-05;2025-06;2025-07;2025-08;2025-09;2025-10;2025-11;2025-12,92180,1.518,False
军警职业,police officer,boys police officer costume,1,2025-10,92843,,False
军警职业,nurse,silent hill nurse mask,1,2025-10,93296,,False
军警职业,nurse,nurse watches for women,11,2025-01;2025-02;2025-03;2025-04;2025-05;2025-06;2025-07;2025-08;2025-09;2025-10;2025-12,93384,1.258,False
军警职业,nurse,nurse fanny pack,12,2025-01;2025-02;2025-03;2025-04;2025-05;2025-06;2025-07;2025-08;2025-09;2025-10;2025-11;2025-12,93604,1.504,False
军警职业,veteran,gift for veteran,1,2025-10,93738,,False
军警职业,police officer,sexy police officer costumes for women,1,2025-10,95092,,False
军警职业,nurse,silent hill nurse costumes,2,2025-09;2025-10,95192,,False
军警职业,nurse,nurse scrubs,12,2025-01;2025-02;2025-03;2025-04;2025-05;2025-06;2025-07;2025-08;2025-09;2025-10;2025-11;2025-12,98034,1.049,False
军警职业,nurse,nurse graduation party decorations,2,2025-04;2025-05,98342,,False
军警职业,nurse,nurse jamie face roller,4,2025-03;2025-04;2025-05;2025-07,98768,,False
军警职业,nurse,student nurse badge,9,2025-01;2025-02;2025-03;2025-04;2025-05;2025-06;2025-07;2025-08;2025-09,98832,1.198,False
军警职业,nurse,nurse t shirt,6,2025-04;2025-05;2025-06;2025-07;2025-08;2025-09,99232,0.973,False
军警职业,firefighter,firefighter helmet,1,2025-10,100973,,False
军警职业,nurse,nurse essentials for work,12,2025-01;2025-02;2025-03;2025-04;2025-05;2025-06;2025-07;2025-08;2025-09;2025-10;2025-11;2025-12,101098,1.335,False
军警职业,nurse,nurse caps for women,11,2025-01;2025-02;2025-03;2025-04;2025-05;2025-06;2025-07;2025-08;2025-09;2025-10;2025-12,102421,1.376,False
军警职业,nurse,school nurse shirt,2,2025-07;2025-08,103548,,False
军警职业,military,chubbycable spyblocker - military-grade privacy screen with magic installer & self-cleaning adhesive,2,2025-03;2025-04,104796,,False
军警职业,firefighter,firefighter costume adult,1,2025-10,105627,,False
军警职业,nurse,nurse badge holder,10,2025-01;2025-02;2025-03;2025-04;2025-05;2025-06;2025-07;2025-08;2025-09;2025-10,106259,0.735,False
军警职业,nurse,nurse halloween costume women,1,2025-10,106574,,False
军警职业,nurse,nurse week gifts bulk,2,2025-04;2025-05,107343,,False
军警职业,military,military dog tags,6,2025-02;2025-03;2025-05;2025-06;2025-09;2025-10,107517,0.847,False
军警职业,military,military jacket,7,2025-01;2025-02;2025-03;2025-09;2025-10;2025-11;2025-12,108283,0.813,False
军警职业,military,coyote brown shirts military,7,2025-02;2025-03;2025-04;2025-05;2025-06;2025-07;2025-08,108326,1.008,False
军警职业,firefighter,firefighter shirt,1,2025-10,108885,,False
军警职业,paramedic,paramedic gifts,1,2025-12,109427,,False
军警职业,military,military boots for men,12,2025-01;2025-02;2025-03;2025-04;2025-05;2025-06;2025-07;2025-08;2025-09;2025-10;2025-11;2025-12,109644,1.429,False
军警职业,nurse,thanksgiving nurse shirt,1,2025-11,109712,,False
军警职业,nurse,nurse appreciation gifts bulk,2,2025-04;2025-05,109749,,False
军警职业,military,military jacket women,6,2025-01;2025-02;2025-03;2025-09;2025-10;2025-11,110441,0.836,False
军警职业,firefighter,faking it with the firefighter,1,2025-06,110658,,False
军警职业,nurse,nurse valentines day shirt,2,2025-01;2025-02,112142,,False
军警职业,military,men's military & tactical boots,5,2025-01;2025-02;2025-03;2025-04;2025-05,114648,,False
军警职业,military,kids military costume,1,2025-10,115109,,False
军警职业,nurse,nurse practitioner gifts,2,2025-11;2025-12,115653,,False
军警职业,military,garmont boots military,12,2025-01;2025-02;2025-03;2025-04;2025-05;2025-06;2025-07;2025-08;2025-09;2025-10;2025-11;2025-12,115907,1.097,False
军警职业,nurse,sexy nurse lingerie for women,10,2025-01;2025-02;2025-03;2025-04;2025-05;2025-06;2025-07;2025-08;2025-09;2025-10,117495,0.931,False
军警职业,military,military legos,2,2025-11;2025-12,117640,,False
军警职业,nurse,nurse accessories,11,2025-01;2025-02;2025-03;2025-04;2025-05;2025-06;2025-08;2025-09;2025-10;2025-11;2025-12,119282,0.927,False
军警职业,military,military duffle bag,11,2025-01;2025-02;2025-03;2025-04;2025-05;2025-06;2025-07;2025-08;2025-09;2025-10;2025-12,120536,1.254,False
军警职业,military,cac card reader military,9,2025-01;2025-02;2025-03;2025-04;2025-05;2025-06;2025-07;2025-08;2025-09,122036,1.236,False
军警职业,military,military child month shirt,1,2025-04,122776,,False
军警职业,military,military gifts for men,1,2025-12,124473,,False
军警职业,firefighter,firefighter costume accessories,1,2025-10,128978,,False
军警职业,nurse,nurse christmas gifts,1,2025-12,129194,,False
军警职业,nurse,boo boo crew nurse shirt,1,2025-10,129313,,False
军警职业,military,military hat,2,2025-09;2025-10,129601,,False
军警职业,nurse,nurse costume women,1,2025-10,129601,,False
军警职业,nurse,nurse gifts bulk,3,2025-04;2025-05;2025-12,129980,,False
军警职业,nurse,school nurse gifts,2,2025-05;2025-12,130018,,False
军警职业,nurse,nurse week,1,2025-05,130085,,False
军警职业,nurse,christmas nurse shirt,2,2025-11;2025-12,130861,,False
军警职业,firefighter,adult firefighter costume,1,2025-10,131250,,False
军警职业,nurse,nurse clogs,9,2025-01;2025-02;2025-05;2025-06;2025-07;2025-08;2025-09;2025-10;2025-12,131848,0.74,False
军警职业,military,iphone 17 pro max case military grade,4,2025-09;2025-10;2025-11;2025-12,132766,,False
军警职业,nurse,nurse accessories costume,1,2025-10,133129,,False
军警职业,nurse,nurse gift bag,2,2025-04;2025-05,133480,,False
军警职业,military,military pants,4,2025-01;2025-02;2025-09;2025-10,134263,,False
军警职业,nurse,nurse shoes for women comfortable,8,2025-01;2025-02;2025-03;2025-04;2025-05;2025-06;2025-07;2025-08,134584,1.121,False
军警职业,nurse,nurse cap,2,2025-09;2025-10,135170,,False
军警职业,military,jordan 4 military black,2,2025-01;2025-08,135235,,False
军警职业,military,military costume men,1,2025-10,137574,,False
军警职业,nurse,nurse bags,1,2025-05,141410,,False
军警职业,military,military patches,12,2025-01;2025-02;2025-03;2025-04;2025-05;2025-06;2025-07;2025-08;2025-09;2025-10;2025-11;2025-12,142346,1.253,False
军警职业,military,lego military minifigures,9,2025-01;2025-02;2025-03;2025-04;2025-05;2025-06;2025-07;2025-08;2025-11,142716,1.072,False
军警职业,nurse,nurse outfit,1,2025-10,142822,,False
军警职业,nurse,badge reel nurse,7,2025-05;2025-07;2025-08;2025-09;2025-10;2025-11;2025-12,143199,1.122,False
军警职业,nurse,school nurse,2,2025-07;2025-08,143551,,False
军警职业,nurse,student nurse badge reel,3,2025-01;2025-08;2025-09,143635,,False
军警职业,nurse,nurse scrubs for women set,8,2025-01;2025-02;2025-03;2025-04;2025-05;2025-06;2025-07;2025-08,144108,1.193,False
军警职业,nurse,funny nurse badge reel,6,2025-02;2025-04;2025-05;2025-07;2025-08;2025-12,144355,1.07,False
军警职业,military,boonie hats for men military,4,2025-04;2025-05;2025-06;2025-07,144390,,False
军警职业,nurse,nurse clipboard foldable,6,2025-01;2025-02;2025-03;2025-04;2025-05;2025-09,144556,1.286,False
军警职业,military,military flashlight,1,2025-01,145270,,False
军警职业,police officer,womens police officer costume outfit,1,2025-10,145337,,False
军警职业,nurse,christmas nurse sweatshirt,1,2025-12,146416,,False
军警职业,military,military backpack for men,9,2025-01;2025-02;2025-03;2025-04;2025-05;2025-06;2025-07;2025-08;2025-09,146885,1.024,False
军警职业,military,military romance,7,2025-01;2025-02;2025-03;2025-04;2025-05;2025-06;2025-08,148203,1.106,False
军警职业,nurse,nurse shirts,5,2025-04;2025-05;2025-07;2025-08;2025-09,149576,,False
军警职业,nurse,funny nurse gifts,1,2025-12,150053,,False
军警职业,nurse,plus size nurse costume,1,2025-10,150316,,False
军警职业,military,"case with slide camera cover & rotatable ring kickstand, military - grade shockproof protective case",1,2025-09,150404,,False
军警职业,military,p38 can opener military,1,2025-12,150592,,False
军警职业,firefighter,wildland firefighter gear,1,2025-03,152837,,False
军警职业,nurse,nurse compression socks,2,2025-05;2025-12,153659,,False
军警职业,police officer,women police officer costume,1,2025-10,153753,,False
军警职业,military,belleville military boots,8,2025-01;2025-02;2025-03;2025-04;2025-05;2025-06;2025-07;2025-08,153786,1.109,False
军警职业,nurse,nurse christmas ornament,1,2025-12,155340,,False
军警职业,veteran,vietnam veteran gifts,1,2025-12,156502,,False
军警职业,nurse,nurse jackets for women scrub,3,2025-01;2025-02;2025-03,157765,,False
军警职业,nurse,nurse badge reels,3,2025-04;2025-05;2025-12,158386,,False
军警职业,nurse,nurse tote bags,1,2025-05,158386,,False
军警职业,nurse,labor and delivery nurse gifts,3,2025-04;2025-05;2025-12,159270,,False
军警职业,military,military knife,4,2025-01;2025-02;2025-03;2025-06,160419,,False
军警职业,military,vital flex core ab stimulator military grade,2,2025-03;2025-04,161577,,False
军警职业,nurse,nurse cup,1,2025-05,162317,,False
军警职业,nurse,nurse keychain,1,2025-05,162317,,False
军警职业,military,gasmask military grade,1,2025-06,162675,,False
军警职业,military,military flags,1,2025-05,163898,,False
军警职业,nurse,daisy pins nurse,1,2025-02,166266,,False
军警职业,nurse,nurse lingerie for women,1,2025-10,167351,,False
军警职业,nurse,halloween nurse tshirt,1,2025-10,167541,,False
军警职业,veteran,veteran gifts,1,2025-12,168619,,False
军警职业,military,boot blousers military,7,2025-02;2025-03;2025-04;2025-05;2025-06;2025-08;2025-09,168719,1.048,False
军警职业,military,the secrets and lies of military wives,1,2025-03,168725,,False
军警职业,military,military shirts for men,2,2025-05;2025-06,171284,,False
军警职业,nurse,nurse work bag,8,2025-01;2025-02;2025-03;2025-05;2025-07;2025-08;2025-09;2025-12,171373,0.998,False
军警职业,military,military coin holder display,6,2025-03;2025-05;2025-06;2025-08;2025-11;2025-12,171942,1.002,False
军警职业,nurse,nurse vest,2,2025-10;2025-11,173678,,False
军警职业,nurse,sexy nurse costume women adult,1,2025-10,173886,,False
军警职业,military,military toys for boys age 8-12,1,2025-12,174115,,False
军警职业,veteran,veteran tribute glass,2,2025-03;2025-04,175858,,False
军警职业,nurse,nurse uniforms women set,7,2025-01;2025-02;2025-03;2025-04;2025-05;2025-06;2025-09,176572,1.017,False
军警职业,nurse,nurse badge buddy,4,2025-05;2025-07;2025-08;2025-09,176951,,False
军警职业,nurse,nurse notebook,1,2025-05,177924,,False
军警职业,firefighter,firefighter ornament,1,2025-12,178785,,False
军警职业,firefighter,firefighter jacket,1,2025-10,180408,,False
军警职业,military,military action figures,2,2025-11;2025-12,180700,,False
军警职业,military,military gloves,2,2025-01;2025-10,180764,,False
军警职业,paramedic,dont lose yourself salty paramedic,1,2025-01,180764,,False
军警职业,police officer,police officer costume for adults,1,2025-10,181212,,False
军警职业,police officer,police officer,1,2025-10,182736,,False
军警职业,nurse,nurse hat costume,1,2025-10,182984,,False
军警职业,nurse,gift for nurse,1,2025-12,183039,,False
军警职业,military,military poncho,4,2025-01;2025-02;2025-03;2025-05,183072,,False
军警职业,military,military gifts,1,2025-12,183225,,False
军警职业,veteran,vietnam veteran hats for men,1,2025-06,185515,,False
军警职业,military,military & war,1,2025-05,186214,,False
军警职业,nurse,male nurse gifts,2,2025-05;2025-12,187110,,False
军警职业,military,military smart watch,1,2025-12,187988,,False
军警职业,nurse,silent hill nurse dress,1,2025-10,188607,,False
军警职业,paramedic,paramedic flashcards,2,2025-03;2025-04,188615,,False
军警职业,military,lego military vehicles,1,2025-11,188771,,False
军警职业,police officer,police officer accessories,1,2025-10,189694,,False
军警职业,nurse,halloween nurse costume,1,2025-10,192636,,False
军警职业,nurse,nurse headbands,3,2025-07;2025-08;2025-09,192775,,False
军警职业,firefighter,boys firefighter costume,1,2025-10,192992,,False
军警职业,military,iphone 17 pro case military grade,1,2025-09,193046,,False
军警职业,nurse,nurse tshirt,1,2025-05,195196,,False
军警职业,deployment,deployment essentials,1,2025-03,195868,,False
军警职业,firefighter,firefighter helmet light,1,2025-02,196972,,False
军警职业,military,military hats for men,1,2025-06,198151,,False
军警职业,military,military pants for men,1,2025-10,198456,,False
军警职业,nurse,nurse hats for women scrub,1,2025-01,198952,,False
功能康复珠宝,mosquito repellent,mosquito repellent outdoor patio,12,2025-01;2025-02;2025-03;2025-04;2025-05;2025-06;2025-07;2025-08;2025-09;2025-10;2025-11;2025-12,250,0.329,False
功能康复珠宝,fidget,fidget toys,12,2025-01;2025-02;2025-03;2025-04;2025-05;2025-06;2025-07;2025-08;2025-09;2025-10;2025-11;2025-12,321,0.42,False
功能康复珠宝,mosquito repellent,mosquito repellent,12,2025-01;2025-02;2025-03;2025-04;2025-05;2025-06;2025-07;2025-08;2025-09;2025-10;2025-11;2025-12,430,0.842,False
功能康复珠宝,fidget,fidget toys adults,12,2025-01;2025-02;2025-03;2025-04;2025-05;2025-06;2025-07;2025-08;2025-09;2025-10;2025-11;2025-12,1104,0.761,False
功能康复珠宝,mosquito repellent,mosquito repellent stickers,9,2025-03;2025-04;2025-05;2025-06;2025-07;2025-08;2025-09;2025-10;2025-11,2278,1.056,False
功能康复珠宝,mosquito repellent,mosquito repellent bracelets,12,2025-01;2025-02;2025-03;2025-04;2025-05;2025-06;2025-07;2025-08;2025-09;2025-10;2025-11;2025-12,3316,1.403,True
功能康复珠宝,fidget,fidget,12,2025-01;2025-02;2025-03;2025-04;2025-05;2025-06;2025-07;2025-08;2025-09;2025-10;2025-11;2025-12,4416,0.529,False
功能康复珠宝,fidget,fidget spinner,12,2025-01;2025-02;2025-03;2025-04;2025-05;2025-06;2025-07;2025-08;2025-09;2025-10;2025-11;2025-12,4524,0.957,False
功能康复珠宝,fidget,fidget ring,12,2025-01;2025-02;2025-03;2025-04;2025-05;2025-06;2025-07;2025-08;2025-09;2025-10;2025-11;2025-12,4995,0.933,True
功能康复珠宝,fidget,fidget pen,12,2025-01;2025-02;2025-03;2025-04;2025-05;2025-06;2025-07;2025-08;2025-09;2025-10;2025-11;2025-12,7154,0.471,False
功能康复珠宝,fidget,fidget cube,12,2025-01;2025-02;2025-03;2025-04;2025-05;2025-06;2025-07;2025-08;2025-09;2025-10;2025-11;2025-12,11153,0.92,False
功能康复珠宝,fidget,squishy fidget toys,12,2025-01;2025-02;2025-03;2025-04;2025-05;2025-06;2025-07;2025-08;2025-09;2025-10;2025-11;2025-12,11546,0.477,False
功能康复珠宝,anxiety ring,anxiety ring,12,2025-01;2025-02;2025-03;2025-04;2025-05;2025-06;2025-07;2025-08;2025-09;2025-10;2025-11;2025-12,11764,0.701,True
功能康复珠宝,fidget,fidget toys for kids,12,2025-01;2025-02;2025-03;2025-04;2025-05;2025-06;2025-07;2025-08;2025-09;2025-10;2025-11;2025-12,12316,0.191,False
功能康复珠宝,calmi,calmi ring,12,2025-01;2025-02;2025-03;2025-04;2025-05;2025-06;2025-07;2025-08;2025-09;2025-10;2025-11;2025-12,12424,0.789,True
功能康复珠宝,permanent bracelet,permanent bracelet kit,12,2025-01;2025-02;2025-03;2025-04;2025-05;2025-06;2025-07;2025-08;2025-09;2025-10;2025-11;2025-12,13006,6.513,True
功能康复珠宝,fidget,fidget toy,12,2025-01;2025-02;2025-03;2025-04;2025-05;2025-06;2025-07;2025-08;2025-09;2025-10;2025-11;2025-12,13686,0.718,False
功能康复珠宝,fidget,fidget ring women,12,2025-01;2025-02;2025-03;2025-04;2025-05;2025-06;2025-07;2025-08;2025-09;2025-10;2025-11;2025-12,13820,0.688,True
功能康复珠宝,mosquito repellent,deet mosquito repellent,12,2025-01;2025-02;2025-03;2025-04;2025-05;2025-06;2025-07;2025-08;2025-09;2025-10;2025-11;2025-12,16274,1.494,False
功能康复珠宝,fidget,fidget rings,12,2025-01;2025-02;2025-03;2025-04;2025-05;2025-06;2025-07;2025-08;2025-09;2025-10;2025-11;2025-12,17929,0.589,True
功能康复珠宝,fidget,adult fidget toys,12,2025-01;2025-02;2025-03;2025-04;2025-05;2025-06;2025-07;2025-08;2025-09;2025-10;2025-11;2025-12,18248,0.43,False
功能康复珠宝,fidget,fidget toys bulk,12,2025-01;2025-02;2025-03;2025-04;2025-05;2025-06;2025-07;2025-08;2025-09;2025-10;2025-11;2025-12,18487,0.6,False
功能康复珠宝,mosquito repellent,bug md squito stickers mosquito repellent patch,5,2025-04;2025-05;2025-06;2025-07;2025-08,18509,,False
功能康复珠宝,fidget,keyboard fidget,12,2025-01;2025-02;2025-03;2025-04;2025-05;2025-06;2025-07;2025-08;2025-09;2025-10;2025-11;2025-12,18892,0.347,False
功能康复珠宝,medical alert,medical alert bracelets for women,12,2025-01;2025-02;2025-03;2025-04;2025-05;2025-06;2025-07;2025-08;2025-09;2025-10;2025-11;2025-12,19260,1.841,True
功能康复珠宝,mosquito repellent,mosquito repellent spray,9,2025-03;2025-04;2025-05;2025-06;2025-07;2025-08;2025-09;2025-10;2025-11,20175,0.989,False
功能康复珠宝,fidget,3d printed fidget toys,12,2025-01;2025-02;2025-03;2025-04;2025-05;2025-06;2025-07;2025-08;2025-09;2025-10;2025-11;2025-12,20836,0.331,False
功能康复珠宝,mosquito repellent,murphys naturals mosquito repellent,6,2025-04;2025-05;2025-06;2025-07;2025-08;2025-09,22320,0.923,False
功能康复珠宝,fidget,fidget advent calendar,3,2025-10;2025-11;2025-12,24066,,False
功能康复珠宝,mosquito repellent,mosquito repellent outdoor,8,2025-04;2025-05;2025-06;2025-07;2025-08;2025-09;2025-10;2025-11,24380,2.003,False
功能康复珠宝,fidget,pop it fidget toys,12,2025-01;2025-02;2025-03;2025-04;2025-05;2025-06;2025-07;2025-08;2025-09;2025-10;2025-11;2025-12,24455,1.633,False
功能康复珠宝,mosquito repellent,natpat mosquito repellent patches,5,2025-04;2025-05;2025-06;2025-07;2025-08,24666,,False
功能康复珠宝,mosquito repellent,mosquito repellent for kids,7,2025-04;2025-05;2025-06;2025-07;2025-08;2025-09;2025-10,26848,2.497,False
功能康复珠宝,fidget,fidget advent calendar 2025,3,2025-10;2025-11;2025-12,26913,,False
功能康复珠宝,mosquito repellent,nat pat mosquito repellent stickers,4,2025-05;2025-06;2025-07;2025-08,27804,,False
功能康复珠宝,fidget,keyboard fidget toy,12,2025-01;2025-02;2025-03;2025-04;2025-05;2025-06;2025-07;2025-08;2025-09;2025-10;2025-11;2025-12,29012,0.313,False
功能康复珠宝,fidget,halloween fidget toys,2,2025-09;2025-10,29766,,False
功能康复珠宝,mosquito repellent,natural mosquito repellent,7,2025-04;2025-05;2025-06;2025-07;2025-08;2025-09;2025-10,32122,1.904,False
功能康复珠宝,fidget,fidget spinners,12,2025-01;2025-02;2025-03;2025-04;2025-05;2025-06;2025-07;2025-08;2025-09;2025-10;2025-11;2025-12,32484,1.059,False
功能康复珠宝,fidget,fidget toys for kids 8-12,10,2025-01;2025-02;2025-03;2025-04;2025-05;2025-06;2025-07;2025-08;2025-11;2025-12,32613,1.749,False
功能康复珠宝,mosquito repellent,cliganic mosquito repellent patches,3,2025-05;2025-06;2025-07,32814,,False
功能康复珠宝,mosquito repellent,mosquito repellent indoor,8,2025-04;2025-05;2025-06;2025-07;2025-08;2025-09;2025-10;2025-11,34303,0.885,False
功能康复珠宝,fidget,sensory fidget toys,12,2025-01;2025-02;2025-03;2025-04;2025-05;2025-06;2025-07;2025-08;2025-09;2025-10;2025-11;2025-12,35117,0.354,False
功能康复珠宝,fidget,fidget gun,12,2025-01;2025-02;2025-03;2025-04;2025-05;2025-06;2025-07;2025-08;2025-09;2025-10;2025-11;2025-12,36687,1.006,False
功能康复珠宝,fidget,the fidget game,9,2025-02;2025-03;2025-05;2025-07;2025-08;2025-09;2025-10;2025-11;2025-12,37999,0.286,False
功能康复珠宝,fidget,little ouchies pain fidget,11,2025-02;2025-03;2025-04;2025-05;2025-06;2025-07;2025-08;2025-09;2025-10;2025-11;2025-12,39740,2.007,False
功能康复珠宝,fidget,math fidget spinners,7,2025-02;2025-03;2025-04;2025-08;2025-09;2025-10;2025-11,41301,1.038,False
功能康复珠宝,mosquito repellent,outdoor mosquito repellent for patio,5,2025-04;2025-05;2025-06;2025-07;2025-08,41942,,False
功能康复珠宝,fidget,3d fidget toys,2,2025-11;2025-12,42136,,False
功能康复珠宝,mosquito repellent,thermacell mosquito repellent,7,2025-04;2025-05;2025-06;2025-07;2025-08;2025-09;2025-10,42968,2.047,False
功能康复珠宝,fidget,magnetic fidget balls,8,2025-05;2025-06;2025-07;2025-08;2025-09;2025-10;2025-11;2025-12,43025,0.505,False
功能康复珠宝,mosquito repellent,mosquito repellent patches,4,2025-05;2025-06;2025-07;2025-08,44577,,False
功能康复珠宝,fidget,fidget pens,12,2025-01;2025-02;2025-03;2025-04;2025-05;2025-06;2025-07;2025-08;2025-09;2025-10;2025-11;2025-12,44645,0.396,False
功能康复珠宝,fidget,fidget valentines for kids,2,2025-01;2025-02,44729,,False
功能康复珠宝,fidget,fidget blanket,1,2025-11,46102,,False
功能康复珠宝,fidget,fidget spinners for adults,12,2025-01;2025-02;2025-03;2025-04;2025-05;2025-06;2025-07;2025-08;2025-09;2025-10;2025-11;2025-12,48228,1.306,False
功能康复珠宝,fidget,fidget blanket for adults with dementia,1,2025-11,48553,,False
功能康复珠宝,mosquito repellent,outdoor mosquito repellent,7,2025-04;2025-05;2025-06;2025-07;2025-08;2025-09;2025-10,49251,1.021,False
功能康复珠宝,fidget,pain stim fidget,12,2025-01;2025-02;2025-03;2025-04;2025-05;2025-06;2025-07;2025-08;2025-09;2025-10;2025-11;2025-12,49856,0.403,False
功能康复珠宝,fidget,fidget toys for teens,4,2025-09;2025-10;2025-11;2025-12,51060,,False
功能康复珠宝,fidget,fidget slider,12,2025-01;2025-02;2025-03;2025-04;2025-05;2025-06;2025-07;2025-08;2025-09;2025-10;2025-11;2025-12,51425,0.668,False
功能康复珠宝,fidget,fidget pens for adults,11,2025-02;2025-03;2025-04;2025-05;2025-06;2025-07;2025-08;2025-09;2025-10;2025-11;2025-12,51897,0.62,False
功能康复珠宝,fidget,fidget spinners for kids,12,2025-01;2025-02;2025-03;2025-04;2025-05;2025-06;2025-07;2025-08;2025-09;2025-10;2025-11;2025-12,52015,0.83,False
功能康复珠宝,fidget,3d printed expanded sensory fidget star,2,2025-11;2025-12,53695,,False
功能康复珠宝,fidget,adult fidget,12,2025-01;2025-02;2025-03;2025-04;2025-05;2025-06;2025-07;2025-08;2025-09;2025-10;2025-11;2025-12,54305,0.974,False
功能康复珠宝,fidget,magnetic fidget pen,2,2025-11;2025-12,54987,,False
功能康复珠宝,fidget,fidget box,12,2025-01;2025-02;2025-03;2025-04;2025-05;2025-06;2025-07;2025-08;2025-09;2025-10;2025-11;2025-12,56131,0.73,False
功能康复珠宝,fidget,metal fidget spinner,12,2025-01;2025-02;2025-03;2025-04;2025-05;2025-06;2025-07;2025-08;2025-09;2025-10;2025-11;2025-12,57506,1.097,False
功能康复珠宝,fidget,magnetic fidget toys,4,2025-09;2025-10;2025-11;2025-12,57847,,False
功能康复珠宝,mosquito repellent,mosquito repellent wipes,7,2025-03;2025-04;2025-05;2025-06;2025-07;2025-08;2025-09,58844,0.899,False
功能康复珠宝,mosquito repellent,baby mosquito repellent,7,2025-03;2025-04;2025-05;2025-06;2025-07;2025-08;2025-09,59396,1.282,False
功能康复珠宝,fidget,wooden cross fidget,5,2025-01;2025-02;2025-03;2025-04;2025-09,59521,,False
功能康复珠宝,fidget,magnet fidget,12,2025-01;2025-02;2025-03;2025-04;2025-05;2025-06;2025-07;2025-08;2025-09;2025-10;2025-11;2025-12,60753,0.555,False
功能康复珠宝,fidget,bulk fidget toys,12,2025-01;2025-02;2025-03;2025-04;2025-05;2025-06;2025-07;2025-08;2025-09;2025-10;2025-11;2025-12,61355,0.82,False
功能康复珠宝,fidget,ouchies fidget,7,2025-06;2025-07;2025-08;2025-09;2025-10;2025-11;2025-12,63626,0.713,False
功能康复珠宝,fidget,metal fidget toy,12,2025-01;2025-02;2025-03;2025-04;2025-05;2025-06;2025-07;2025-08;2025-09;2025-10;2025-11;2025-12,64183,0.867,False
功能康复珠宝,mosquito repellent,off mosquito repellent spray,4,2025-05;2025-06;2025-07;2025-08,65064,,False
功能康复珠宝,fidget,fidget keychain,12,2025-01;2025-02;2025-03;2025-04;2025-05;2025-06;2025-07;2025-08;2025-09;2025-10;2025-11;2025-12,65911,0.879,False
功能康复珠宝,mosquito repellent,mosquito repellent candle,4,2025-05;2025-06;2025-07;2025-08,66977,,False
功能康复珠宝,fidget,magnetic balls fidget toy,9,2025-04;2025-05;2025-06;2025-07;2025-08;2025-09;2025-10;2025-11;2025-12,67663,0.481,False
功能康复珠宝,mosquito repellent,cliganic mosquito repellent bracelet,4,2025-05;2025-06;2025-07;2025-08,68338,,True
功能康复珠宝,fidget,quiet fidget toys,12,2025-01;2025-02;2025-03;2025-04;2025-05;2025-06;2025-07;2025-08;2025-09;2025-10;2025-11;2025-12,68433,0.795,False
功能康复珠宝,mosquito repellent,kids mosquito repellent,4,2025-05;2025-06;2025-07;2025-08,68875,,False
功能康复珠宝,mosquito repellent,mosquito repellent for dogs,4,2025-05;2025-06;2025-07;2025-08,69136,,False
功能康复珠宝,fidget,fidget rings for women,12,2025-01;2025-02;2025-03;2025-04;2025-05;2025-06;2025-07;2025-08;2025-09;2025-10;2025-11;2025-12,71877,1.125,True
功能康复珠宝,mosquito repellent,mosquito repellent candles,7,2025-04;2025-05;2025-06;2025-07;2025-08;2025-09;2025-10,72323,0.936,False
功能康复珠宝,fidget,fidget magnets,10,2025-01;2025-02;2025-03;2025-04;2025-05;2025-08;2025-09;2025-10;2025-11;2025-12,72406,0.576,False
功能康复珠宝,fidget,fidget star,2,2025-11;2025-12,72951,,False
功能康复珠宝,fidget,easter fidget toys,2,2025-03;2025-04,74791,,False
功能康复珠宝,fidget,sensory fidget star,1,2025-11,75333,,False
功能康复珠宝,fidget,fidget ring men,12,2025-01;2025-02;2025-03;2025-04;2025-05;2025-06;2025-07;2025-08;2025-09;2025-10;2025-11;2025-12,75590,0.963,True
功能康复珠宝,mosquito repellent,cutter mosquito repellent,4,2025-05;2025-06;2025-07;2025-08,76305,,False
功能康复珠宝,fidget,magnetic fidget,11,2025-01;2025-02;2025-03;2025-04;2025-05;2025-07;2025-08;2025-09;2025-10;2025-11;2025-12,77302,0.517,False
功能康复珠宝,mosquito repellent,indoor mosquito repellent,6,2025-05;2025-06;2025-07;2025-08;2025-09;2025-10,78150,1.186,False
功能康复珠宝,fidget,skin picking fidget toys,12,2025-01;2025-02;2025-03;2025-04;2025-05;2025-06;2025-07;2025-08;2025-09;2025-10;2025-11;2025-12,78225,1.389,False
功能康复珠宝,fidget,morf fidget worm toy,2,2025-11;2025-12,78787,,False
功能康复珠宝,fidget,fidget keyboard,5,2025-08;2025-09;2025-10;2025-11;2025-12,79055,,False
功能康复珠宝,mosquito repellent,deet free mosquito repellent,4,2025-05;2025-06;2025-07;2025-08,79143,,False
功能康复珠宝,fidget,christmas fidget toys,2,2025-11;2025-12,80887,,False
功能康复珠宝,fidget,cross fidget,2,2025-01;2025-09,81520,,False
功能康复珠宝,fidget,3d star fidget toy,1,2025-12,81644,,False
功能康复珠宝,fidget,duckys quacking fidget toy,1,2025-02,81741,,False
功能康复珠宝,fidget,kids fidget toys,8,2025-02;2025-03;2025-04;2025-08;2025-09;2025-10;2025-11;2025-12,83539,0.586,False
功能康复珠宝,fidget,the fidget game sight words,4,2025-09;2025-10;2025-11;2025-12,83800,,False
功能康复珠宝,chew necklace,chew necklace,12,2025-01;2025-02;2025-03;2025-04;2025-05;2025-06;2025-07;2025-08;2025-09;2025-10;2025-11;2025-12,88309,1.01,True
功能康复珠宝,mosquito repellent,mosquito repellent for yard,3,2025-05;2025-06;2025-07,90442,,False
功能康复珠宝,fidget,gear sphere fidget toy,2,2025-01;2025-02,90873,,False
功能康复珠宝,fidget,picky pad fidget reusable,12,2025-01;2025-02;2025-03;2025-04;2025-05;2025-06;2025-07;2025-08;2025-09;2025-10;2025-11;2025-12,90931,1.106,False
功能康复珠宝,fidget,fidget toys for toddlers 1-3,10,2025-01;2025-02;2025-03;2025-04;2025-05;2025-06;2025-07;2025-08;2025-11;2025-12,91492,1.303,False
功能康复珠宝,mosquito repellent,mosquito repellent incense sticks,2,2025-06;2025-07,92086,,False
功能康复珠宝,fidget,fidget toys for classroom,2,2025-08;2025-09,93227,,False
功能康复珠宝,mosquito repellent,murphys mosquito repellent,7,2025-04;2025-05;2025-06;2025-07;2025-08;2025-09;2025-10,93660,1.223,False
功能康复珠宝,mosquito repellent,thermacell mosquito repellent refills,3,2025-06;2025-07;2025-08,93878,,False
功能康复珠宝,medical alert,medical alert bracelets for men,12,2025-01;2025-02;2025-03;2025-04;2025-05;2025-06;2025-07;2025-08;2025-09;2025-10;2025-11;2025-12,95021,1.469,True
功能康复珠宝,fidget,fidget bracelet,12,2025-01;2025-02;2025-03;2025-04;2025-05;2025-06;2025-07;2025-08;2025-09;2025-10;2025-11;2025-12,96857,0.808,True
功能康复珠宝,fidget,fidget cubes,7,2025-01;2025-02;2025-03;2025-05;2025-06;2025-08;2025-09,97153,0.63,False
功能康复珠宝,fidget,picking fidget toy,11,2025-02;2025-03;2025-04;2025-05;2025-06;2025-07;2025-08;2025-09;2025-10;2025-11;2025-12,97714,1.032,False
功能康复珠宝,fidget,keyboard clicker fidget,4,2025-09;2025-10;2025-11;2025-12,98580,,False
功能康复珠宝,mosquito repellent,natural mosquito repellent for skin,3,2025-05;2025-06;2025-07,103460,,False
功能康复珠宝,fidget,fidget pencil,2,2025-07;2025-08,104090,,False
功能康复珠宝,mosquito repellent,off spray mosquito repellent,4,2025-05;2025-06;2025-07;2025-08,104270,,False
功能康复珠宝,fidget,fidget balls,5,2025-08;2025-09;2025-10;2025-11;2025-12,106211,,False
功能康复珠宝,fidget,fidget spinner ring,11,2025-02;2025-03;2025-04;2025-05;2025-06;2025-07;2025-08;2025-09;2025-10;2025-11;2025-12,106520,0.815,True
功能康复珠宝,fidget,fidget clicker,10,2025-02;2025-03;2025-04;2025-05;2025-06;2025-08;2025-09;2025-10;2025-11;2025-12,106888,0.633,False
功能康复珠宝,mosquito repellent,tnt mosquito repellent outdoor,2,2025-05;2025-06,107162,,False
功能康复珠宝,mosquito repellent,mosquito repellent sprays,4,2025-05;2025-06;2025-07;2025-08,108323,,False
功能康复珠宝,medical alert,medical alert bracelet,12,2025-01;2025-02;2025-03;2025-04;2025-05;2025-06;2025-07;2025-08;2025-09;2025-10;2025-11;2025-12,108436,1.027,True
功能康复珠宝,fidget,pimple popping fidget toy,4,2025-09;2025-10;2025-11;2025-12,108454,,False
功能康复珠宝,fidget,magnet balls fidget,3,2025-09;2025-11;2025-12,108733,,False
功能康复珠宝,fidget,halloween fidget toys bulk,1,2025-10,109313,,False
功能康复珠宝,fidget,fidget toys for adults,4,2025-01;2025-02;2025-11;2025-12,110108,,False
功能康复珠宝,fidget,fidget ring for kids,5,2025-08;2025-09;2025-10;2025-11;2025-12,110371,,True
功能康复珠宝,fidget,tangle fidget toy,8,2025-01;2025-02;2025-03;2025-04;2025-05;2025-06;2025-07;2025-08,110612,1.707,False
功能康复珠宝,fidget,magnetic sensory fidget balls,2,2025-05;2025-06,111911,,False
功能康复珠宝,mosquito repellent,mosquito repellent kids,3,2025-05;2025-06;2025-07,111968,,False
功能康复珠宝,fidget,color fidget wheel,2,2025-05;2025-06,113068,,False
功能康复珠宝,mosquito repellent,mosquito repellent lotion,4,2025-05;2025-06;2025-07;2025-08,114570,,False
功能康复珠宝,medical alert,medical alert systems for seniors,10,2025-01;2025-02;2025-03;2025-04;2025-05;2025-06;2025-07;2025-08;2025-09;2025-10,114826,1.489,False
功能康复珠宝,fidget,3d expanded sensory fidget,1,2025-12,114972,,False
功能康复珠宝,calmi,calmi ring magnetic,1,2025-12,117675,,True
功能康复珠宝,mosquito repellent,mosquito repellent coils,3,2025-06;2025-07;2025-08,118415,,False
功能康复珠宝,fidget,advent calendar fidget,1,2025-11,119405,,False
功能康复珠宝,fidget,silicone magnetic fidget balls,2,2025-11;2025-12,120420,,False
功能康复珠宝,fidget,expanded sensory fidget star,1,2025-11,120603,,False
功能康复珠宝,fidget,tangle fidget,5,2025-08;2025-09;2025-10;2025-11;2025-12,120745,,False
功能康复珠宝,mosquito repellent,deet mosquito repellent travel size,3,2025-02;2025-03;2025-04,120877,,False
功能康复珠宝,calmi,calmi,3,2025-04;2025-05;2025-12,120966,,False
功能康复珠宝,mosquito repellent,dog mosquito repellent,2,2025-06;2025-07,121803,,False
功能康复珠宝,fidget,metal fidget,10,2025-01;2025-04;2025-05;2025-06;2025-07;2025-08;2025-09;2025-10;2025-11;2025-12,122842,0.843,False
功能康复珠宝,fidget,fidget necklace,10,2025-01;2025-02;2025-03;2025-04;2025-05;2025-08;2025-09;2025-10;2025-11;2025-12,123782,0.802,True
功能康复珠宝,fidget,specks fidget toy,1,2025-12,125050,,False
功能康复珠宝,fidget,small fidget toys,4,2025-03;2025-04;2025-09;2025-11,125236,,False
功能康复珠宝,fidget,toddler fidget toys,9,2025-02;2025-03;2025-04;2025-06;2025-07;2025-09;2025-10;2025-11;2025-12,125757,0.723,False
功能康复珠宝,fidget,fidget rings for anxiety,7,2025-03;2025-04;2025-05;2025-06;2025-07;2025-08;2025-09,126300,1.038,True
功能康复珠宝,fidget,clicker fidget,10,2025-02;2025-03;2025-04;2025-05;2025-06;2025-08;2025-09;2025-10;2025-11;2025-12,126538,0.812,False
功能康复珠宝,fidget,fidget party favors,2,2025-09;2025-10,127528,,False
功能康复珠宝,fidget,cross fidget wood,3,2025-01;2025-02;2025-09,127575,,False
功能康复珠宝,fidget,gear ball fidget toy,2,2025-11;2025-12,127790,,False
功能康复珠宝,mosquito repellent,mosquito repellent bracelet,3,2025-05;2025-06;2025-07,128275,,True
功能康复珠宝,permanent bracelet,permanent bracelet,9,2025-01;2025-02;2025-04;2025-05;2025-06;2025-07;2025-08;2025-09;2025-12,128323,0.992,True
功能康复珠宝,fidget,silent fidget toys adults,4,2025-07;2025-08;2025-09;2025-10,128372,,False
功能康复珠宝,calmi,calmi rings for women,2,2025-11;2025-12,128482,,True
功能康复珠宝,fidget,fidget spinners bulk,4,2025-02;2025-09;2025-10;2025-11,129786,,False
功能康复珠宝,fidget,gun fidget toy,8,2025-01;2025-02;2025-03;2025-04;2025-09;2025-10;2025-11;2025-12,129968,0.915,False
功能康复珠宝,medical alert,medical alert necklace,10,2025-01;2025-02;2025-03;2025-04;2025-05;2025-06;2025-07;2025-08;2025-09;2025-10,130941,1.034,True
功能康复珠宝,mosquito repellent,best mosquito repellent,1,2025-06,131732,,False
功能康复珠宝,fidget,fidget cross,2,2025-01;2025-09,131736,,False
功能康复珠宝,fidget,fidget pack,12,2025-01;2025-02;2025-03;2025-04;2025-05;2025-06;2025-07;2025-08;2025-09;2025-10;2025-11;2025-12,132298,0.877,False
功能康复珠宝,fidget,adhd fidget toys,3,2025-09;2025-11;2025-12,133656,,False
功能康复珠宝,fidget,magnet fidget toy,2,2025-11;2025-12,135277,,False
功能康复珠宝,fidget,fidget valentines,1,2025-02,135908,,False
功能康复珠宝,calmi,calmi rings for women magnetic weight loss,1,2025-04,137682,,True
功能康复珠宝,mosquito repellent,mosquito repellent sticks,2,2025-06;2025-07,137861,,False
功能康复珠宝,fidget,fidget game,4,2025-09;2025-10;2025-11;2025-12,137925,,False
功能康复珠宝,fidget,halloween fidget,1,2025-10,138133,,False
功能康复珠宝,mosquito repellent,mosquito repellent spray for body,2,2025-06;2025-07,138872,,False
功能康复珠宝,fidget,silent fidget toys,5,2025-02;2025-08;2025-09;2025-10;2025-11,141177,,False
功能康复珠宝,mosquito repellent,mosquito repellent indoor home,2,2025-06;2025-07,142175,,False
功能康复珠宝,fidget,mini fidget toys,1,2025-04,142816,,False
功能康复珠宝,fidget,fidget star with handle,1,2025-11,142818,,False
功能康复珠宝,fidget,3d printed fidget,2,2025-11;2025-12,144414,,False
功能康复珠宝,mosquito repellent,flextail mosquito repellent,2,2025-06;2025-07,147233,,False
功能康复珠宝,fidget,fidget worm,2,2025-06;2025-12,148158,,False
功能康复珠宝,fidget,clicker fidget toy,3,2025-10;2025-11;2025-12,149990,,False
功能康复珠宝,mosquito repellent,kids mosquito repellent stickers,1,2025-06,150244,,False
功能康复珠宝,mosquito repellent,yard mosquito repellent,1,2025-06,151671,,False
功能康复珠宝,fidget,top rated fidget toys adults,1,2025-12,152165,,False
功能康复珠宝,mosquito repellent,best mosquito repellent for patio,1,2025-06,152603,,False
功能康复珠宝,fidget,pain fidget,7,2025-06;2025-07;2025-08;2025-09;2025-10;2025-11;2025-12,153498,0.869,False
功能康复珠宝,fidget,little ouchies fidget,2,2025-06;2025-09,153762,,False
功能康复珠宝,fidget,fidget ball,7,2025-01;2025-02;2025-03;2025-04;2025-09;2025-11;2025-12,155340,0.958,False
功能康复珠宝,mosquito repellent,backyard mosquito repellent,1,2025-06,155371,,False
功能康复珠宝,fidget,fidget toys adults anxiety,4,2025-01;2025-02;2025-03;2025-04,156518,,False
功能康复珠宝,mosquito repellent,organic mosquito repellent,1,2025-06,157529,,False
功能康复珠宝,fidget,fidget stocking stuffers,1,2025-12,159139,,False
功能康复珠宝,fidget,tentativea fidget toy,1,2025-11,159270,,False
功能康复珠宝,fidget,magnetic fidget toy,2,2025-03;2025-04,159763,,False
功能康复珠宝,mosquito repellent,bug bands mosquito repellent bracelet,1,2025-06,160877,,True
功能康复珠宝,fidget,wancool fidget gun,1,2025-11,161110,,False
功能康复珠宝,fidget,desk fidget toys,1,2025-12,161226,,False
功能康复珠宝,fidget,fidget spinner valentines,1,2025-02,161275,,False
功能康复珠宝,fidget,speks fidget,1,2025-12,161389,,False
功能康复珠宝,fidget,fidget board,2,2025-11;2025-12,161886,,False
功能康复珠宝,fidget,keyboard fidget clicker,2,2025-11;2025-12,164786,,False
功能康复珠宝,fidget,fidget bracelet for kids,2,2025-08;2025-09,167662,,True
功能康复珠宝,fidget,mens fidget ring,1,2025-12,168788,,True
功能康复珠宝,mosquito repellent,oil of lemon eucalyptus mosquito repellent,2,2025-06;2025-07,168883,,False
功能康复珠宝,fidget,infinity cube fidget toy,2,2025-11;2025-12,168957,,False
功能康复珠宝,fidget,magnetic fidget rings,1,2025-11,170855,,True
功能康复珠宝,fidget,fidget spinner valentines for kids,1,2025-02,171857,,False
功能康复珠宝,fidget,fidget toys pack,3,2025-08;2025-11;2025-12,171992,,False
功能康复珠宝,fidget,squishyland the fidget game,1,2025-12,171992,,False
功能康复珠宝,mosquito repellent,mosquito repellent travel size,2,2025-02;2025-03,173476,,False
功能康复珠宝,fidget,fidget rings for kids,3,2025-09;2025-11;2025-12,173841,,True
功能康复珠宝,fidget,fidget for adults,1,2025-12,174035,,False
功能康复珠宝,fidget,dual motion fidget toy,1,2025-12,174390,,False
功能康复珠宝,mosquito repellent,patio mosquito repellent,1,2025-06,178006,,False
功能康复珠宝,fidget,anxiety relief items fidget,3,2025-03;2025-04;2025-08,179511,,False
功能康复珠宝,mosquito repellent,repelix mosquito repellent outdoor,1,2025-07,179768,,False
功能康复珠宝,fidget,fidget cube for adults,3,2025-01;2025-02;2025-12,183225,,False
功能康复珠宝,mosquito repellent,highest rated mosquito repellent,1,2025-06,183596,,False
功能康复珠宝,fidget,transformable fidget spinner,2,2025-11;2025-12,183891,,False
功能康复珠宝,fidget,fidget toy advent calendar,1,2025-11,185570,,False
功能康复珠宝,fidget,fidget blanket for dementia,1,2025-11,187537,,False
功能康复珠宝,fidget,metal fidget spinners,1,2025-09,188417,,False
功能康复珠宝,fidget,ono fidget,1,2025-12,190324,,False
功能康复珠宝,fidget,fidget pulleys,1,2025-10,190861,,False
功能康复珠宝,fidget,fidget spinner pen,1,2025-10,192506,,False
功能康复珠宝,fidget,fidget spinner metal,2,2025-04;2025-05,192668,,False
功能康复珠宝,fidget,fidget knife,2,2025-01;2025-12,195055,,False
功能康复珠宝,mosquito repellent,mosquito repellent outdoor patio candle,1,2025-06,195249,,False
功能康复珠宝,fidget,fidget toys for toddlers,1,2025-11,196452,,False
功能康复珠宝,fidget,slug fidget toy,1,2025-02,196614,,False
功能康复珠宝,fidget,fidget squishy,1,2025-12,196894,,False
功能康复珠宝,fidget,fidget dragon eggs with dragon inside,1,2025-03,196927,,False
功能康复珠宝,fidget,fidget keyboard clicker,1,2025-12,198337,,False
功能康复珠宝,mosquito repellent,natural mosquito repellent for yard,1,2025-06,198439,,False
功能康复珠宝,fidget,dragon fidget toy,1,2025-04,198736,,False
功能康复珠宝,fidget,dementia fidget toys for elderly,1,2025-12,199671,,False
功能康复珠宝,fidget,fidget popper,1,2025-12,199671,,False
功能康复珠宝,fidget,steampunk whirling wonder fidget,1,2025-10,199702,,False
宗教扩展,cross,cross,12,2025-01;2025-02;2025-03;2025-04;2025-05;2025-06;2025-07;2025-08;2025-09;2025-10;2025-11;2025-12,77,13.823,False
宗教扩展,cross,cross necklace for women,12,2025-01;2025-02;2025-03;2025-04;2025-05;2025-06;2025-07;2025-08;2025-09;2025-10;2025-11;2025-12,1003,0.758,True
宗教扩展,christian,christian gifts for women,12,2025-01;2025-02;2025-03;2025-04;2025-05;2025-06;2025-07;2025-08;2025-09;2025-10;2025-11;2025-12,1404,0.342,False
宗教扩展,cross,alex cross,12,2025-01;2025-02;2025-03;2025-04;2025-05;2025-06;2025-07;2025-08;2025-09;2025-10;2025-11;2025-12,1802,11.758,False
宗教扩展,jesus,jesus of nazareth,12,2025-01;2025-02;2025-03;2025-04;2025-05;2025-06;2025-07;2025-08;2025-09;2025-10;2025-11;2025-12,2085,3.545,False
宗教扩展,jesus,jesus,12,2025-01;2025-02;2025-03;2025-04;2025-05;2025-06;2025-07;2025-08;2025-09;2025-10;2025-11;2025-12,2406,1.01,False
宗教扩展,cross,cross necklace for men,12,2025-01;2025-02;2025-03;2025-04;2025-05;2025-06;2025-07;2025-08;2025-09;2025-10;2025-11;2025-12,2657,0.81,True
宗教扩展,cross,cross necklace,12,2025-01;2025-02;2025-03;2025-04;2025-05;2025-06;2025-07;2025-08;2025-09;2025-10;2025-11;2025-12,3358,0.677,True
宗教扩展,cross,criss cross chair,12,2025-01;2025-02;2025-03;2025-04;2025-05;2025-06;2025-07;2025-08;2025-09;2025-10;2025-11;2025-12,3657,1.082,False
宗教扩展,jesus,jesus christ superstar,12,2025-01;2025-02;2025-03;2025-04;2025-05;2025-06;2025-07;2025-08;2025-09;2025-10;2025-11;2025-12,4156,2.688,False
宗教扩展,cross,cross stitch kits,12,2025-01;2025-02;2025-03;2025-04;2025-05;2025-06;2025-07;2025-08;2025-09;2025-10;2025-11;2025-12,4252,0.529,False
宗教扩展,jesus,little jesus figures,12,2025-01;2025-02;2025-03;2025-04;2025-05;2025-06;2025-07;2025-08;2025-09;2025-10;2025-11;2025-12,4809,0.91,False
宗教扩展,cross,cross body bag for woman,12,2025-01;2025-02;2025-03;2025-04;2025-05;2025-06;2025-07;2025-08;2025-09;2025-10;2025-11;2025-12,4949,1.042,False
宗教扩展,cross,cross christmas tree,2,2025-11;2025-12,5089,,False
宗教扩展,christian,christian gifts,12,2025-01;2025-02;2025-03;2025-04;2025-05;2025-06;2025-07;2025-08;2025-09;2025-10;2025-11;2025-12,5481,0.301,False
宗教扩展,bible verse,bible verse jar,12,2025-01;2025-02;2025-03;2025-04;2025-05;2025-06;2025-07;2025-08;2025-09;2025-10;2025-11;2025-12,5953,0.593,False
宗教扩展,christian,christian movies,12,2025-01;2025-02;2025-03;2025-04;2025-05;2025-06;2025-07;2025-08;2025-09;2025-10;2025-11;2025-12,6452,2.53,False
宗教扩展,christian,gifts for christian women,5,2025-08;2025-09;2025-10;2025-11;2025-12,6515,,False
宗教扩展,cross,criss cross chair with wheels,12,2025-01;2025-02;2025-03;2025-04;2025-05;2025-06;2025-07;2025-08;2025-09;2025-10;2025-11;2025-12,7054,1.668,False
宗教扩展,jesus,nacimiento de jesus para navidad,4,2025-09;2025-10;2025-11;2025-12,7133,,False
宗教扩展,christian,christian gifts for men,12,2025-01;2025-02;2025-03;2025-04;2025-05;2025-06;2025-07;2025-08;2025-09;2025-10;2025-11;2025-12,7521,0.273,False
宗教扩展,christian,christian shirts for women,12,2025-01;2025-02;2025-03;2025-04;2025-05;2025-06;2025-07;2025-08;2025-09;2025-10;2025-11;2025-12,7861,0.541,False
宗教扩展,christian,gifts for christian,1,2025-10,8617,,False
宗教扩展,jesus,jesus plush,12,2025-01;2025-02;2025-03;2025-04;2025-05;2025-06;2025-07;2025-08;2025-09;2025-10;2025-11;2025-12,9836,1.228,False
宗教扩展,cross,cross body bag,12,2025-01;2025-02;2025-03;2025-04;2025-05;2025-06;2025-07;2025-08;2025-09;2025-10;2025-11;2025-12,9869,0.529,False
宗教扩展,jesus,mini jesus figurines in bulk,12,2025-01;2025-02;2025-03;2025-04;2025-05;2025-06;2025-07;2025-08;2025-09;2025-10;2025-11;2025-12,10211,1.736,False
宗教扩展,jesus,jesus loves you figures,12,2025-01;2025-02;2025-03;2025-04;2025-05;2025-06;2025-07;2025-08;2025-09;2025-10;2025-11;2025-12,10758,0.532,False
宗教扩展,jesus,jesus calling sarah young,12,2025-01;2025-02;2025-03;2025-04;2025-05;2025-06;2025-07;2025-08;2025-09;2025-10;2025-11;2025-12,10913,1.305,False
宗教扩展,cross,gold cross necklaces for women,12,2025-01;2025-02;2025-03;2025-04;2025-05;2025-06;2025-07;2025-08;2025-09;2025-10;2025-11;2025-12,11036,0.96,True
宗教扩展,christian,christian easter gifts for kids,3,2025-02;2025-03;2025-04,11420,,False
宗教扩展,jesus,a beautiful year with jesus,3,2025-10;2025-11;2025-12,11614,,False
宗教扩展,cross,mens cross necklaces,12,2025-01;2025-02;2025-03;2025-04;2025-05;2025-06;2025-07;2025-08;2025-09;2025-10;2025-11;2025-12,13605,0.688,True
宗教扩展,jesus,jesus shirt,12,2025-01;2025-02;2025-03;2025-04;2025-05;2025-06;2025-07;2025-08;2025-09;2025-10;2025-11;2025-12,13712,0.499,False
宗教扩展,wwjd,wwjd bracelets,12,2025-01;2025-02;2025-03;2025-04;2025-05;2025-06;2025-07;2025-08;2025-09;2025-10;2025-11;2025-12,14109,1.106,True
宗教扩展,shamrock,shamrock decorations,2,2025-02;2025-03,14582,,False
宗教扩展,cross,gold cross necklace,12,2025-01;2025-02;2025-03;2025-04;2025-05;2025-06;2025-07;2025-08;2025-09;2025-10;2025-11;2025-12,15259,0.653,True
宗教扩展,jesus,jesus figurines,12,2025-01;2025-02;2025-03;2025-04;2025-05;2025-06;2025-07;2025-08;2025-09;2025-10;2025-11;2025-12,15292,0.346,False
宗教扩展,jesus,the jesus bible,12,2025-01;2025-02;2025-03;2025-04;2025-05;2025-06;2025-07;2025-08;2025-09;2025-10;2025-11;2025-12,15761,1.719,False
宗教扩展,jesus,mini jesus,12,2025-01;2025-02;2025-03;2025-04;2025-05;2025-06;2025-07;2025-08;2025-09;2025-10;2025-11;2025-12,15834,0.628,False
宗教扩展,cross,cross necklace for boys,12,2025-01;2025-02;2025-03;2025-04;2025-05;2025-06;2025-07;2025-08;2025-09;2025-10;2025-11;2025-12,16639,0.45,True
宗教扩展,shamrock,shamrock earrings,2,2025-02;2025-03,16808,,True
宗教扩展,cross,fanny packs for women cross body,12,2025-01;2025-02;2025-03;2025-04;2025-05;2025-06;2025-07;2025-08;2025-09;2025-10;2025-11;2025-12,16874,1.655,False
宗教扩展,jesus,jesus easter basket stuffers,2,2025-03;2025-04,17085,,False
宗教扩展,christian,christian shirts for men,12,2025-01;2025-02;2025-03;2025-04;2025-05;2025-06;2025-07;2025-08;2025-09;2025-10;2025-11;2025-12,17214,0.373,False
宗教扩展,cross,criss cross office chair,12,2025-01;2025-02;2025-03;2025-04;2025-05;2025-06;2025-07;2025-08;2025-09;2025-10;2025-11;2025-12,17262,0.155,False
宗教扩展,shamrock,shamrock cookie cutter,2,2025-02;2025-03,18107,,False
宗教扩展,christian,christian stickers,12,2025-01;2025-02;2025-03;2025-04;2025-05;2025-06;2025-07;2025-08;2025-09;2025-10;2025-11;2025-12,20057,1.333,False
宗教扩展,cross,cross necklace for women silver,12,2025-01;2025-02;2025-03;2025-04;2025-05;2025-06;2025-07;2025-08;2025-09;2025-10;2025-11;2025-12,20068,0.583,True
宗教扩展,cross,double cross,11,2025-01;2025-02;2025-03;2025-04;2025-05;2025-06;2025-07;2025-08;2025-09;2025-10;2025-11,20282,3.779,False
宗教扩展,bible verse,bible verse bracelets,12,2025-01;2025-02;2025-03;2025-04;2025-05;2025-06;2025-07;2025-08;2025-09;2025-10;2025-11;2025-12,21081,1.262,True
宗教扩展,jesus,jesus hoodie,12,2025-01;2025-02;2025-03;2025-04;2025-05;2025-06;2025-07;2025-08;2025-09;2025-10;2025-11;2025-12,21451,1.296,False
宗教扩展,cross,cross stitch,12,2025-01;2025-02;2025-03;2025-04;2025-05;2025-06;2025-07;2025-08;2025-09;2025-10;2025-11;2025-12,22057,0.655,False
宗教扩展,cross,cross pen,12,2025-01;2025-02;2025-03;2025-04;2025-05;2025-06;2025-07;2025-08;2025-09;2025-10;2025-11;2025-12,22107,1.09,False
宗教扩展,jesus,jesus revolution,12,2025-01;2025-02;2025-03;2025-04;2025-05;2025-06;2025-07;2025-08;2025-09;2025-10;2025-11;2025-12,22493,2.168,False
宗教扩展,cross,cross legged office chair,12,2025-01;2025-02;2025-03;2025-04;2025-05;2025-06;2025-07;2025-08;2025-09;2025-10;2025-11;2025-12,22530,0.94,False
宗教扩展,christian,christian books,12,2025-01;2025-02;2025-03;2025-04;2025-05;2025-06;2025-07;2025-08;2025-09;2025-10;2025-11;2025-12,22738,0.946,False
宗教扩展,cross,cross bracelet,12,2025-01;2025-02;2025-03;2025-04;2025-05;2025-06;2025-07;2025-08;2025-09;2025-10;2025-11;2025-12,22902,0.799,True
宗教扩展,jesus,jesus calling,12,2025-01;2025-02;2025-03;2025-04;2025-05;2025-06;2025-07;2025-08;2025-09;2025-10;2025-11;2025-12,23099,0.71,False
宗教扩展,cross,cross bracelet for women,12,2025-01;2025-02;2025-03;2025-04;2025-05;2025-06;2025-07;2025-08;2025-09;2025-10;2025-11;2025-12,23739,0.744,True
宗教扩展,jesus,baby jesus figure mini,12,2025-01;2025-02;2025-03;2025-04;2025-05;2025-06;2025-07;2025-08;2025-09;2025-10;2025-11;2025-12,23980,0.6,False
宗教扩展,jesus,jesus costume,3,2025-04;2025-09;2025-10,24006,,False
宗教扩展,cross,roof rack cross bars,12,2025-01;2025-02;2025-03;2025-04;2025-05;2025-06;2025-07;2025-08;2025-09;2025-10;2025-11;2025-12,24083,1.312,False
宗教扩展,christian,christian wall art,12,2025-01;2025-02;2025-03;2025-04;2025-05;2025-06;2025-07;2025-08;2025-09;2025-10;2025-11;2025-12,24253,1.13,False
宗教扩展,cross,cross necklace for girls,12,2025-01;2025-02;2025-03;2025-04;2025-05;2025-06;2025-07;2025-08;2025-09;2025-10;2025-11;2025-12,24511,0.424,True
宗教扩展,cross,kendra scott cross necklace,12,2025-01;2025-02;2025-03;2025-04;2025-05;2025-06;2025-07;2025-08;2025-09;2025-10;2025-11;2025-12,24793,0.197,True
宗教扩展,christian,christian,12,2025-01;2025-02;2025-03;2025-04;2025-05;2025-06;2025-07;2025-08;2025-09;2025-10;2025-11;2025-12,24801,0.963,False
宗教扩展,cross,cross body purse,12,2025-01;2025-02;2025-03;2025-04;2025-05;2025-06;2025-07;2025-08;2025-09;2025-10;2025-11;2025-12,24841,0.615,False
宗教扩展,christian,christian movies free prime true story,10,2025-01;2025-02;2025-03;2025-04;2025-05;2025-06;2025-07;2025-08;2025-09;2025-10,25289,4.289,False
宗教扩展,cross,cross my heart,9,2025-01;2025-02;2025-03;2025-04;2025-05;2025-06;2025-07;2025-08;2025-09,25483,3.107,False
宗教扩展,cross,cross stitch kits for beginners,12,2025-01;2025-02;2025-03;2025-04;2025-05;2025-06;2025-07;2025-08;2025-09;2025-10;2025-11;2025-12,25888,0.883,False
宗教扩展,christian,christian hoodies,12,2025-01;2025-02;2025-03;2025-04;2025-05;2025-06;2025-07;2025-08;2025-09;2025-10;2025-11;2025-12,26136,0.883,False
宗教扩展,christian,christian christmas cards,3,2025-10;2025-11;2025-12,26378,,False
宗教扩展,cross,silver cross necklaces for women,12,2025-01;2025-02;2025-03;2025-04;2025-05;2025-06;2025-07;2025-08;2025-09;2025-10;2025-11;2025-12,26473,0.919,True
宗教扩展,christian,christian music,12,2025-01;2025-02;2025-03;2025-04;2025-05;2025-06;2025-07;2025-08;2025-09;2025-10;2025-11;2025-12,26724,0.602,False
宗教扩展,jesus,little jesus figures 100 pack,12,2025-01;2025-02;2025-03;2025-04;2025-05;2025-06;2025-07;2025-08;2025-09;2025-10;2025-11;2025-12,27105,1.938,False
宗教扩展,christian,christian shirts,12,2025-01;2025-02;2025-03;2025-04;2025-05;2025-06;2025-07;2025-08;2025-09;2025-10;2025-11;2025-12,27799,0.689,False
宗教扩展,cross,cross body purses for women,12,2025-01;2025-02;2025-03;2025-04;2025-05;2025-06;2025-07;2025-08;2025-09;2025-10;2025-11;2025-12,27819,1.822,False
宗教扩展,christian,christian sweatshirts for women,9,2025-01;2025-02;2025-03;2025-04;2025-08;2025-09;2025-10;2025-11;2025-12,28137,0.683,False
宗教扩展,shamrock,shamrock sweater,3,2025-01;2025-02;2025-03,28530,,False
宗教扩展,cross,cross chain,12,2025-01;2025-02;2025-03;2025-04;2025-05;2025-06;2025-07;2025-08;2025-09;2025-10;2025-11;2025-12,28733,1.014,True
宗教扩展,jesus,tiny jesus figures,12,2025-01;2025-02;2025-03;2025-04;2025-05;2025-06;2025-07;2025-08;2025-09;2025-10;2025-11;2025-12,28871,0.772,False
宗教扩展,cross,criss cross desk chair,12,2025-01;2025-02;2025-03;2025-04;2025-05;2025-06;2025-07;2025-08;2025-09;2025-10;2025-11;2025-12,28936,1.545,False
宗教扩展,jesus,mini jesus figures,12,2025-01;2025-02;2025-03;2025-04;2025-05;2025-06;2025-07;2025-08;2025-09;2025-10;2025-11;2025-12,29117,0.951,False
宗教扩展,jesus,little jesus,12,2025-01;2025-02;2025-03;2025-04;2025-05;2025-06;2025-07;2025-08;2025-09;2025-10;2025-11;2025-12,29553,1.41,False
宗教扩展,shamrock,shamrock stickers,2,2025-02;2025-03,30132,,False
宗教扩展,shamrock,shamrock glasses,2,2025-02;2025-03,30236,,False
宗教扩展,cross,cross stitch supplies,12,2025-01;2025-02;2025-03;2025-04;2025-05;2025-06;2025-07;2025-08;2025-09;2025-10;2025-11;2025-12,30888,0.845,False
宗教扩展,jesus,jesus loves you bracelets,4,2025-04;2025-09;2025-10;2025-11,31423,,True
宗教扩展,jesus,jesus loves you hoodie,8,2025-01;2025-02;2025-03;2025-04;2025-09;2025-10;2025-11;2025-12,31457,0.685,False
宗教扩展,christian,christian mothers day gifts,2,2025-04;2025-05,31542,,False
宗教扩展,cross,silver cross necklace,12,2025-01;2025-02;2025-03;2025-04;2025-05;2025-06;2025-07;2025-08;2025-09;2025-10;2025-11;2025-12,31784,0.414,True
宗教扩展,jesus,jesus bracelets,12,2025-01;2025-02;2025-03;2025-04;2025-05;2025-06;2025-07;2025-08;2025-09;2025-10;2025-11;2025-12,32081,0.713,True
宗教扩展,jesus,baby jesus,12,2025-01;2025-02;2025-03;2025-04;2025-05;2025-06;2025-07;2025-08;2025-09;2025-10;2025-11;2025-12,32221,0.397,False
宗教扩展,cross,cross tree,2,2025-11;2025-12,32632,,False
宗教扩展,jesus,jesus stickers,12,2025-01;2025-02;2025-03;2025-04;2025-05;2025-06;2025-07;2025-08;2025-09;2025-10;2025-11;2025-12,33012,1.063,False
宗教扩展,jesus,finding jesus,3,2025-10;2025-11;2025-12,33095,,False
宗教扩展,cross,cross body lanyard teacher,3,2025-07;2025-08;2025-09,33612,,False
宗教扩展,bible verse,yappy bracelets bible verse,12,2025-01;2025-02;2025-03;2025-04;2025-05;2025-06;2025-07;2025-08;2025-09;2025-10;2025-11;2025-12,34410,2.54,True
宗教扩展,jesus,a jesus shaped life lisa harper,5,2025-05;2025-07;2025-08;2025-09;2025-10,34411,,False
宗教扩展,christian,christian hoodies for men,7,2025-01;2025-02;2025-03;2025-09;2025-10;2025-11;2025-12,34989,0.399,False
宗教扩展,cross,cross my heart megan collins,2,2025-01;2025-02,35803,,False
宗教扩展,christian,christian easter basket stuffers,2,2025-03;2025-04,35810,,False
宗教扩展,cross,firebird juliette cross,5,2025-03;2025-04;2025-05;2025-06;2025-08,35831,,False
宗教扩展,cross,cross body bag mens,12,2025-01;2025-02;2025-03;2025-04;2025-05;2025-06;2025-07;2025-08;2025-09;2025-10;2025-11;2025-12,36108,1.189,False
宗教扩展,cross,gold cross necklace for men,12,2025-01;2025-02;2025-03;2025-04;2025-05;2025-06;2025-07;2025-08;2025-09;2025-10;2025-11;2025-12,36357,0.917,True
宗教扩展,cross,womens cross necklace,12,2025-01;2025-02;2025-03;2025-04;2025-05;2025-06;2025-07;2025-08;2025-09;2025-10;2025-11;2025-12,36835,0.586,True
宗教扩展,cross,cross earrings,12,2025-01;2025-02;2025-03;2025-04;2025-05;2025-06;2025-07;2025-08;2025-09;2025-10;2025-11;2025-12,37483,0.868,True
宗教扩展,shamrock,shamrock jersey,1,2025-10,37609,,False
宗教扩展,shamrock,shamrock shirt,2,2025-02;2025-03,38511,,False
宗教扩展,jesus,loves jesus and america too shirt women,2,2025-05;2025-06,38513,,False
宗教扩展,cross,mens cross necklace,12,2025-01;2025-02;2025-03;2025-04;2025-05;2025-06;2025-07;2025-08;2025-09;2025-10;2025-11;2025-12,38584,0.516,True
宗教扩展,bible verse,zox bible verse bracelet,5,2025-08;2025-09;2025-10;2025-11;2025-12,38909,,True
宗教扩展,cross,cross ring,12,2025-01;2025-02;2025-03;2025-04;2025-05;2025-06;2025-07;2025-08;2025-09;2025-10;2025-11;2025-12,39739,0.925,True
宗教扩展,jesus,jesus wall art,12,2025-01;2025-02;2025-03;2025-04;2025-05;2025-06;2025-07;2025-08;2025-09;2025-10;2025-11;2025-12,39795,1.054,False
宗教扩展,christian,christian christmas decor,3,2025-10;2025-11;2025-12,39950,,False
宗教扩展,shamrock,shamrock garland,2,2025-02;2025-03,41058,,False
宗教扩展,christian,christian sweatshirt,3,2025-01;2025-11;2025-12,41081,,False
宗教扩展,cross,cross necklace for women gold,12,2025-01;2025-02;2025-03;2025-04;2025-05;2025-06;2025-07;2025-08;2025-09;2025-10;2025-11;2025-12,41354,0.43,True
宗教扩展,shamrock,shamrock ornaments,2,2025-01;2025-02,41602,,False
宗教扩展,cross,cross earrings for women,12,2025-01;2025-02;2025-03;2025-04;2025-05;2025-06;2025-07;2025-08;2025-09;2025-10;2025-11;2025-12,41671,1.036,True
宗教扩展,christian,christian bible,12,2025-01;2025-02;2025-03;2025-04;2025-05;2025-06;2025-07;2025-08;2025-09;2025-10;2025-11;2025-12,41770,1.296,False
宗教扩展,bible verse,daily bible verse bracelet,6,2025-01;2025-02;2025-03;2025-04;2025-05;2025-12,41799,2.647,True
宗教扩展,cross,cross bracelet for men,12,2025-01;2025-02;2025-03;2025-04;2025-05;2025-06;2025-07;2025-08;2025-09;2025-10;2025-11;2025-12,42366,0.766,True
宗教扩展,cross,3 nails cross hat,1,2025-09,43413,,False
宗教扩展,jesus,jesus sweatshirt,6,2025-01;2025-02;2025-09;2025-10;2025-11;2025-12,44100,1.254,False
宗教扩展,christian,christian planner 2026,2,2025-11;2025-12,45379,,False
宗教扩展,cross,silver cross necklaces for men,12,2025-01;2025-02;2025-03;2025-04;2025-05;2025-06;2025-07;2025-08;2025-09;2025-10;2025-11;2025-12,45707,1.04,True
宗教扩展,christian,christian flag,9,2025-03;2025-04;2025-05;2025-06;2025-07;2025-08;2025-09;2025-10;2025-11,46412,0.926,False
宗教扩展,christian,christian hoodies for women,6,2025-01;2025-02;2025-09;2025-10;2025-11;2025-12,46825,0.517,False
宗教扩展,jesus,jesus christmas decor,2,2025-11;2025-12,46855,,False
宗教扩展,christian,christian books for women,12,2025-01;2025-02;2025-03;2025-04;2025-05;2025-06;2025-07;2025-08;2025-09;2025-10;2025-11;2025-12,47401,0.947,False
宗教扩展,jesus,jesus and john wayne,11,2025-01;2025-02;2025-03;2025-04;2025-05;2025-06;2025-08;2025-09;2025-10;2025-11;2025-12,47950,1.852,False
宗教扩展,cross,sterling silver cross necklaces for women,12,2025-01;2025-02;2025-03;2025-04;2025-05;2025-06;2025-07;2025-08;2025-09;2025-10;2025-11;2025-12,49370,0.757,True
宗教扩展,bible verse,bible verse stickers,12,2025-01;2025-02;2025-03;2025-04;2025-05;2025-06;2025-07;2025-08;2025-09;2025-10;2025-11;2025-12,50081,1.086,False
宗教扩展,cross,cross rings for women,12,2025-01;2025-02;2025-03;2025-04;2025-05;2025-06;2025-07;2025-08;2025-09;2025-10;2025-11;2025-12,50215,1.076,True
宗教扩展,cross,cross bow,12,2025-01;2025-02;2025-03;2025-04;2025-05;2025-06;2025-07;2025-08;2025-09;2025-10;2025-11;2025-12,50399,0.66,False
宗教扩展,cross,boys cross necklace,5,2025-04;2025-09;2025-10;2025-11;2025-12,51377,,True
宗教扩展,christian,christian t shirts for women,11,2025-02;2025-03;2025-04;2025-05;2025-06;2025-07;2025-08;2025-09;2025-10;2025-11;2025-12,51874,1.56,False
宗教扩展,cross,cross pendant,12,2025-01;2025-02;2025-03;2025-04;2025-05;2025-06;2025-07;2025-08;2025-09;2025-10;2025-11;2025-12,52516,0.838,True
宗教扩展,cross,cross necklace gold,12,2025-01;2025-02;2025-03;2025-04;2025-05;2025-06;2025-07;2025-08;2025-09;2025-10;2025-11;2025-12,52626,0.557,True
宗教扩展,cross,the garden the curtain and the cross,2,2025-03;2025-04,52872,,False
宗教扩展,jesus,jesus gifts,2,2025-11;2025-12,53213,,False
宗教扩展,cross,sterling silver cross necklace,12,2025-01;2025-02;2025-03;2025-04;2025-05;2025-06;2025-07;2025-08;2025-09;2025-10;2025-11;2025-12,53338,0.491,True
宗教扩展,cross,christmas tree cross,1,2025-11,54351,,False
宗教扩展,jesus,jesus is the reason for the season,2,2025-11;2025-12,54381,,False
宗教扩展,christian,christian advent calendar 2025,2,2025-10;2025-11,54976,,False
宗教扩展,cross,cross pen refills,12,2025-01;2025-02;2025-03;2025-04;2025-05;2025-06;2025-07;2025-08;2025-09;2025-10;2025-11;2025-12,55259,1.562,False
宗教扩展,jesus,she loves jesus and america too shirt,2,2025-05;2025-06,55369,,False
宗教扩展,shamrock,shamrock,2,2025-02;2025-03,55689,,False
宗教扩展,christian,christian trunk or treat car decorations kit,1,2025-10,57140,,False
宗教扩展,jesus,jonathan and jesus docuseries,10,2025-01;2025-02;2025-03;2025-04;2025-05;2025-06;2025-07;2025-08;2025-09;2025-10,57602,0.935,False
宗教扩展,jesus,calling jesus by sarah young,1,2025-10,57722,,False
宗教扩展,cross,oral b cross action replacement head,12,2025-01;2025-02;2025-03;2025-04;2025-05;2025-06;2025-07;2025-08;2025-09;2025-10;2025-11;2025-12,59424,1.457,False
宗教扩展,cross,wooden cross fidget,5,2025-01;2025-02;2025-03;2025-04;2025-09,59521,,False
宗教扩展,cross,cross checked,4,2025-01;2025-02;2025-03;2025-04,59913,,False
宗教扩展,christian,rolling stones christian shirt,1,2025-04,60280,,False
宗教扩展,christian,christian christmas ornaments,2,2025-11;2025-12,60386,,False
宗教扩展,jesus,talking jesus doll,3,2025-04;2025-11;2025-12,60992,,False
宗教扩展,cross,cross stitch kits for adults,9,2025-01;2025-02;2025-03;2025-07;2025-08;2025-09;2025-10;2025-11;2025-12,61052,1.09,False
宗教扩展,cross,cross legged chair,12,2025-01;2025-02;2025-03;2025-04;2025-05;2025-06;2025-07;2025-08;2025-09;2025-10;2025-11;2025-12,61073,1.04,False
宗教扩展,christian,christian hoodie,9,2025-01;2025-02;2025-03;2025-04;2025-08;2025-09;2025-10;2025-11;2025-12,61268,0.57,False
宗教扩展,jesus,jesus costume adult men,2,2025-04;2025-10,61679,,False
宗教扩展,jesus,experiencing the heart of jesus max lucado,2,2025-01;2025-12,61725,,False
宗教扩展,christian,christian decor,12,2025-01;2025-02;2025-03;2025-04;2025-05;2025-06;2025-07;2025-08;2025-09;2025-10;2025-11;2025-12,61835,0.903,False
宗教扩展,cross,cross chain for men,12,2025-01;2025-02;2025-03;2025-04;2025-05;2025-06;2025-07;2025-08;2025-09;2025-10;2025-11;2025-12,61935,1.087,True
宗教扩展,cross,cross stitch kit,12,2025-01;2025-02;2025-03;2025-04;2025-05;2025-06;2025-07;2025-08;2025-09;2025-10;2025-11;2025-12,62165,0.596,False
宗教扩展,christian,christian bracelets,10,2025-03;2025-04;2025-05;2025-06;2025-07;2025-08;2025-09;2025-10;2025-11;2025-12,62290,1.018,True
宗教扩展,cross,wooden cross,12,2025-01;2025-02;2025-03;2025-04;2025-05;2025-06;2025-07;2025-08;2025-09;2025-10;2025-11;2025-12,62428,1.207,False
宗教扩展,cross,dainty cross necklace for women,12,2025-01;2025-02;2025-03;2025-04;2025-05;2025-06;2025-07;2025-08;2025-09;2025-10;2025-11;2025-12,62591,0.736,True
宗教扩展,jesus,jesus bible,12,2025-01;2025-02;2025-03;2025-04;2025-05;2025-06;2025-07;2025-08;2025-09;2025-10;2025-11;2025-12,63154,1.198,False
宗教扩展,cross,criss cross chair with arms,12,2025-01;2025-02;2025-03;2025-04;2025-05;2025-06;2025-07;2025-08;2025-09;2025-10;2025-11;2025-12,63169,1.784,False
宗教扩展,jesus,jesus doll,7,2025-01;2025-03;2025-04;2025-09;2025-10;2025-11;2025-12,63271,0.77,False
宗教扩展,cross,crooked cross sally carson,2,2025-05;2025-10,63379,,False
宗教扩展,christian,christian advent calendar,1,2025-11,63678,,False
宗教扩展,christian,christian journals for women,12,2025-01;2025-02;2025-03;2025-04;2025-05;2025-06;2025-07;2025-08;2025-09;2025-10;2025-11;2025-12,63946,1.074,False
宗教扩展,jesus,jesus shirts for women,4,2025-09;2025-10;2025-11;2025-12,64399,,False
宗教扩展,jesus,the jesus bible niv,12,2025-01;2025-02;2025-03;2025-04;2025-05;2025-06;2025-07;2025-08;2025-09;2025-10;2025-11;2025-12,64516,0.788,False
宗教扩展,cross,cross bracelet for kids,2,2025-03;2025-04,64594,,True
宗教扩展,jesus,happy birthday jesus,2,2025-11;2025-12,64750,,False
宗教扩展,jesus,finding jesus christmas,2,2025-10;2025-11,65323,,False
宗教扩展,christian,christian gifts for kids,5,2025-04;2025-09;2025-10;2025-11;2025-12,65577,,False
宗教扩展,cross,lego cross,2,2025-11;2025-12,65722,,False
宗教扩展,jesus,a year with jesus,1,2025-12,65865,,False
宗教扩展,cross,cross back apron,12,2025-01;2025-02;2025-03;2025-04;2025-05;2025-06;2025-07;2025-08;2025-09;2025-10;2025-11;2025-12,65956,0.488,False
宗教扩展,cross,cross country spikes,2,2025-08;2025-09,66001,,False
宗教扩展,jesus,jesus shirts,11,2025-02;2025-03;2025-04;2025-05;2025-06;2025-07;2025-08;2025-09;2025-10;2025-11;2025-12,66269,0.849,False
宗教扩展,jesus,finding jesus doll,2,2025-11;2025-12,66473,,False
宗教扩展,four leaf clover,four leaf clover,2,2025-02;2025-03,66577,,False
宗教扩展,cross,pearl cross necklace,12,2025-01;2025-02;2025-03;2025-04;2025-05;2025-06;2025-07;2025-08;2025-09;2025-10;2025-11;2025-12,66601,0.951,True
宗教扩展,christian,christian fathers day gifts,1,2025-06,66676,,False
宗教扩展,shamrock,shamrock lights,1,2025-02,67477,,False
宗教扩展,jesus,jesus storybook bible,12,2025-01;2025-02;2025-03;2025-04;2025-05;2025-06;2025-07;2025-08;2025-09;2025-10;2025-11;2025-12,67918,0.852,False
宗教扩展,shamrock,shamrock pillow,1,2025-02,68379,,False
宗教扩展,christian,christian t shirts,10,2025-03;2025-04;2025-05;2025-06;2025-07;2025-08;2025-09;2025-10;2025-11;2025-12,68638,0.908,False
宗教扩展,cross,crucifix wall cross,12,2025-01;2025-02;2025-03;2025-04;2025-05;2025-06;2025-07;2025-08;2025-09;2025-10;2025-11;2025-12,68936,1.204,False
宗教扩展,shamrock,shamrock necklace,2,2025-02;2025-03,69091,,True
宗教扩展,christian,christian wall decor,12,2025-01;2025-02;2025-03;2025-04;2025-05;2025-06;2025-07;2025-08;2025-09;2025-10;2025-11;2025-12,69196,0.911,False
宗教扩展,jesus,jesus shirts for men,11,2025-02;2025-03;2025-04;2025-05;2025-06;2025-07;2025-08;2025-09;2025-10;2025-11;2025-12,69553,0.536,False
宗教扩展,jesus,pocket jesus,5,2025-03;2025-04;2025-09;2025-10;2025-11,69711,,False
宗教扩展,christian,christian christmas,2,2025-11;2025-12,70355,,False
宗教扩展,cross,gold cross necklace for women,5,2025-04;2025-09;2025-10;2025-11;2025-12,70975,,True
宗教扩展,christian,christian girl energy journal,7,2025-01;2025-02;2025-03;2025-04;2025-05;2025-06;2025-07,72274,1.006,False
宗教扩展,christian,mens christian t shirts,11,2025-02;2025-03;2025-04;2025-05;2025-06;2025-07;2025-08;2025-09;2025-10;2025-11;2025-12,72356,0.651,False
宗教扩展,bible verse,bible verse cards,12,2025-01;2025-02;2025-03;2025-04;2025-05;2025-06;2025-07;2025-08;2025-09;2025-10;2025-11;2025-12,72492,0.715,False
宗教扩展,wwjd,wwjd bracelets for kids,2,2025-03;2025-04,72551,,True
宗教扩展,cross,gold cross,12,2025-01;2025-02;2025-03;2025-04;2025-05;2025-06;2025-07;2025-08;2025-09;2025-10;2025-11;2025-12,72646,0.91,False
宗教扩展,christian,christian gifts for women faith,5,2025-01;2025-02;2025-03;2025-11;2025-12,72899,,False
宗教扩展,cross,magnetic cross bookmarks,1,2025-09,73713,,False
宗教扩展,cross,cross for wall,12,2025-01;2025-02;2025-03;2025-04;2025-05;2025-06;2025-07;2025-08;2025-09;2025-10;2025-11;2025-12,73793,0.906,False
宗教扩展,cross,stanley cross bottle,1,2025-01,73910,,False
宗教扩展,christian,gifts+for+christian+women,3,2025-08;2025-09;2025-10,74204,,False
宗教扩展,jesus,jesus christmas sweater,2,2025-11;2025-12,74456,,False
宗教扩展,cross,stamped cross stitch kits,12,2025-01;2025-02;2025-03;2025-04;2025-05;2025-06;2025-07;2025-08;2025-09;2025-10;2025-11;2025-12,75149,0.927,False
宗教扩展,cross,cross body bag for woman travel,5,2025-03;2025-04;2025-05;2025-06;2025-07,75476,,False
宗教扩展,cross,cross wall decor,12,2025-01;2025-02;2025-03;2025-04;2025-05;2025-06;2025-07;2025-08;2025-09;2025-10;2025-11;2025-12,75695,0.807,False
宗教扩展,shamrock,shamrock wreath,2,2025-02;2025-03,75758,,False
宗教扩展,christian,christian fiction,12,2025-01;2025-02;2025-03;2025-04;2025-05;2025-06;2025-07;2025-08;2025-09;2025-10;2025-11;2025-12,75795,1.195,False
宗教扩展,jesus,ryan and rose jesus bracelet,10,2025-03;2025-04;2025-05;2025-06;2025-07;2025-08;2025-09;2025-10;2025-11;2025-12,75896,1.055,True
宗教扩展,christian,christian jewelry for women,12,2025-01;2025-02;2025-03;2025-04;2025-05;2025-06;2025-07;2025-08;2025-09;2025-10;2025-11;2025-12,76196,0.707,True
宗教扩展,cross,counted cross stitch kits,12,2025-01;2025-02;2025-03;2025-04;2025-05;2025-06;2025-07;2025-08;2025-09;2025-10;2025-11;2025-12,76202,0.725,False
宗教扩展,christian,christian hats for men,11,2025-02;2025-03;2025-04;2025-05;2025-06;2025-07;2025-08;2025-09;2025-10;2025-11;2025-12,76237,0.743,False
宗教扩展,christian,christian planner 2025 for women,1,2025-01,76396,,False
宗教扩展,cross,cross stitch patterns,12,2025-01;2025-02;2025-03;2025-04;2025-05;2025-06;2025-07;2025-08;2025-09;2025-10;2025-11;2025-12,76490,0.995,False
宗教扩展,christian,christian easter decor,3,2025-02;2025-03;2025-04,76605,,False
宗教扩展,jesus,jesus wept,1,2025-02,76892,,False
宗教扩展,cross,cross training shoes women,12,2025-01;2025-02;2025-03;2025-04;2025-05;2025-06;2025-07;2025-08;2025-09;2025-10;2025-11;2025-12,77116,1.453,False
宗教扩展,jesus,mini jesus figurines,3,2025-04;2025-09;2025-11,77122,,False
宗教扩展,jesus,jesus is king shirt,4,2025-04;2025-06;2025-09;2025-10,77498,,False
宗教扩展,jesus,jesus listens sarah young,6,2025-01;2025-08;2025-09;2025-10;2025-11;2025-12,77563,0.679,False
宗教扩展,christian,christian journal,12,2025-01;2025-02;2025-03;2025-04;2025-05;2025-06;2025-07;2025-08;2025-09;2025-10;2025-11;2025-12,77775,0.791,False
宗教扩展,cross,cross stitch fabric,12,2025-01;2025-02;2025-03;2025-04;2025-05;2025-06;2025-07;2025-08;2025-09;2025-10;2025-11;2025-12,77949,0.746,False
宗教扩展,jesus,jesus loves you shirt,9,2025-04;2025-05;2025-06;2025-07;2025-08;2025-09;2025-10;2025-11;2025-12,78119,1.152,False
宗教扩展,cross,cross country skis,3,2025-01;2025-02;2025-12,78327,,False
宗教扩展,cross,stand for the flag kneel for the cross shirt,1,2025-09,78336,,False
宗教扩展,shamrock,shamrock sweater women,2,2025-02;2025-03,78627,,False
宗教扩展,christian,christian valentines for kids,1,2025-02,78986,,False
宗教扩展,jesus,jesus hat,9,2025-04;2025-05;2025-06;2025-07;2025-08;2025-09;2025-10;2025-11;2025-12,79175,0.85,False
宗教扩展,cross,a cross to bear,1,2025-07,79437,,False
宗教扩展,jesus,finding jesus doll and puzzle,2,2025-10;2025-11,79761,,False
宗教扩展,jesus,sacred heart of jesus,2,2025-05;2025-06,80240,,False
宗教扩展,jesus,tiny jesus,12,2025-01;2025-02;2025-03;2025-04;2025-05;2025-06;2025-07;2025-08;2025-09;2025-10;2025-11;2025-12,80288,0.767,False
宗教扩展,shamrock,shamrock shirts for women,2,2025-02;2025-03,80289,,False
宗教扩展,christian,christian halloween favors,1,2025-10,80944,,False
宗教扩展,cross,counted cross stitch kits for adults,12,2025-01;2025-02;2025-03;2025-04;2025-05;2025-06;2025-07;2025-08;2025-09;2025-10;2025-11;2025-12,81144,1.578,False
宗教扩展,cross,prayer quilt with cross inside,10,2025-01;2025-02;2025-03;2025-04;2025-05;2025-06;2025-07;2025-08;2025-09;2025-12,81469,1.177,False
宗教扩展,christian,christian dior sandals,5,2025-04;2025-05;2025-06;2025-07;2025-08,81486,,False
宗教扩展,cross,cross fidget,2,2025-01;2025-09,81520,,False
宗教扩展,christian,christian bookmarks,12,2025-01;2025-02;2025-03;2025-04;2025-05;2025-06;2025-07;2025-08;2025-09;2025-10;2025-11;2025-12,81615,0.883,False
宗教扩展,cross,chunky cross necklace for women,11,2025-02;2025-03;2025-04;2025-05;2025-06;2025-07;2025-08;2025-09;2025-10;2025-11;2025-12,82157,0.774,True
宗教扩展,four leaf clover,four leaf clover necklace,9,2025-01;2025-02;2025-03;2025-04;2025-05;2025-06;2025-07;2025-08;2025-09,82311,1.564,True
宗教扩展,cross,cross tree for christmas,1,2025-11,82459,,False
宗教扩展,cross,cross body lanyard,3,2025-07;2025-08;2025-09,82667,,False
宗教扩展,bible verse,bible verse box,1,2025-12,82820,,False
宗教扩展,cross,cross canadian ragweed shirt,1,2025-04,83543,,False
宗教扩展,cross,diamond cross necklace for women,10,2025-01;2025-02;2025-03;2025-04;2025-05;2025-07;2025-09;2025-10;2025-11;2025-12,83546,0.803,True
宗教扩展,wwjd,wwjd,12,2025-01;2025-02;2025-03;2025-04;2025-05;2025-06;2025-07;2025-08;2025-09;2025-10;2025-11;2025-12,83767,1.27,False
宗教扩展,christian,christian calendar 2026,1,2025-12,83871,,False
宗教扩展,cross,boys cross necklace ages 8-12,4,2025-03;2025-04;2025-11;2025-12,84760,,True
宗教扩展,cross,cross keychain,12,2025-01;2025-02;2025-03;2025-04;2025-05;2025-06;2025-07;2025-08;2025-09;2025-10;2025-11;2025-12,84891,0.877,False
宗教扩展,cross,christmas cross tree,1,2025-11,85309,,False
宗教扩展,cross,cross cookie cutter,2,2025-03;2025-04,85556,,False
宗教扩展,cross,the cross,1,2025-01,86167,,False
宗教扩展,cross,christmas cross stitch kits,3,2025-10;2025-11;2025-12,86180,,False
宗教扩展,jesus,jesus calling devotional,9,2025-03;2025-04;2025-06;2025-07;2025-08;2025-09;2025-10;2025-11;2025-12,86561,0.654,False
宗教扩展,cross,cross for car,4,2025-09;2025-10;2025-11;2025-12,87275,,False
宗教扩展,cross,mens cross bracelet,4,2025-04;2025-09;2025-11;2025-12,87880,,True
宗教扩展,cross,cross her heart,2,2025-03;2025-05,88372,,False
宗教扩展,jesus,experience jesus really eldredge,4,2025-03;2025-04;2025-05;2025-07,88424,,False
宗教扩展,cross,gold cross pendant,12,2025-01;2025-02;2025-03;2025-04;2025-05;2025-06;2025-07;2025-08;2025-09;2025-10;2025-11;2025-12,88964,0.952,True
宗教扩展,jesus,jesus gifts for women,1,2025-12,89029,,False
宗教扩展,christian,christian halloween treats,1,2025-10,89262,,False
宗教扩展,christian,mens christian gifts,2,2025-11;2025-12,89649,,False
宗教扩展,jesus,jesus flag,2,2025-08;2025-09,89652,,False
宗教扩展,cross,men's cross necklace,7,2025-02;2025-04;2025-05;2025-09;2025-10;2025-11;2025-12,90008,0.737,True
宗教扩展,cross,cross earrings for men,12,2025-01;2025-02;2025-03;2025-04;2025-05;2025-06;2025-07;2025-08;2025-09;2025-10;2025-11;2025-12,90186,1.279,True
宗教扩展,cross,blue cross cuticle remover,12,2025-01;2025-02;2025-03;2025-04;2025-05;2025-06;2025-07;2025-08;2025-09;2025-10;2025-11;2025-12,90334,1.517,False
宗教扩展,cross,cross trainer shoes men,12,2025-01;2025-02;2025-03;2025-04;2025-05;2025-06;2025-07;2025-08;2025-09;2025-10;2025-11;2025-12,90399,1.527,False
宗教扩展,christian,christian ornaments,2,2025-11;2025-12,90860,,False
宗教扩展,cross,hot wheels criss cross crash track set,3,2025-10;2025-11;2025-12,90944,,False
宗教扩展,jesus,jesus plushie,4,2025-08;2025-09;2025-11;2025-12,91113,,False
宗教扩展,cross,cross charms,12,2025-01;2025-02;2025-03;2025-04;2025-05;2025-06;2025-07;2025-08;2025-09;2025-10;2025-11;2025-12,91206,1.105,True
宗教扩展,christian,christian sweatshirts,5,2025-01;2025-09;2025-10;2025-11;2025-12,91480,,False
宗教扩展,christian,christian easter gifts,1,2025-04,91534,,False
宗教扩展,cross,cross lego set,2,2025-11;2025-12,91827,,False
宗教扩展,shamrock,shamrock sunglasses,1,2025-03,92020,,False
宗教扩展,christian,christian planner,3,2025-01;2025-11;2025-12,92034,,False
宗教扩展,christian,christian christmas gifts,2,2025-11;2025-12,92130,,False
宗教扩展,cross,cross tree topper,2,2025-11;2025-12,92170,,False
宗教扩展,cross,cross nail charms,12,2025-01;2025-02;2025-03;2025-04;2025-05;2025-06;2025-07;2025-08;2025-09;2025-10;2025-11;2025-12,92275,1.607,True
宗教扩展,christian,christian graduation gifts,1,2025-05,94740,,False
宗教扩展,jesus,jesus sandals women,5,2025-03;2025-04;2025-05;2025-06;2025-07,95004,,False
宗教扩展,christian,christian gift,2,2025-11;2025-12,95159,,False
宗教扩展,cross,mens cross training shoes,12,2025-01;2025-02;2025-03;2025-04;2025-05;2025-06;2025-07;2025-08;2025-09;2025-10;2025-11;2025-12,96038,1.614,False
宗教扩展,cross,cross pendant for men,12,2025-01;2025-02;2025-03;2025-04;2025-05;2025-06;2025-07;2025-08;2025-09;2025-10;2025-11;2025-12,97851,1.136,True
宗教扩展,jesus,jesus loves you stickers,1,2025-10,98185,,False
宗教扩展,jesus,come jesus come,2,2025-04;2025-09,99167,,False
宗教扩展,cross,girls cross necklace,3,2025-04;2025-11;2025-12,99236,,True
宗教扩展,cross,wall cross,12,2025-01;2025-02;2025-03;2025-04;2025-05;2025-06;2025-07;2025-08;2025-09;2025-10;2025-11;2025-12,100324,0.834,False
宗教扩展,jesus,jesus shirts for woman,7,2025-02;2025-03;2025-04;2025-05;2025-06;2025-07;2025-08,100326,0.827,False
宗教扩展,bible verse,bible verse wall art,5,2025-08;2025-09;2025-10;2025-11;2025-12,101384,,False
宗教扩展,christian,christian easter egg fillers,1,2025-04,101555,,False
宗教扩展,cross,stainless steel cross necklace for men,8,2025-02;2025-04;2025-05;2025-06;2025-08;2025-09;2025-11;2025-12,101561,0.737,True
宗教扩展,christian,christian bracelets for women,11,2025-02;2025-03;2025-04;2025-05;2025-06;2025-07;2025-08;2025-09;2025-10;2025-11;2025-12,102706,1.004,True
宗教扩展,shamrock,shamrock sprinkles,2,2025-02;2025-03,102849,,False
宗教扩展,cross,three nail cross hat,1,2025-09,103994,,False
宗教扩展,jesus,jesus and women by kristi mcclelland,8,2025-01;2025-02;2025-03;2025-04;2025-05;2025-06;2025-08;2025-09,104047,1.103,False
宗教扩展,jesus,jesus sweatshirts for women,4,2025-09;2025-10;2025-11;2025-12,104086,,False
宗教扩展,cross,gothic cross necklace,3,2025-08;2025-09;2025-10,104088,,True
宗教扩展,jesus,year with jesus,1,2025-12,104135,,False
宗教扩展,jesus,jesus of nazareth movie,1,2025-04,104428,,False
宗教扩展,christian,christian dior bag,9,2025-01;2025-02;2025-03;2025-04;2025-05;2025-06;2025-07;2025-08;2025-09,104783,1.234,False
宗教扩展,cross,cross checked julia connors,2,2025-01;2025-02,105055,,False
宗教扩展,cross,cross body fanny packs for women,7,2025-01;2025-02;2025-03;2025-04;2025-05;2025-06;2025-07,105571,0.954,False
宗教扩展,christian,christian standard bible,5,2025-01;2025-02;2025-03;2025-09;2025-10,105580,,False
宗教扩展,cross,silver cross,12,2025-01;2025-02;2025-03;2025-04;2025-05;2025-06;2025-07;2025-08;2025-09;2025-10;2025-11;2025-12,106111,0.847,False
宗教扩展,jesus,a beautiful year with jesus devotional,1,2025-12,106373,,False
宗教扩展,christian,christian books for men,2,2025-11;2025-12,106400,,False
宗教扩展,christian,christian clothing,5,2025-08;2025-09;2025-10;2025-11;2025-12,106656,,False
宗教扩展,cross,brown cross body bag for women,11,2025-01;2025-02;2025-03;2025-04;2025-05;2025-06;2025-07;2025-08;2025-09;2025-10;2025-11,107256,0.758,False
宗教扩展,christian,womens daily devotional christian,2,2025-09;2025-12,107343,,False
宗教扩展,jesus,lego jesus,2,2025-01;2025-12,107418,,False
宗教扩展,jesus,jesus plush doll,4,2025-03;2025-04;2025-11;2025-12,107662,,False
宗教扩展,cross,cross country gifts,2,2025-09;2025-10,108092,,False
宗教扩展,cross,christmas cross,1,2025-11,109272,,False
宗教扩展,cross,sterling silver cross necklace for men,2,2025-09;2025-12,109492,,True
宗教扩展,cross,3 nail cross hat for men,1,2025-09,109531,,False
宗教扩展,christian,christian gifts bulk,4,2025-09;2025-10;2025-11;2025-12,109696,,False
宗教扩展,jesus,the jesus calling,1,2025-10,109815,,False
宗教扩展,cross,cross body bags,12,2025-01;2025-02;2025-03;2025-04;2025-05;2025-06;2025-07;2025-08;2025-09;2025-10;2025-11;2025-12,110126,0.852,False
宗教扩展,christian,gifts for christian men,1,2025-12,110234,,False
宗教扩展,jesus,baby jesus doll,1,2025-12,110538,,False
宗教扩展,jesus,jesus statue,12,2025-01;2025-02;2025-03;2025-04;2025-05;2025-06;2025-07;2025-08;2025-09;2025-10;2025-11;2025-12,110679,0.979,False
宗教扩展,jesus,jesus listens for advent and christmas,2,2025-10;2025-11,110934,,False
宗教扩展,christian,christian bracelet for men,12,2025-01;2025-02;2025-03;2025-04;2025-05;2025-06;2025-07;2025-08;2025-09;2025-10;2025-11;2025-12,111656,1.026,True
宗教扩展,christian,christian books for kids,5,2025-04;2025-09;2025-10;2025-11;2025-12,111759,,False
宗教扩展,christian,spiritual disciplines for the christian life,5,2025-01;2025-02;2025-03;2025-08;2025-09,111824,,False
宗教扩展,christian,christian christmas music,2,2025-11;2025-12,111984,,False
宗教扩展,cross,black cross necklace for men,5,2025-04;2025-08;2025-09;2025-11;2025-12,112139,,True
宗教扩展,cross,kids cross necklace,3,2025-04;2025-11;2025-12,112491,,True
宗教扩展,christian,free luma christian bracelet,1,2025-12,112698,,True
宗教扩展,christian,christian coloring books for adults,12,2025-01;2025-02;2025-03;2025-04;2025-05;2025-06;2025-07;2025-08;2025-09;2025-10;2025-11;2025-12,112810,0.946,False
宗教扩展,cross,cross pens,12,2025-01;2025-02;2025-03;2025-04;2025-05;2025-06;2025-07;2025-08;2025-09;2025-10;2025-11;2025-12,113094,1.169,False
宗教扩展,cross,silver cross necklace for women,2,2025-09;2025-12,113348,,True
宗教扩展,christian,christian baby books,11,2025-01;2025-02;2025-03;2025-04;2025-05;2025-06;2025-07;2025-08;2025-09;2025-10;2025-11,113348,0.981,False
宗教扩展,bible verse,bible verse mapping journal,1,2025-06,113360,,False
宗教扩展,cross,pavoi cross necklace,1,2025-09,114115,,True
宗教扩展,christian,christian sweatshirts for men,2,2025-11;2025-12,114374,,False
宗教扩展,christian,christian blanket,2,2025-02;2025-12,114485,,False
宗教扩展,cross,cross body,11,2025-02;2025-03;2025-04;2025-05;2025-06;2025-07;2025-08;2025-09;2025-10;2025-11;2025-12,114500,0.972,False
宗教扩展,christian,christian home decor,11,2025-01;2025-02;2025-03;2025-04;2025-05;2025-07;2025-08;2025-09;2025-10;2025-11;2025-12,114631,0.851,False
宗教扩展,shamrock,shamrock headband,1,2025-03,114700,,False
宗教扩展,cross,cross stitch needles,12,2025-01;2025-02;2025-03;2025-04;2025-05;2025-06;2025-07;2025-08;2025-09;2025-10;2025-11;2025-12,115211,0.96,False
宗教扩展,cross,alex cross series chronological order,3,2025-01;2025-02;2025-03,115731,,False
宗教扩展,cross,sissy lingerie for cross-dressers,9,2025-01;2025-02;2025-03;2025-04;2025-05;2025-06;2025-07;2025-08;2025-09,116386,1.251,False
宗教扩展,cross,juliette cross,3,2025-02;2025-03;2025-04,116927,,False
宗教扩展,cross,chunky cross necklace,3,2025-08;2025-09;2025-10,116958,,True
宗教扩展,christian,christian t shirts for men,10,2025-02;2025-03;2025-04;2025-05;2025-06;2025-07;2025-08;2025-09;2025-11;2025-12,117054,0.784,False
宗教扩展,jesus,jesus is king hoodie,3,2025-01;2025-11;2025-12,117054,,False
宗教扩展,cross,red cross body bag for women,8,2025-01;2025-02;2025-03;2025-04;2025-05;2025-06;2025-07;2025-08,117071,1.246,False
宗教扩展,christian,christian romance,10,2025-01;2025-02;2025-03;2025-04;2025-05;2025-06;2025-07;2025-08;2025-09;2025-10,117222,1.158,False
宗教扩展,cross,criss cross chair cover,9,2025-01;2025-02;2025-03;2025-06;2025-07;2025-08;2025-09;2025-11;2025-12,117332,1.088,False
宗教扩展,cross,cross country running shoes,2,2025-08;2025-09,118193,,False
宗教扩展,christian,christian hats,2,2025-09;2025-10,118514,,False
宗教扩展,cross,cross body phone strap,8,2025-05;2025-06;2025-07;2025-08;2025-09;2025-10;2025-11;2025-12,118587,0.862,False
宗教扩展,shamrock,shamrock decor,1,2025-02,119009,,False
宗教扩展,shamrock,shamrock st johns jersey,1,2025-10,119150,,False
宗教扩展,cross,orthodox cross,12,2025-01;2025-02;2025-03;2025-04;2025-05;2025-06;2025-07;2025-08;2025-09;2025-10;2025-11;2025-12,119184,0.977,False
宗教扩展,cross,cross socks,4,2025-03;2025-04;2025-11;2025-12,119331,,False
宗教扩展,christian,christian shirt,5,2025-04;2025-07;2025-08;2025-09;2025-12,119871,,False
宗教扩展,christian,christian stickers for kids,5,2025-04;2025-07;2025-08;2025-09;2025-10,119881,,False
宗教扩展,shamrock,shamrock face stickers,1,2025-03,120215,,False
宗教扩展,jesus,jesus stuffed doll,4,2025-03;2025-04;2025-11;2025-12,120599,,False
宗教扩展,cross,cross necklace silver,5,2025-07;2025-08;2025-09;2025-10;2025-11,120688,,True
宗教扩展,shamrock,shamrock cutouts,2,2025-02;2025-03,121015,,False
宗教扩展,jesus,what would jesus do bracelets,12,2025-01;2025-02;2025-03;2025-04;2025-05;2025-06;2025-07;2025-08;2025-09;2025-10;2025-11;2025-12,121200,1.31,True
宗教扩展,christian,christian phone case,12,2025-01;2025-02;2025-03;2025-04;2025-05;2025-06;2025-07;2025-08;2025-09;2025-10;2025-11;2025-12,121338,1.177,False
宗教扩展,shamrock,shamrock earrings for women,2,2025-02;2025-03,121481,,True
宗教扩展,cross,3 nail cross hat,1,2025-09,121524,,False
宗教扩展,christian,christian women gifts,1,2025-12,122274,,False
宗教扩展,jesus,lisa harper book a jesus shaped life,2,2025-07;2025-08,122449,,False
宗教扩展,christian,christian halloween shirt,1,2025-10,122717,,False
宗教扩展,cross,hot cross buns,1,2025-04,123577,,False
宗教扩展,christian,christian christmas shirts for women,2,2025-11;2025-12,123732,,False
宗教扩展,cross,silicone cross bracelet,4,2025-04;2025-08;2025-09;2025-10,123890,,True
宗教扩展,christian,christian calendar 2025,1,2025-01,124476,,False
宗教扩展,jesus,jesus is king,2,2025-09;2025-12,124624,,False
宗教扩展,cross,crooked cross,2,2025-08;2025-10,125373,,False
宗教扩展,cross,nike cross training shoes men,8,2025-02;2025-03;2025-04;2025-05;2025-06;2025-07;2025-08;2025-09,125679,0.733,False
宗教扩展,jesus,jesus is the reason for the season shirt,1,2025-12,125739,,False
宗教扩展,jesus,jesus heals bandaids,2,2025-03;2025-04,126094,,False
宗教扩展,jesus,he is rizzin jesus basketball,1,2025-04,126156,,False
宗教扩展,jesus,peluche de jesus que respira,1,2025-01,126223,,False
宗教扩展,bible verse,god is above bible verse jar,1,2025-12,126248,,False
宗教扩展,jesus,jesus always sarah young,2,2025-01;2025-12,126405,,False
宗教扩展,jesus,jesus keychain,6,2025-04;2025-07;2025-08;2025-09;2025-10;2025-12,127143,1.028,False
宗教扩展,jesus,jesus saves shirt,1,2025-09,127159,,False
宗教扩展,cross,cross cake topper,2,2025-04;2025-05,127333,,False
宗教扩展,christian,the christian girl energy journal,1,2025-07,127350,,False
宗教扩展,cross,cross fidget wood,3,2025-01;2025-02;2025-09,127575,,False
宗教扩展,four leaf clover,four leaf clover bracelet,9,2025-01;2025-02;2025-03;2025-04;2025-05;2025-06;2025-07;2025-08;2025-09,127660,1.119,True
宗教扩展,christian,christian advent calendar for kids,1,2025-11,128316,,False
宗教扩展,jesus,jesus loves you,6,2025-02;2025-04;2025-09;2025-10;2025-11;2025-12,128559,0.918,False
宗教扩展,christian,christian christmas cards with envelopes,1,2025-12,128639,,False
宗教扩展,cross,the silent dominion by damian cross,1,2025-11,128929,,False
宗教扩展,jesus,jesus and the jubilee john bergsma,2,2025-02;2025-03,129004,,False
宗教扩展,cross,cross stickers,6,2025-03;2025-04;2025-05;2025-06;2025-08;2025-09,129448,1.126,False
宗教扩展,christian,mens christian hoodies,1,2025-12,129785,,False
宗教扩展,jesus,pocket jesus mini figure,2,2025-03;2025-04,129809,,False
宗教扩展,cross,criss cross halter top,5,2025-04;2025-05;2025-06;2025-07;2025-08,129923,,False
宗教扩展,christian,2026 christian planner,1,2025-12,130169,,False
宗教扩展,cross,small cross necklace for women,3,2025-04;2025-09;2025-12,130368,,True
宗教扩展,cross,men cross necklace,1,2025-12,130565,,True
宗教扩展,jesus,i love jesus shirt,3,2025-07;2025-08;2025-09,130790,,False
宗教扩展,christian,clive christian perfume for men,2,2025-11;2025-12,130915,,False
宗教扩展,cross,fidget cross,2,2025-01;2025-09,131736,,False
宗教扩展,jesus,jesus bandaids,4,2025-03;2025-04;2025-09;2025-12,131992,,False
宗教扩展,cross,dimensions cross stitch kits,5,2025-01;2025-02;2025-03;2025-11;2025-12,132865,,False
宗教扩展,cross,cross necklace men,3,2025-09;2025-11;2025-12,132872,,True
宗教扩展,cross,cross pendant paperclip chain necklace,1,2025-09,133523,,True
宗教扩展,jesus,jesus sandals,8,2025-03;2025-04;2025-05;2025-06;2025-07;2025-08;2025-09;2025-10,134077,1.161,False
宗教扩展,bible verse,bible verse pens,2,2025-03;2025-04,134246,,False
宗教扩展,shamrock,shamrock tattoos temporary,1,2025-03,134344,,False
宗教扩展,bible verse,bible verse jar for kids,1,2025-12,134372,,False
宗教扩展,cross,big cross necklace,1,2025-10,134381,,True
宗教扩展,christian,christian bale,6,2025-01;2025-02;2025-03;2025-04;2025-05;2025-06,134455,1.007,False
宗教扩展,bible verse,bible verse calendar 2026,1,2025-12,135277,,False
宗教扩展,cross,chocolate cross,1,2025-04,135502,,False
宗教扩展,christian,christian bracelet,3,2025-01;2025-02;2025-03,135570,,True
宗教扩展,wwjd,wwjd bracelets bulk,2,2025-09;2025-10,135825,,True
宗教扩展,cross,cross her heart lexi hodges,1,2025-05,135858,,False
宗教扩展,cross,mens cross body bag,10,2025-02;2025-03;2025-04;2025-05;2025-06;2025-07;2025-08;2025-09;2025-10;2025-12,136330,0.941,False
宗教扩展,cross,michael kors cross body purses for women,1,2025-12,136558,,False
宗教扩展,cross,cross patches,1,2025-08,137435,,False
宗教扩展,jesus,the jesus storybook bible,3,2025-04;2025-09;2025-11,137437,,False
宗教扩展,cross,cross and crown sweaters for men,1,2025-01,137594,,False
宗教扩展,cross,cross necklaces,5,2025-04;2025-09;2025-10;2025-11;2025-12,137821,,True
宗教扩展,cross,the cross and the lynching tree,2,2025-01;2025-02,137873,,False
宗教扩展,christian,christian coffee mugs,1,2025-12,138051,,False
宗教扩展,christian,christian valentines day cards,2,2025-01;2025-02,138230,,False
宗教扩展,jesus,the apostles after jesus,1,2025-03,138463,,False
宗教扩展,cross,cross decals for cars,1,2025-09,138621,,False
宗教扩展,cross,cross paper clips,4,2025-09;2025-10;2025-11;2025-12,138735,,False
宗教扩展,jesus,the life of jesus,1,2025-04,139107,,False
宗教扩展,cross,stations of the cross,1,2025-03,140109,,False
宗教扩展,jesus,small jesus figurines bulk,4,2025-03;2025-04;2025-09;2025-10,140204,,False
宗教扩展,cross,desk chair criss cross,2,2025-07;2025-08,140390,,False
宗教扩展,shamrock,shamrock farms protein drinks,5,2025-04;2025-05;2025-06;2025-07;2025-08,140757,,False
宗教扩展,cross,mens gold cross necklace,1,2025-12,140959,,True
宗教扩展,cross,cross car decal,1,2025-09,140999,,False
宗教扩展,cross,beginner cross stitch kits,5,2025-08;2025-09;2025-10;2025-11;2025-12,141306,,False
宗教扩展,cross,men's cross-training shoes,12,2025-01;2025-02;2025-03;2025-04;2025-05;2025-06;2025-07;2025-08;2025-09;2025-10;2025-11;2025-12,141592,1.143,False
宗教扩展,christian,christian car decals,1,2025-09,141675,,False
宗教扩展,jesus,jesus loves you sweatshirt,2,2025-11;2025-12,142295,,False
宗教扩展,jesus,jesus christ superstar live in concert,1,2025-04,142437,,False
宗教扩展,cross,sterling silver cross pendant,2,2025-09;2025-12,142469,,True
宗教扩展,cross,cross for car mirror hanging,5,2025-03;2025-04;2025-05;2025-06;2025-09,142522,,False
宗教扩展,cross,cross earrings for girls,1,2025-04,142658,,True
宗教扩展,jesus,jesus hoodies for men,2,2025-11;2025-12,143284,,False
宗教扩展,cross,cross decor,5,2025-04;2025-09;2025-10;2025-11;2025-12,143811,,False
宗教扩展,jesus,jesus is coming back soon,1,2025-10,143891,,False
宗教扩展,jesus,jesus hoodies,2,2025-11;2025-12,144311,,False
宗教扩展,christian,savd clothing christian shorts,4,2025-04;2025-08;2025-11;2025-12,144652,,False
宗教扩展,jesus,nacimiento de jesus para navidad grande,1,2025-11,144841,,False
宗教扩展,cross,thanos cross necklace,1,2025-07,145602,,True
宗教扩展,cross,cross and crown sweater,1,2025-12,145793,,False
宗教扩展,cross,14k gold cross necklace for women,2,2025-09;2025-12,145923,,True
宗教扩展,cross,cross and crown necklace for women,1,2025-09,145929,,True
宗教扩展,cross,silver cross pendant,2,2025-09;2025-12,146011,,True
宗教扩展,cross,cross-body purses,1,2025-04,146448,,False
宗教扩展,shamrock,shamrock sweatshirt,2,2025-02;2025-03,146497,,False
宗教扩展,christian,christian coloring books for kids,4,2025-03;2025-04;2025-10;2025-11,146802,,False
宗教扩展,jesus,jesus advent calendar 2025,1,2025-11,147207,,False
宗教扩展,cross,new balance mens cross training sneakers,2,2025-02;2025-03,147484,,False
宗教扩展,wwjd,wwjd bracelet,6,2025-04;2025-08;2025-09;2025-10;2025-11;2025-12,147572,0.974,True
宗教扩展,shamrock,shamrock hat,1,2025-03,147675,,False
宗教扩展,cross,cross stitch book,1,2025-12,147796,,False
宗教扩展,christian,andrew christian underwear men,6,2025-01;2025-02;2025-03;2025-04;2025-05;2025-06,148802,1.018,False
宗教扩展,christian,christian tshirts women,5,2025-04;2025-05;2025-06;2025-07;2025-09,148978,,False
宗教扩展,jesus,jesus painting,5,2025-04;2025-05;2025-06;2025-11;2025-12,149322,,False
宗教扩展,cross,stamped cross stitch kits for adults,2,2025-01;2025-02,149634,,False
宗教扩展,cross,womens cross training shoes,10,2025-01;2025-02;2025-03;2025-04;2025-05;2025-06;2025-07;2025-08;2025-09;2025-10,149807,1.118,False
宗教扩展,cross,orthodox cross necklace,4,2025-09;2025-10;2025-11;2025-12,149842,,True
宗教扩展,christian,christian jewelry,2,2025-09;2025-12,149842,,True
宗教扩展,cross,pocket cross,3,2025-04;2025-09;2025-12,150019,,False
宗教扩展,cross,cross bars roof rack,3,2025-05;2025-06;2025-07,150174,,False
宗教扩展,christian,christian stocking stuffers,1,2025-12,150242,,False
宗教扩展,jesus,anxiety depression and jesus book,1,2025-02,150810,,False
宗教扩展,cross,sideways cross necklace for women,3,2025-04;2025-09;2025-12,151214,,True
宗教扩展,christian,christian necklace for women,2,2025-09;2025-12,151401,,True
宗教扩展,cross,large cross necklace,1,2025-10,152071,,True
宗教扩展,christian,christian art,7,2025-01;2025-02;2025-03;2025-04;2025-09;2025-11;2025-12,152631,0.895,False
宗教扩展,christian,christian men gifts,1,2025-12,152793,,False
宗教扩展,christian,womens christian gifts,1,2025-12,152857,,False
宗教扩展,cross,james patterson alex cross series,1,2025-01,153255,,False
宗教扩展,cross,christian cross stickers for cars,1,2025-09,153281,,False
宗教扩展,christian,christian cross stickers for cars,1,2025-09,153281,,False
宗教扩展,christian,christian notebook,5,2025-08;2025-09;2025-10;2025-11;2025-12,153451,,False
宗教扩展,bible verse,bible verse,1,2025-12,154409,,False
宗教扩展,christian,mens christian shirts,1,2025-12,154490,,False
宗教扩展,cross,james michelle chunky cross necklace,3,2025-08;2025-09;2025-10,155053,,True
宗教扩展,christian,christian movies free prime,1,2025-01,155738,,False
宗教扩展,christian,christian easter books for kids,1,2025-04,155935,,False
宗教扩展,jesus,jesus easter,1,2025-04,155935,,False
宗教扩展,cross,cross body fanny pack,2,2025-09;2025-10,156175,,False
宗教扩展,cross,kendra scott cross,2,2025-11;2025-12,156484,,False
宗教扩展,jesus,jesus blanket,1,2025-12,156920,,False
宗教扩展,christian,christian gifts for mom,2,2025-05;2025-12,157352,,False
宗教扩展,jesus,jesus in me book anne graham lotz,1,2025-06,157900,,False
宗教扩展,jesus,jesus pictures for wall,2,2025-04;2025-12,157965,,False
宗教扩展,jesus,jesus tree topper,1,2025-11,158142,,False
宗教扩展,shamrock,shamrock table runner,1,2025-02,158193,,False
宗教扩展,cross,white gold cross necklace for women,2,2025-09;2025-12,158342,,True
宗教扩展,cross,easter cross,2,2025-03;2025-04,158363,,False
宗教扩展,christian,christian pens,1,2025-12,158851,,False
宗教扩展,jesus,jesus decor,4,2025-09;2025-10;2025-11;2025-12,159078,,False
宗教扩展,cross,cross necklaces for women,2,2025-09;2025-12,159282,,True
宗教扩展,christian,christian ornaments for christmas tree,2,2025-11;2025-12,159576,,False
宗教扩展,shamrock,shamrock balloons,1,2025-03,159637,,False
宗教扩展,cross,cross ornament,1,2025-12,159692,,False
宗教扩展,christian,christian patriot taylor marshall,1,2025-09,159792,,False
宗教扩展,christian,christian mug,1,2025-12,160031,,False
宗教扩展,jesus,jesus halloween favors,1,2025-10,160215,,False
宗教扩展,cross,dainty cross necklace,1,2025-09,160302,,True
宗教扩展,cross,cross bracelet for girls,1,2025-04,160503,,True
宗教扩展,cross,cross magnetic bookmarks,1,2025-09,160523,,False
宗教扩展,bible verse,90 day bible verse jar,1,2025-12,160713,,False
宗教扩展,jesus,jesus calling for graduates,1,2025-05,160734,,False
宗教扩展,cross,cross bracelets,2,2025-04;2025-09,160997,,True
宗教扩展,jesus,jesus is the reason for the season sign,2,2025-11;2025-12,161110,,False
宗教扩展,christian,christian tshirts,1,2025-09,161179,,False
宗教扩展,cross,cross stitch hoop,3,2025-09;2025-11;2025-12,161692,,False
宗教扩展,cross,criss cross tops for women,2,2025-03;2025-04,161870,,False
宗教扩展,cross,cross beads,7,2025-03;2025-04;2025-05;2025-06;2025-07;2025-09;2025-10,161892,0.991,False
宗教扩展,cross,pinmoco ergonomic cross legged swivel chair,1,2025-06,162003,,False
宗教扩展,christian,the unsaved christian,1,2025-12,162004,,False
宗教扩展,christian,christian car accessories,2,2025-08;2025-09,162101,,False
宗教扩展,jesus,jesus hoodies for women,1,2025-12,162384,,False
宗教扩展,cross,cross bows for deer hunting,3,2025-09;2025-10;2025-11,162417,,False
宗教扩展,cross,mary on a cross,2,2025-09;2025-10,162499,,False
宗教扩展,cross,sterling silver cross necklace for women,1,2025-09,162503,,True
宗教扩展,cross,small cross body bag for woman,8,2025-02;2025-03;2025-04;2025-05;2025-06;2025-07;2025-08;2025-09,163102,0.961,False
宗教扩展,cross,the house of cross james patterson,1,2025-01,163248,,False
宗教扩展,jesus,jesus loves me,2,2025-04;2025-09,163568,,False
宗教扩展,christian,christian apparel,1,2025-09,163793,,False
宗教扩展,jesus,jesus our refuge matt fradd,1,2025-10,164155,,False
宗教扩展,jesus,jesus and your mental health rebecca maxwell,1,2025-08,164470,,False
宗教扩展,christian,christian christmas books for kids,2,2025-11;2025-12,164524,,False
宗教扩展,christian,christian easter decorations,1,2025-03,164584,,False
宗教扩展,cross,cross jewelry women,2,2025-09;2025-12,164864,,True
宗教扩展,shamrock,shamrock window clings,1,2025-02,165336,,False
宗教扩展,christian,christian keychain,3,2025-08;2025-09;2025-12,165536,,False
宗教扩展,jesus,jesus lamp,1,2025-04,165645,,False
宗教扩展,christian,christian coloring book,2,2025-11;2025-12,165730,,False
宗教扩展,bible verse,bible verse bracelet,1,2025-12,165957,,True
宗教扩展,cross,cross body bag for girls,1,2025-12,166193,,False
宗教扩展,shamrock,shamrock confetti,1,2025-03,166561,,False
宗教扩展,jesus,jesus walking on water wall art,1,2025-01,166864,,False
宗教扩展,christian,christian hat,1,2025-09,167568,,False
宗教扩展,jesus,jesus canvas wall art,3,2025-04;2025-05;2025-12,167638,,False
宗教扩展,jesus,happy birthday jesus cake topper,1,2025-12,168297,,False
宗教扩展,bible verse,luma bracelet with bible verse,1,2025-12,168470,,True
宗教扩展,cross,journey to the cross,1,2025-03,168619,,False
宗教扩展,jesus,jesus thirsts: the miracle of the eucharist,1,2025-04,168798,,False
宗教扩展,jesus,fall for jesus he never leaves,2,2025-09;2025-10,168973,,False
宗教扩展,christian,christian easter,1,2025-04,170336,,False
宗教扩展,cross,diamond cross necklace,1,2025-09,170365,,True
宗教扩展,jesus,jesus hugs bandaids,1,2025-09,170365,,False
宗教扩展,cross,gold cross earrings,3,2025-04;2025-09;2025-12,170551,,True
宗教扩展,shamrock,shamrock socks,1,2025-03,170651,,False
宗教扩展,four leaf clover,four leaf clover earrings,1,2025-03,170977,,True
宗教扩展,jesus,jesus costume for kids,1,2025-10,171429,,False
宗教扩展,cross,rubber cross bracelets,1,2025-09,171519,,True
宗教扩展,jesus,jesus stickers for kids,1,2025-10,171753,,False
宗教扩展,christian,christian dior,4,2025-02;2025-04;2025-05;2025-12,172040,,False
宗教扩展,cross,necklace cross,2,2025-11;2025-12,172524,,True
宗教扩展,bible verse,bible verse calendar 2025,1,2025-01,173161,,False
宗教扩展,jesus,jesus tshirt,2,2025-04;2025-09,173365,,False
宗教扩展,jesus,easter jesus,1,2025-04,173596,,False
宗教扩展,jesus,jesus sandals men,1,2025-04,174240,,False
宗教扩展,jesus,jesus calling for christmas,1,2025-11,175007,,False
宗教扩展,cross,office chair criss cross,1,2025-08,175244,,False
宗教扩展,christian,christian socks,1,2025-12,175371,,False
宗教扩展,jesus,jesus bracelets for kids,1,2025-04,175736,,True
宗教扩展,christian,christian veil,2,2025-03;2025-04,176110,,False
宗教扩展,cross,women's cross necklace,1,2025-12,176421,,True
宗教扩展,cross,criss cross bras for women,2,2025-06;2025-07,176732,,False
宗教扩展,cross,sterling silver cross,2,2025-09;2025-12,177135,,False
宗教扩展,cross,jerusalem cross,1,2025-01,177247,,False
宗教扩展,jesus,miniature jesus figurines,1,2025-04,177568,,False
宗教扩展,cross,cross roads devney perry,1,2025-01,177591,,False
宗教扩展,jesus,little jesus 50 pack,1,2025-09,177899,,False
宗教扩展,cross,carry the cross with padre pio,1,2025-02,178380,,False
宗教扩展,jesus,baby jesus figure mini bulk,2,2025-09;2025-10,178814,,False
宗教扩展,cross,stainless steel cross necklace women,1,2025-09,179480,,True
宗教扩展,jesus,come jesus come cece winans,1,2025-09,180127,,False
宗教扩展,jesus,jesus ornaments for christmas tree,1,2025-11,180597,,False
宗教扩展,christian,christian fiction books for women,4,2025-01;2025-04;2025-05;2025-06,180713,,False
宗教扩展,cross,cross body phone holder for women,2,2025-02;2025-03,181176,,False
宗教扩展,jesus,fall for jesus bags,1,2025-10,181337,,False
宗教扩展,cross,double cross necklace gold,2,2025-01;2025-02,181520,,True
宗教扩展,jesus,sacred heart of jesus picture,1,2025-06,181595,,False
宗教扩展,jesus,jesus figures,4,2025-03;2025-04;2025-09;2025-10,181669,,False
宗教扩展,cross,cross stitch stocking kit,1,2025-12,181971,,False
宗教扩展,bible verse,bible verse jar for women,1,2025-12,181971,,False
宗教扩展,christian,christian planner 2025,1,2025-01,182347,,False
宗教扩展,jesus,mighty name of jesus,1,2025-09,182394,,False
宗教扩展,jesus,jesus figurine,1,2025-09,182777,,False
宗教扩展,christian,mens daily devotional christian,1,2025-12,183326,,False
宗教扩展,christian,womens christian tshirts,2,2025-04;2025-07,183379,,False
宗教扩展,christian,christian christmas decorations,1,2025-11,183424,,False
宗教扩展,jesus,jesus calling for christmas sarah young,1,2025-11,183520,,False
宗教扩展,cross,cross necklace with crown,1,2025-09,183695,,True
宗教扩展,cross,cross creek,1,2025-02,184021,,False
宗教扩展,cross,christopher cross,1,2025-08,184222,,False
宗教扩展,jesus,jesus bracelets bulk,1,2025-10,184942,,True
宗教扩展,christian,christian trunk or treat,1,2025-10,185397,,False
宗教扩展,cross,black cross necklace,2,2025-09;2025-12,185661,,True
宗教扩展,jesus,jesus listens,1,2025-12,185680,,False
宗教扩展,christian,christian blanket for women,1,2025-12,185776,,False
宗教扩展,cross,the cross was enough jelly roll,1,2025-09,185794,,False
宗教扩展,jesus,jesus loves me book,1,2025-04,185888,,False
宗教扩展,cross,cross bars,1,2025-07,186035,,False
宗教扩展,christian,christian stickers for women,1,2025-01,187015,,False
宗教扩展,cross,cross charm,1,2025-09,188131,,True
宗教扩展,jesus,jesus easter eggs,1,2025-04,188622,,False
宗教扩展,cross,cross necklace women,1,2025-09,189258,,True
宗教扩展,cross,women's cross training shoes,2,2025-08;2025-09,189259,,False
宗教扩展,christian,ralph christian watches for men,1,2025-04,189645,,False
宗教扩展,jesus,jesus jersey,1,2025-09,189835,,False
宗教扩展,christian,christmas cards christian,1,2025-12,189854,,False
宗教扩展,christian,christian valentines,2,2025-01;2025-02,190149,,False
宗教扩展,christian,christian games,1,2025-12,190207,,False
宗教扩展,jesus,jesus walking on water canvas,1,2025-12,190207,,False
宗教扩展,cross,jansport cross town backpack,1,2025-07,190339,,False
宗教扩展,jesus,jesus bracelet,1,2025-09,190820,,True
宗教扩展,cross,84 charing cross road book,2,2025-11;2025-12,190862,,False
宗教扩展,cross,cross sticker for car,1,2025-09,190975,,False
宗教扩展,shamrock,shamrock pin,1,2025-03,191064,,False
宗教扩展,cross,cross training shoes,1,2025-05,191246,,False
宗教扩展,christian,christian clothing for women,1,2025-09,191481,,False
宗教扩展,christian,christian graduation cards,1,2025-05,191527,,False
宗教扩展,jesus,the jesus bible esv,1,2025-09,191761,,False
宗教扩展,christian,easter christian basket stuffers,1,2025-04,191797,,False
宗教扩展,cross,mens silver cross necklace,1,2025-12,192190,,True
宗教扩展,jesus,happy birthday jesus party supplies,1,2025-12,192414,,False
宗教扩展,cross,mens cross necklaces stainless steel,1,2025-09,192620,,True
宗教扩展,cross,small cross necklace,1,2025-09,192620,,True
宗教扩展,christian,christian coffee mugs for women,1,2025-12,192741,,False
宗教扩展,jesus,jesus necklace,1,2025-09,192752,,True
宗教扩展,christian,tim keller on the christian life,1,2025-05,192787,,False
宗教扩展,cross,cross bow scope,1,2025-10,192992,,False
宗教扩展,cross,cross with crown necklace for women,1,2025-09,193046,,True
宗教扩展,christian,christian mugs for women,1,2025-12,193072,,False
宗教扩展,cross,universal roof rack cross bars,1,2025-06,193119,,False
宗教扩展,jesus,john eldredge experience jesus really,1,2025-03,193324,,False
宗教扩展,christian,christian necklace for men,1,2025-09,193750,,True
宗教扩展,jesus,jesus toys,1,2025-04,194147,,False
宗教扩展,cross,wrangler purse cross body,1,2025-12,194267,,False
宗教扩展,christian,christian mugs,1,2025-12,194267,,False
宗教扩展,christian,womens christian sweatshirts,1,2025-12,195141,,False
宗教扩展,jesus,nacimiento de jesus,1,2025-11,195169,,False
宗教扩展,jesus,how jesus became god,1,2025-01,195208,,False
宗教扩展,cross,rose gold cross necklace,1,2025-09,195238,,True
宗教扩展,jesus,love like jesus sweatshirt,1,2025-01,195631,,False
宗教扩展,cross,cross country ski boots,1,2025-01,196184,,False
宗教扩展,cross,kendra scott necklace cross,1,2025-12,196215,,True
宗教扩展,jesus,killing jesus,1,2025-04,196430,,False
宗教扩展,jesus,jesus easter gifts for kids,1,2025-04,197027,,False
宗教扩展,christian,mothers day gifts christian,1,2025-05,197035,,False
宗教扩展,christian,christian christmas sweater,1,2025-12,197131,,False
宗教扩展,cross,kids cross necklace boys,1,2025-12,197650,,True
宗教扩展,cross,pearl cross necklace for women,1,2025-09,197966,,True
宗教扩展,jesus,i speak jesus,1,2025-09,197966,,False
宗教扩展,cross,3 nails cross hat with american flag,1,2025-09,198286,,False
宗教扩展,christian,christian party favors,1,2025-10,198456,,False
宗教扩展,christian,christian dior perfume,1,2025-12,198694,,False
宗教扩展,jesus,jesus lego,1,2025-12,198694,,False
宗教扩展,jesus,jesus trunk or treat decorations,1,2025-10,198863,,False
宗教扩展,jesus,finding jesus countdown to christmas,1,2025-11,199185,,False
宗教扩展,shamrock,shamrock plant,1,2025-03,199251,,False
宗教扩展,cross,criss cross chair pink,1,2025-01,199396,,False
宗教扩展,cross,mens new balance cross training sneakers,1,2025-10,199829,,False
心理健康,anxiety,thunder shirt for dogs anxiety,12,2025-01;2025-02;2025-03;2025-04;2025-05;2025-06;2025-07;2025-08;2025-09;2025-10;2025-11;2025-12,4124,1.228,False
心理健康,anxiety,gifts for people with anxiety,1,2025-10,8249,,False
心理健康,anxiety,anxiety relief items,12,2025-01;2025-02;2025-03;2025-04;2025-05;2025-06;2025-07;2025-08;2025-09;2025-10;2025-11;2025-12,8617,1.295,False
心理健康,anxiety,anxiety,12,2025-01;2025-02;2025-03;2025-04;2025-05;2025-06;2025-07;2025-08;2025-09;2025-10;2025-11;2025-12,10368,1.359,False
心理健康,anxiety,beyond anxiety martha beck,3,2025-01;2025-02;2025-03,11321,,False
心理健康,anxiety,anxiety ring,12,2025-01;2025-02;2025-03;2025-04;2025-05;2025-06;2025-07;2025-08;2025-09;2025-10;2025-11;2025-12,11764,0.701,True
心理健康,anxiety,anxiety doechii,6,2025-02;2025-03;2025-04;2025-05;2025-06;2025-07,12805,2.0,False
心理健康,mental health,mental health awareness shirt,2,2025-04;2025-05,15841,,False
心理健康,anxiety,anxiety relief for dogs diffuser,1,2025-01,17580,,False
心理健康,anxiety,dog calming pheromone anxiety diffuser,1,2025-01,19421,,False
心理健康,you are enough,you are enough hoodie,12,2025-01;2025-02;2025-03;2025-04;2025-05;2025-06;2025-07;2025-08;2025-09;2025-10;2025-11;2025-12,20931,0.498,False
心理健康,anxiety,anxiety bookshelf,12,2025-01;2025-02;2025-03;2025-04;2025-05;2025-06;2025-07;2025-08;2025-09;2025-10;2025-11;2025-12,21827,0.836,False
心理健康,mental health,mental health awareness items,3,2025-03;2025-04;2025-05,22197,,False
心理健康,anxiety,anxiety rings for women,12,2025-01;2025-02;2025-03;2025-04;2025-05;2025-06;2025-07;2025-08;2025-09;2025-10;2025-11;2025-12,28127,1.864,True
心理健康,anxiety,martha beck beyond anxiety,2,2025-01;2025-02,30710,,False
心理健康,mental health,mental health journal,12,2025-01;2025-02;2025-03;2025-04;2025-05;2025-06;2025-07;2025-08;2025-09;2025-10;2025-11;2025-12,33926,1.574,False
心理健康,anxiety,dog anxiety relief,12,2025-01;2025-02;2025-03;2025-04;2025-05;2025-06;2025-07;2025-08;2025-09;2025-10;2025-11;2025-12,34795,1.39,False
心理健康,anxiety,anxiety costume adult,2,2025-09;2025-10,37167,,False
心理健康,anxiety,magnesium spray for sleep and anxiety,4,2025-01;2025-02;2025-03;2025-04,39946,,False
心理健康,anxiety,dog calming chews - anxiety relief treats,8,2025-01;2025-02;2025-03;2025-04;2025-05;2025-06;2025-07;2025-08,41866,0.889,False
心理健康,mental health,mental health stickers,12,2025-01;2025-02;2025-03;2025-04;2025-05;2025-06;2025-07;2025-08;2025-09;2025-10;2025-11;2025-12,45340,1.605,False
心理健康,anxiety,thunder vest for dogs anxiety,4,2025-04;2025-05;2025-06;2025-07,46616,,False
心理健康,anxiety,anxiety relief,12,2025-01;2025-02;2025-03;2025-04;2025-05;2025-06;2025-07;2025-08;2025-09;2025-10;2025-11;2025-12,47507,1.662,False
心理健康,anxiety,anxiety relief for dogs,12,2025-01;2025-02;2025-03;2025-04;2025-05;2025-06;2025-07;2025-08;2025-09;2025-10;2025-11;2025-12,49602,1.263,False
心理健康,anxiety,weighted highland cow for anxiety,4,2025-09;2025-10;2025-11;2025-12,51524,,False
心理健康,mental health,gifts for mental health therapists,1,2025-11,53511,,False
心理健康,anxiety,calm carry anxiety device,11,2025-01;2025-02;2025-03;2025-04;2025-05;2025-07;2025-08;2025-09;2025-10;2025-11;2025-12,53567,0.728,False
心理健康,anxiety,beyond anxiety,1,2025-01,59048,,False
心理健康,anxiety,weighted blanket for anxiety,5,2025-08;2025-09;2025-10;2025-11;2025-12,59487,,False
心理健康,anxiety,anxiety clean,3,2025-03;2025-04;2025-05,60220,,False
心理健康,anxiety,calming chews for dogs anxiety,4,2025-05;2025-06;2025-07;2025-08,60439,,False
心理健康,anxiety,weighted stuffed animals for anxiety,7,2025-02;2025-04;2025-08;2025-09;2025-10;2025-11;2025-12,62621,0.373,False
心理健康,mental health,mental health gifts,11,2025-01;2025-02;2025-03;2025-04;2025-05;2025-06;2025-08;2025-09;2025-10;2025-11;2025-12,62912,1.037,False
心理健康,mental health,mental health shirt,9,2025-02;2025-03;2025-04;2025-05;2025-06;2025-07;2025-08;2025-09;2025-10,63358,0.739,False
心理健康,anxiety,anxiety and stress relief supplements,5,2025-08;2025-09;2025-10;2025-11;2025-12,65178,,False
心理健康,anxiety,dog anxiety vest,12,2025-01;2025-02;2025-03;2025-04;2025-05;2025-06;2025-07;2025-08;2025-09;2025-10;2025-11;2025-12,70948,1.266,False
心理健康,anxiety,gifts+for+people+with+anxiety,1,2025-10,74789,,False
心理健康,anxiety,anti anxiety coloring book,2,2025-10;2025-11,78116,,False
心理健康,you are enough,you are enough tshirt,10,2025-03;2025-04;2025-05;2025-06;2025-07;2025-08;2025-09;2025-10;2025-11;2025-12,78167,1.287,False
心理健康,anxiety,dog thunder jacket anxiety calming vest,4,2025-04;2025-05;2025-06;2025-07,81062,,False
心理健康,anxiety,anxiety costume,1,2025-10,84456,,False
心理健康,anxiety,anxiety rings,12,2025-01;2025-02;2025-03;2025-04;2025-05;2025-06;2025-07;2025-08;2025-09;2025-10;2025-11;2025-12,84721,0.99,True
心理健康,mental health,mental health,12,2025-01;2025-02;2025-03;2025-04;2025-05;2025-06;2025-07;2025-08;2025-09;2025-10;2025-11;2025-12,88462,1.374,False
心理健康,anxiety,anxiety pen,8,2025-01;2025-04;2025-06;2025-07;2025-08;2025-09;2025-10;2025-11,89369,0.673,False
心理健康,anxiety,adult fidgets for anxiety and stress,9,2025-01;2025-02;2025-03;2025-04;2025-05;2025-06;2025-07;2025-08;2025-12,91000,1.503,False
心理健康,anxiety,worry stones for anxiety,12,2025-01;2025-02;2025-03;2025-04;2025-05;2025-06;2025-07;2025-08;2025-09;2025-10;2025-11;2025-12,94340,1.263,False
心理健康,encouragement,encouragement gifts for women,10,2025-01;2025-02;2025-03;2025-04;2025-05;2025-07;2025-08;2025-09;2025-10;2025-12,96677,1.066,False
心理健康,anxiety,anxiety relief items for women,2,2025-01;2025-02,98668,,False
心理健康,anxiety,calm carry anxiety device glowco,1,2025-12,98854,,False
心理健康,anxiety,weighted hoodie for anxiety,5,2025-01;2025-02;2025-10;2025-11;2025-12,104967,,False
心理健康,anxiety,valerian root for anxiety,6,2025-01;2025-02;2025-03;2025-04;2025-05;2025-06,106584,1.253,False
心理健康,mental health,mental health office decor,3,2025-07;2025-08;2025-09,109225,,False
心理健康,mental health,mental health mood journal,1,2025-12,110035,,False
心理健康,mental health,mental health awareness,2,2025-04;2025-05,113455,,False
心理健康,anxiety,comfort hoodie for anxiety,2,2025-01;2025-02,113884,,False
心理健康,mental health,mental health posters,1,2025-08,115474,,False
心理健康,anxiety,anxiety supplements,10,2025-01;2025-02;2025-03;2025-04;2025-05;2025-06;2025-07;2025-08;2025-09;2025-10,117377,1.395,False
心理健康,you are enough,you are enough sweatshirt,2,2025-11;2025-12,119556,,False
心理健康,anxiety,magnesium for sleep and anxiety,8,2025-01;2025-02;2025-03;2025-04;2025-05;2025-08;2025-09;2025-10,119768,1.301,False
心理健康,anxiety,thunder jacket for dogs anxiety,5,2025-01;2025-03;2025-04;2025-05;2025-06,121279,,False
心理健康,anxiety,a 30-day devotional for women: from fear & anxiety to faith and lasting peace in just 10 minutes a d,1,2025-10,123180,,False
心理健康,anxiety,the anatomy of anxiety,1,2025-05,124119,,False
心理健康,anxiety,fidget rings for anxiety,7,2025-03;2025-04;2025-05;2025-06;2025-07;2025-08;2025-09,126300,1.038,True
心理健康,you are enough,you are enough,3,2025-03;2025-11;2025-12,133597,,False
心理健康,anxiety,cat anxiety relief,10,2025-01;2025-02;2025-03;2025-04;2025-05;2025-06;2025-07;2025-08;2025-09;2025-10,135746,1.103,False
心理健康,anxiety,dog anxiety,7,2025-01;2025-02;2025-03;2025-06;2025-07;2025-09;2025-12,142227,1.006,False
心理健康,anxiety,anxiety hoodie,1,2025-12,142232,,False
心理健康,anxiety,thundershirt for dogs anxiety,2,2025-06;2025-07,143591,,False
心理健康,anxiety,anxiety book,2,2025-01;2025-02,146292,,False
心理健康,anxiety,mr fluffy friend anti anxiety dog bed,1,2025-01,147370,,False
心理健康,anxiety,unwinding anxiety,3,2025-01;2025-02;2025-08,147788,,False
心理健康,mental health,mental health books,2,2025-01;2025-02,148467,,False
心理健康,anxiety,anxiety inside out costume,1,2025-10,150074,,False
心理健康,anxiety,anxiety depression and jesus book,1,2025-02,150810,,False
心理健康,anxiety,breathing stitch to help anxiety,2,2025-04;2025-05,151270,,False
心理健康,anxiety,zen drops for anxiety,2,2025-04;2025-05,151722,,False
心理健康,anxiety,thunder coat for dogs anxiety,1,2025-01,153887,,False
心理健康,mental health,mental health sweatshirt,1,2025-01,155463,,False
心理健康,anxiety,fidget toys adults anxiety,4,2025-01;2025-02;2025-03;2025-04,156518,,False
心理健康,anxiety,adult pacifier for anxiety,1,2025-08,157691,,False
心理健康,encouragement,encouragement cards,6,2025-01;2025-02;2025-03;2025-04;2025-08;2025-09,161440,0.982,False
心理健康,anxiety,anxiety vest for dogs,2,2025-06;2025-07,162785,,False
心理健康,anxiety,anxiety bookshelf mini books,4,2025-01;2025-04;2025-07;2025-08,163259,,False
心理健康,mental health,jesus and your mental health rebecca maxwell,1,2025-08,164470,,False
心理健康,anxiety,anxiety stuffed animal,1,2025-01,164799,,False
心理健康,anxiety,inside out anxiety costume,1,2025-10,167830,,False
心理健康,anxiety,gerty inflatable friend separation anxiety,1,2025-11,174237,,False
心理健康,anxiety,anxiety toys,2,2025-11;2025-12,174457,,False
心理健康,anxiety,anxiety relief items fidget,3,2025-03;2025-04;2025-08,179511,,False
心理健康,mental health,mental health matters hoodie,1,2025-01,179549,,False
心理健康,anxiety,separation anxiety relief for dogs,1,2025-03,181121,,False
心理健康,anxiety,dog thunderstorm anxiety,1,2025-06,181462,,False
成就节点,graduation,graduation decorations 2025 deals,5,2025-04;2025-05;2025-06;2025-07;2025-08,141,,False
成就节点,graduation,graduation decorations 2025,8,2025-01;2025-02;2025-03;2025-04;2025-05;2025-06;2025-07;2025-08,154,4.532,False
成就节点,graduation,graduation gifts,12,2025-01;2025-02;2025-03;2025-04;2025-05;2025-06;2025-07;2025-08;2025-09;2025-10;2025-11;2025-12,255,3.319,False
成就节点,graduation,graduation dress,12,2025-01;2025-02;2025-03;2025-04;2025-05;2025-06;2025-07;2025-08;2025-09;2025-10;2025-11;2025-12,325,2.174,False
成就节点,graduation,graduation cap headband,12,2025-01;2025-02;2025-03;2025-04;2025-05;2025-06;2025-07;2025-08;2025-09;2025-10;2025-11;2025-12,443,1.254,False
成就节点,graduation,graduation cards,6,2025-03;2025-04;2025-05;2025-06;2025-07;2025-08,844,5.799,False
成就节点,graduation,graduation gifts for her,12,2025-01;2025-02;2025-03;2025-04;2025-05;2025-06;2025-07;2025-08;2025-09;2025-10;2025-11;2025-12,983,0.546,False
成就节点,graduation,white graduation dress,12,2025-01;2025-02;2025-03;2025-04;2025-05;2025-06;2025-07;2025-08;2025-09;2025-10;2025-11;2025-12,1108,2.831,False
成就节点,graduation,2025 graduation decorations,8,2025-01;2025-02;2025-03;2025-04;2025-05;2025-06;2025-07;2025-08,1747,1.791,False
成就节点,retirement,retirement gift for woman,12,2025-01;2025-02;2025-03;2025-04;2025-05;2025-06;2025-07;2025-08;2025-09;2025-10;2025-11;2025-12,2593,1.874,False
成就节点,graduation,kindergarten graduation cap and gown,4,2025-03;2025-04;2025-05;2025-06,2761,,False
成就节点,graduation,kindergarten graduation gifts,3,2025-04;2025-05;2025-06,2800,,False
成就节点,graduation,graduation decorations,12,2025-01;2025-02;2025-03;2025-04;2025-05;2025-06;2025-07;2025-08;2025-09;2025-10;2025-11;2025-12,3032,1.192,False
成就节点,graduation,graduation gifts for him,5,2025-03;2025-04;2025-05;2025-06;2025-12,3201,,False
成就节点,graduation,graduation card,11,2025-01;2025-02;2025-03;2025-04;2025-05;2025-06;2025-07;2025-08;2025-09;2025-11;2025-12,3617,0.869,False
成就节点,graduation,graduation cords,6,2025-01;2025-02;2025-03;2025-04;2025-05;2025-06,3642,0.173,False
成就节点,graduation,graduation dresses,10,2025-01;2025-02;2025-03;2025-04;2025-05;2025-06;2025-07;2025-08;2025-09;2025-11,3791,2.238,False
成就节点,graduation,graduation,12,2025-01;2025-02;2025-03;2025-04;2025-05;2025-06;2025-07;2025-08;2025-09;2025-10;2025-11;2025-12,4244,2.461,False
成就节点,graduation,graduation dresses for women 2025,7,2025-02;2025-03;2025-04;2025-05;2025-06;2025-07;2025-08,4249,4.228,False
成就节点,graduation,graduation leis 2025,4,2025-03;2025-04;2025-05;2025-06,4374,,False
成就节点,graduation,graduation cap decorations,12,2025-01;2025-02;2025-03;2025-04;2025-05;2025-06;2025-07;2025-08;2025-09;2025-10;2025-11;2025-12,4401,1.225,False
成就节点,graduation,graduation cards 2025,5,2025-03;2025-04;2025-05;2025-06;2025-07,5403,,False
成就节点,graduation,graduation stole,11,2025-01;2025-02;2025-03;2025-04;2025-05;2025-06;2025-08;2025-09;2025-10;2025-11;2025-12,5614,1.977,False
成就节点,graduation,white dress women graduation,4,2025-03;2025-04;2025-05;2025-06,5681,,False
成就节点,graduation,graduation lei,4,2025-03;2025-04;2025-05;2025-06,5763,,False
成就节点,retirement,retirement gifts for men,12,2025-01;2025-02;2025-03;2025-04;2025-05;2025-06;2025-07;2025-08;2025-09;2025-10;2025-11;2025-12,5883,1.721,False
成就节点,graduation,graduation balloons,6,2025-02;2025-03;2025-04;2025-05;2025-06;2025-07,5986,0.163,False
成就节点,retirement,retirement party decorations,12,2025-01;2025-02;2025-03;2025-04;2025-05;2025-06;2025-07;2025-08;2025-09;2025-10;2025-11;2025-12,6134,1.532,False
成就节点,graduation,cap headbands for graduation insert,4,2025-03;2025-04;2025-05;2025-06,6417,,False
成就节点,graduation,graduation banner,6,2025-02;2025-03;2025-04;2025-05;2025-06;2025-07,6807,0.213,False
成就节点,graduation,preschool graduation gift,3,2025-04;2025-05;2025-06,7851,,False
成就节点,graduation,kindergarten graduation,4,2025-03;2025-04;2025-05;2025-06,7919,,False
成就节点,graduation,graduation cap,12,2025-01;2025-02;2025-03;2025-04;2025-05;2025-06;2025-07;2025-08;2025-09;2025-10;2025-11;2025-12,8083,1.728,False
成就节点,graduation,graduation gift,6,2025-03;2025-04;2025-05;2025-06;2025-07;2025-12,8166,3.083,False
成就节点,graduation,preschool graduation cap and gown,4,2025-03;2025-04;2025-05;2025-06,8920,,False
成就节点,graduation,graduation cake topper,6,2025-03;2025-04;2025-05;2025-06;2025-07;2025-12,9014,4.025,False
成就节点,graduation,graduation cupcake toppers 2025,5,2025-03;2025-04;2025-05;2025-06;2025-07,9032,,False
成就节点,graduation,graduation card box,6,2025-02;2025-03;2025-04;2025-05;2025-06;2025-07,10039,0.32,False
成就节点,graduation,graduation sash,5,2025-02;2025-03;2025-04;2025-05;2025-06,10344,,False
成就节点,graduation,graduation yard signs class of 2025,5,2025-02;2025-03;2025-04;2025-05;2025-06,10493,,False
成就节点,graduation,hello kitty graduation,3,2025-04;2025-05;2025-06,11119,,False
成就节点,graduation,graduation party favors,6,2025-02;2025-03;2025-04;2025-05;2025-06;2025-07,11405,0.367,False
成就节点,graduation,graduation backdrop,6,2025-02;2025-03;2025-04;2025-05;2025-06;2025-07,11749,0.361,False
成就节点,graduation,graduation gift card,4,2025-04;2025-05;2025-06;2025-07,12023,,False
成就节点,graduation,graduation party decorations,7,2025-01;2025-02;2025-03;2025-04;2025-05;2025-06;2025-07,12555,0.271,False
成就节点,graduation,5th grade graduation gifts,3,2025-04;2025-05;2025-06,12709,,False
成就节点,graduation,graduation plates,5,2025-03;2025-04;2025-05;2025-06;2025-07,12750,,False
成就节点,graduation,stoles for graduation 2025,4,2025-03;2025-04;2025-05;2025-06,13154,,False
成就节点,graduation,2025 graduation gifts,4,2025-03;2025-04;2025-05;2025-06,13164,,False
成就节点,graduation,black graduation dress,6,2025-02;2025-03;2025-04;2025-05;2025-06;2025-11,13397,2.007,False
成就节点,retirement,retirement gifts for women,12,2025-01;2025-02;2025-03;2025-04;2025-05;2025-06;2025-07;2025-08;2025-09;2025-10;2025-11;2025-12,13652,1.432,False
成就节点,graduation,white graduation dress women,5,2025-02;2025-03;2025-04;2025-05;2025-06,13758,,False
成就节点,graduation,graduation decor,5,2025-03;2025-04;2025-05;2025-06;2025-07,13803,,False
成就节点,graduation,graduation centerpieces for tables,5,2025-03;2025-04;2025-05;2025-06;2025-07,13854,,False
成就节点,graduation,high school graduation gifts for her,3,2025-04;2025-05;2025-06,14278,,False
成就节点,graduation,graduation bear,3,2025-04;2025-05;2025-06,14335,,False
成就节点,graduation,pink graduation decorations 2025,4,2025-03;2025-04;2025-05;2025-06,14417,,False
成就节点,graduation,kindergarten graduation decorations,3,2025-04;2025-05;2025-06,14600,,False
成就节点,graduation,graduation plates and napkins 2025,4,2025-03;2025-04;2025-05;2025-06,15163,,False
成就节点,graduation,graduation banner class of 2025,4,2025-03;2025-04;2025-05;2025-06,15234,,False
成就节点,graduation,graduation cap topper,5,2025-02;2025-03;2025-04;2025-05;2025-06,15339,,False
成就节点,graduation,oh the places you'll go graduation,3,2025-04;2025-05;2025-06,15542,,False
成就节点,graduation,amazon gift card graduation,3,2025-04;2025-05;2025-06,15559,,False
成就节点,graduation,graduation thank you cards 2025,4,2025-04;2025-05;2025-06;2025-07,16183,,False
成就节点,graduation,college graduation gifts for women,4,2025-04;2025-05;2025-06;2025-12,16381,,False
成就节点,graduation,headband for graduation cap,3,2025-04;2025-05;2025-06,16889,,False
成就节点,graduation,8th grade graduation gifts,3,2025-04;2025-05;2025-06,17784,,False
成就节点,graduation,amazon gift card graduation 2025,4,2025-04;2025-05;2025-06;2025-07,17883,,False
成就节点,graduation,graduation dresses for mothers,4,2025-03;2025-04;2025-05;2025-06,18079,,False
成就节点,graduation,graduation napkins,4,2025-03;2025-04;2025-05;2025-06,18184,,False
成就节点,retirement,retirement card,12,2025-01;2025-02;2025-03;2025-04;2025-05;2025-06;2025-07;2025-08;2025-09;2025-10;2025-11;2025-12,18305,1.479,False
成就节点,graduation,graduation gift bag,3,2025-04;2025-05;2025-06,18429,,False
成就节点,graduation,graduation yard sign,3,2025-04;2025-05;2025-06,18723,,False
成就节点,graduation,cap decorations for graduation,4,2025-03;2025-04;2025-05;2025-06,18855,,False
成就节点,graduation,graduation cupcake toppers,4,2025-04;2025-05;2025-06;2025-07,18861,,False
成就节点,graduation,graduation leis,3,2025-04;2025-05;2025-06,19004,,False
成就节点,graduation,preschool graduation,3,2025-04;2025-05;2025-06,19311,,False
成就节点,graduation,pre k graduation gifts,3,2025-04;2025-05;2025-06,19650,,False
成就节点,graduation,graduation balloons class of 2025,3,2025-04;2025-05;2025-06,19837,,False
成就节点,graduation,graduation cake topper class of 2025,3,2025-04;2025-05;2025-06,19853,,False
成就节点,graduation,graduation tablecloth,3,2025-04;2025-05;2025-06,20337,,False
成就节点,graduation,graduation leis class of 2025,3,2025-04;2025-05;2025-06,20931,,False
成就节点,graduation,graduation stole class of 2025,4,2025-03;2025-04;2025-05;2025-06,21207,,False
成就节点,graduation,graduation outfits for women 2025,4,2025-03;2025-04;2025-05;2025-06,21386,,False
成就节点,retirement,retirement gifts,12,2025-01;2025-02;2025-03;2025-04;2025-05;2025-06;2025-07;2025-08;2025-09;2025-10;2025-11;2025-12,21488,1.977,False
成就节点,graduation,graduation cap headband insert,2,2025-04;2025-05,21675,,False
成就节点,graduation,graduation backdrop 2025,4,2025-03;2025-04;2025-05;2025-06,21834,,False
成就节点,graduation,graduation stickers,4,2025-03;2025-04;2025-05;2025-06,22334,,False
成就节点,graduation,graduation money holder 2025,3,2025-04;2025-05;2025-06,23430,,False
成就节点,graduation,mexican graduation sash,4,2025-03;2025-04;2025-05;2025-06,23573,,False
成就节点,graduation,card box for graduation party 2025,4,2025-04;2025-05;2025-06;2025-07,23723,,False
成就节点,graduation,graduation table decorations 2025,4,2025-03;2025-04;2025-05;2025-06,23828,,False
成就节点,graduation,graduation plush,3,2025-04;2025-05;2025-06,24361,,False
成就节点,graduation,graduation headband for cap,3,2025-04;2025-05;2025-06,24778,,False
成就节点,graduation,graduation stuffed animal,3,2025-04;2025-05;2025-06,24783,,False
成就节点,graduation,hello kitty graduation plush,3,2025-04;2025-05;2025-06,24783,,False
成就节点,retirement,retirement decorations,12,2025-01;2025-02;2025-03;2025-04;2025-05;2025-06;2025-07;2025-08;2025-09;2025-10;2025-11;2025-12,25300,1.587,False
成就节点,graduation,graduation guest dress,3,2025-04;2025-05;2025-06,25414,,False
成就节点,graduation,graduation gift card amazon,3,2025-05;2025-06;2025-07,25676,,False
成就节点,graduation,graduation bears class of 2025,3,2025-04;2025-05;2025-06,25734,,False
成就节点,graduation,graduation 2025,6,2025-01;2025-02;2025-03;2025-04;2025-05;2025-06,26612,0.293,False
成就节点,graduation,8th grade graduation decorations,3,2025-04;2025-05;2025-06,26822,,False
成就节点,graduation,graduation cap and gown,8,2025-01;2025-02;2025-03;2025-04;2025-05;2025-06;2025-09;2025-10,27266,2.235,False
成就节点,graduation,white dresses for graduation,6,2025-01;2025-02;2025-03;2025-04;2025-05;2025-06,27639,0.211,False
成就节点,graduation,graduation gifts 2025,3,2025-04;2025-05;2025-06,27643,,False
成就节点,graduation,graduation dress white,4,2025-03;2025-04;2025-05;2025-06,27756,,False
成就节点,graduation,money leis for graduation 2025,3,2025-04;2025-05;2025-06,28059,,False
成就节点,graduation,graduation cards bulk,3,2025-04;2025-05;2025-06,28096,,False
成就节点,graduation,preschool graduation decorations,3,2025-04;2025-05;2025-06,28107,,False
成就节点,graduation,high school graduation gifts for him,3,2025-04;2025-05;2025-06,28186,,False
成就节点,graduation,graduation invitations 2025,4,2025-02;2025-03;2025-04;2025-05,28386,,False
成就节点,graduation,dress for graduation for women,3,2025-04;2025-05;2025-06,28693,,False
成就节点,graduation,graduation party,4,2025-03;2025-04;2025-05;2025-06,28741,,False
成就节点,graduation,2025 tassel graduation,5,2025-02;2025-03;2025-04;2025-05;2025-06,29623,,False
成就节点,graduation,pre k graduation cap and gown,3,2025-04;2025-05;2025-06,29623,,False
成就节点,graduation,graduation gown,6,2025-02;2025-03;2025-04;2025-05;2025-06;2025-10,30073,1.045,False
成就节点,graduation,prek graduation gift,3,2025-04;2025-05;2025-06,30380,,False
成就节点,graduation,college graduation gifts,2,2025-04;2025-05,30537,,False
成就节点,graduation,graduation sash 2025,3,2025-04;2025-05;2025-06,30551,,False
成就节点,graduation,graduation dresses for teens,3,2025-04;2025-05;2025-06,30804,,False
成就节点,graduation,graduation dress for girls,2,2025-05;2025-06,31533,,False
成就节点,graduation,graduation party supplies,4,2025-03;2025-04;2025-05;2025-06,31688,,False
成就节点,graduation,graduation wrapping paper,3,2025-04;2025-05;2025-06,31743,,False
成就节点,graduation,kids graduation cap and gown,3,2025-04;2025-05;2025-06,32448,,False
成就节点,graduation,graduation cake decorations,3,2025-04;2025-05;2025-06,33747,,False
成就节点,graduation,white dress graduation,4,2025-03;2025-04;2025-05;2025-06,33847,,False
成就节点,graduation,5th grade graduation decorations,3,2025-04;2025-05;2025-06,34069,,False
成就节点,graduation,black and gold graduation decorations,3,2025-04;2025-05;2025-06,34362,,False
成就节点,graduation,graduation gift box,3,2025-04;2025-05;2025-06,34642,,False
成就节点,graduation,graduation candy,3,2025-04;2025-05;2025-06,35027,,False
成就节点,graduation,2025 graduation party decorations,4,2025-02;2025-03;2025-04;2025-05,35545,,False
成就节点,graduation,blue and gold graduation decorations 2025,3,2025-04;2025-05;2025-06,35703,,False
成就节点,retirement,teacher retirement gifts for women,4,2025-03;2025-04;2025-05;2025-06,35841,,False
成就节点,graduation,graduation photo props,3,2025-04;2025-05;2025-06,36066,,False
成就节点,graduation,graduation cups,3,2025-04;2025-05;2025-06,36267,,False
成就节点,marathon,grace and henry's holiday movie marathon book,2,2025-11;2025-12,36617,,False
成就节点,graduation,graduation gift cards,3,2025-04;2025-05;2025-06,36888,,False
成就节点,graduation,graduation guest book 2025,4,2025-03;2025-04;2025-05;2025-06,37126,,False
成就节点,graduation,first generation graduation stole,3,2025-03;2025-04;2025-05,37272,,False
成就节点,graduation,high school graduation card,3,2025-04;2025-05;2025-06,37540,,False
成就节点,graduation,graduation money box,3,2025-04;2025-05;2025-06,37585,,False
成就节点,graduation,graduation table decorations,3,2025-04;2025-05;2025-06,38068,,False
成就节点,graduation,5th grade graduation,3,2025-04;2025-05;2025-06,39161,,False
成就节点,graduation,graduation stoles,3,2025-04;2025-05;2025-06,39211,,False
成就节点,graduation,graduation thank you cards,4,2025-04;2025-05;2025-06;2025-07,39505,,False
成就节点,graduation,graduation centerpieces,3,2025-04;2025-05;2025-06,39766,,False
成就节点,graduate,proud mom of a 2025 graduate shirt,2,2025-04;2025-05,40104,,False
成就节点,graduation,graduation gifts for her 2025,3,2025-04;2025-05;2025-06,40285,,False
成就节点,graduation,red and black graduation decorations 2025,3,2025-04;2025-05;2025-06,40379,,False
成就节点,graduation,short white dresses for graduation,3,2025-03;2025-04;2025-05,40461,,False
成就节点,graduate,the graduate,11,2025-01;2025-02;2025-03;2025-04;2025-05;2025-06;2025-07;2025-08;2025-09;2025-10;2025-11,40519,1.371,False
成就节点,graduation,custom graduation stole,4,2025-03;2025-04;2025-05;2025-06,40631,,False
成就节点,graduation,graduation napkins 2025,3,2025-04;2025-05;2025-06,40726,,False
成就节点,graduation,graduation cap headband clear,1,2025-05,41189,,False
成就节点,graduation,graduation cookie cutters,3,2025-04;2025-05;2025-06,41580,,False
成就节点,graduation,graduation cord,2,2025-04;2025-05,41602,,False
成就节点,graduation,black graduation cap,4,2025-03;2025-04;2025-05;2025-06,41711,,False
成就节点,graduation,graduation teddy bear 2025,3,2025-04;2025-05;2025-06,41752,,False
成就节点,graduation,prek graduation cap and gown,2,2025-04;2025-05,41821,,False
成就节点,graduation,masters degree graduation gifts,3,2025-04;2025-05;2025-12,42123,,False
成就节点,graduation,maroon graduation decorations 2025,3,2025-04;2025-05;2025-06,42636,,False
成就节点,graduation,graduation stuffed animal 2025,3,2025-04;2025-05;2025-06,43264,,False
成就节点,retirement,happy retirement decorations,12,2025-01;2025-02;2025-03;2025-04;2025-05;2025-06;2025-07;2025-08;2025-09;2025-10;2025-11;2025-12,43324,1.455,False
成就节点,graduation,college graduation decorations 2025,3,2025-03;2025-04;2025-05,43353,,False
成就节点,graduation,graduation sign,3,2025-04;2025-05;2025-06,43370,,False
成就节点,graduation,middle school graduation gifts,2,2025-05;2025-06,43643,,False
成就节点,graduation,graduation guest book,3,2025-04;2025-05;2025-06,43834,,False
成就节点,graduation,white mini dress graduation,3,2025-03;2025-04;2025-05,44271,,False
成就节点,graduation,graduation heels,3,2025-03;2025-04;2025-05,44453,,False
成就节点,graduation,funny graduation card,3,2025-04;2025-05;2025-06,45360,,False
成就节点,graduation,kindergarten graduation sash,2,2025-05;2025-06,45469,,False
成就节点,graduation,graduation bouquet,2,2025-05;2025-06,45652,,False
成就节点,graduation,graduation gifts bulk,2,2025-04;2025-05,45853,,False
成就节点,graduation,kindergarten graduation dress,2,2025-04;2025-05,45895,,False
成就节点,graduation,graduation announcements 2025,3,2025-03;2025-04;2025-05,45900,,False
成就节点,graduation,graduation card box 2025,4,2025-03;2025-04;2025-05;2025-06,46034,,False
成就节点,graduation,high school graduation gifts,3,2025-04;2025-05;2025-06,46057,,False
成就节点,graduate,will the pigeon graduate,4,2025-03;2025-04;2025-05;2025-06,46157,,False
成就节点,graduation,graduation stickers class of 2025,3,2025-04;2025-05;2025-06,46197,,False
成就节点,graduation,thank you cards with envelopes graduation,2,2025-05;2025-06,46484,,False
成就节点,graduation,graduation cards pack,3,2025-04;2025-05;2025-06,46500,,False
成就节点,graduation,personalized graduation gifts,2,2025-04;2025-05,46548,,False
成就节点,graduation,tassels for graduation cap 2025,2,2025-04;2025-05,46584,,False
成就节点,graduation,2025 graduation,5,2025-01;2025-02;2025-03;2025-04;2025-05,47147,,False
成就节点,retirement,retirement gift,12,2025-01;2025-02;2025-03;2025-04;2025-05;2025-06;2025-07;2025-08;2025-09;2025-10;2025-11;2025-12,47374,1.315,False
成就节点,marathon,brittany runs a marathon,11,2025-01;2025-02;2025-03;2025-04;2025-05;2025-06;2025-07;2025-08;2025-09;2025-10;2025-11,47375,2.963,False
成就节点,graduation,graduation cap cake topper,3,2025-04;2025-05;2025-06,47927,,False
成就节点,graduation,purple graduation decorations 2025,3,2025-04;2025-05;2025-06,48532,,False
成就节点,graduation,graduation ribbon,3,2025-04;2025-05;2025-06,48861,,False
成就节点,graduation,graduation cap decorations kit,4,2025-03;2025-04;2025-05;2025-06,49030,,False
成就节点,graduation,graduation money holder,3,2025-04;2025-05;2025-06,49512,,False
成就节点,graduation,mini graduation caps,3,2025-04;2025-05;2025-06,49630,,False
成就节点,graduation,graduation gift bags,3,2025-04;2025-05;2025-06,49871,,False
成就节点,graduation,elementary school graduation gifts,2,2025-05;2025-06,50357,,False
成就节点,graduation,pink graduation cord,2,2025-04;2025-05,50842,,False
成就节点,graduation,girls graduation dress,2,2025-05;2025-06,50957,,False
成就节点,graduate,congratulations graduate banner,2,2025-05;2025-06,51019,,False
成就节点,graduation,graduation headband,3,2025-04;2025-05;2025-06,51299,,False
成就节点,graduation,cake topper graduation 2025,2,2025-05;2025-06,51647,,False
成就节点,graduation,graduation hat headband,2,2025-04;2025-05,51758,,False
成就节点,graduation,college graduation card,3,2025-04;2025-05;2025-12,52089,,False
成就节点,graduation,graduation favors,3,2025-04;2025-05;2025-06,52193,,False
成就节点,graduation,graduation gifts for girls,3,2025-04;2025-05;2025-06,52445,,False
成就节点,graduation,graduation dress for mom,2,2025-04;2025-05,53605,,False
成就节点,graduation,blue graduation decorations 2025,3,2025-04;2025-05;2025-06,53764,,False
成就节点,graduation,graduation decorations 2025 pink,4,2025-03;2025-04;2025-05;2025-06,53764,,False
成就节点,graduation,graduation wrapping paper 2025,2,2025-04;2025-05,53903,,False
成就节点,graduation,graduation tassel photo charm,2,2025-04;2025-05,53972,,True
成就节点,graduation,amazon graduation gift cards 2025,3,2025-04;2025-05;2025-06,54078,,False
成就节点,graduation,kindergarten graduation gifts for boys,2,2025-05;2025-06,54230,,False
成就节点,graduation,graduation balloon arch,3,2025-04;2025-05;2025-06,54689,,False
成就节点,graduation,8th grade graduation gifts for girls,2,2025-05;2025-06,55031,,False
成就节点,graduation,pink graduation cap and gown,3,2025-03;2025-04;2025-05,55241,,False
成就节点,graduation,dresses for graduation,2,2025-04;2025-05,55531,,False
成就节点,graduation,graduation signs class of 2025,3,2025-04;2025-05;2025-06,55611,,False
成就节点,graduation,college graduation gifts for him,2,2025-04;2025-05,55860,,False
成就节点,graduation,graduation fans,2,2025-04;2025-05,55889,,False
成就节点,graduation,graduation photo backdrop,3,2025-04;2025-05;2025-06,55928,,False
成就节点,graduation,plus size graduation dresses,3,2025-03;2025-04;2025-05,56400,,False
成就节点,graduation,green and gold graduation decorations 2025,3,2025-04;2025-05;2025-06,56810,,False
成就节点,graduation,graduation shoes,2,2025-04;2025-05,57742,,False
成就节点,graduation,2025 graduation banner,3,2025-04;2025-05;2025-06,57962,,False
成就节点,graduation,graduation confetti,3,2025-04;2025-05;2025-06,58775,,False
成就节点,graduation,8th grade graduation dresses,2,2025-04;2025-05,59252,,False
成就节点,graduation,amazon graduation gift card,2,2025-05;2025-06,60365,,False
成就节点,graduation,graduation necklace class of 2025,2,2025-04;2025-05,60514,,True
成就节点,graduation,graduation bracelet 2025,2,2025-04;2025-05,60830,,True
成就节点,graduation,graduation picture frame,3,2025-04;2025-05;2025-06,60975,,False
成就节点,graduation,dog graduation cap and gown,2,2025-04;2025-05,61226,,False
成就节点,graduation,graduation centerpieces for tables 2025,4,2025-03;2025-04;2025-05;2025-06,61407,,False
成就节点,graduation,black graduation gown,4,2025-03;2025-04;2025-05;2025-10,61679,,False
成就节点,graduation,white dress for graduation,3,2025-03;2025-04;2025-05,61732,,False
成就节点,retirement,happy retirement banner,12,2025-01;2025-02;2025-03;2025-04;2025-05;2025-06;2025-07;2025-08;2025-09;2025-10;2025-11;2025-12,61923,1.302,False
成就节点,graduation,graduation gifts for boys,2,2025-05;2025-06,63458,,False
成就节点,graduation,graduation banners,3,2025-04;2025-05;2025-06,63505,,False
成就节点,graduation,purple and gold graduation decorations,3,2025-04;2025-05;2025-06,63959,,False
成就节点,retirement,retirement banner,12,2025-01;2025-02;2025-03;2025-04;2025-05;2025-06;2025-07;2025-08;2025-09;2025-10;2025-11;2025-12,64199,1.186,False
成就节点,graduation,graduation squishmallow,2,2025-05;2025-06,64695,,False
成就节点,graduation,graduation tassel,3,2025-04;2025-05;2025-06,65462,,False
成就节点,graduation,candy leis for graduation 2025,2,2025-05;2025-06,65651,,False
成就节点,graduation,graduation frame,3,2025-04;2025-05;2025-06,65955,,False
成就节点,retirement,retirement card for woman,12,2025-01;2025-02;2025-03;2025-04;2025-05;2025-06;2025-07;2025-08;2025-09;2025-10;2025-11;2025-12,66149,1.272,False
成就节点,graduation,graduation party favors for guests,3,2025-04;2025-05;2025-06,66391,,False
成就节点,graduation,graduation box,2,2025-05;2025-06,66516,,False
成就节点,graduation,graduation caps,3,2025-04;2025-05;2025-06,66626,,False
成就节点,graduation,graduation hat,3,2025-04;2025-05;2025-06,67441,,False
成就节点,graduation,amazon gift cards physical graduation,2,2025-05;2025-06,67464,,False
成就节点,graduation,graduation stole customize,2,2025-04;2025-05,67730,,False
成就节点,graduation,8th grade graduation gifts for boys,2,2025-05;2025-06,67800,,False
成就节点,graduation,graduation cake toppers,2,2025-04;2025-05,68201,,False
成就节点,graduation,yard sign graduation 2025,1,2025-05,68631,,False
成就节点,graduation,graduation 2025 decorations,3,2025-04;2025-05;2025-06,68652,,False
成就节点,graduation,graduation hat decorations,3,2025-04;2025-05;2025-06,68731,,False
成就节点,graduation,dresses for graduation for women,2,2025-04;2025-05,68939,,False
成就节点,graduation,graduation favors for guests 2025,3,2025-04;2025-05;2025-06,68978,,False
成就节点,graduation,money bouquet kit graduation 2025,1,2025-05,69040,,False
成就节点,graduation,pre k graduation decorations,2,2025-05;2025-06,69040,,False
成就节点,graduation,graduation gown and cap 2025,2,2025-04;2025-05,69126,,False
成就节点,graduation,dress for graduation,2,2025-04;2025-05,69414,,False
成就节点,graduation,graduation bracelet,2,2025-04;2025-05,69495,,True
成就节点,retirement,best retirement gifts for woman,3,2025-01;2025-02;2025-03,69518,,False
成就节点,graduation,green graduation decorations 2025,3,2025-04;2025-05;2025-06,69533,,False
成就节点,graduation,white graduation dresses for college,2,2025-03;2025-04,70019,,False
成就节点,graduation,nurse graduation gifts for women,2,2025-04;2025-05,70093,,False
成就节点,graduation,2025 graduation tassel,3,2025-03;2025-04;2025-05,70162,,False
成就节点,graduation,graduation cards money holder,1,2025-05,70162,,False
成就节点,graduation,graduation accessories,2,2025-04;2025-05,70193,,False
成就节点,graduation,8th grade graduation card,2,2025-05;2025-06,70214,,False
成就节点,graduation,graduation tassel 2025,3,2025-03;2025-04;2025-05,70869,,False
成就节点,graduation,white graduation dresses,3,2025-03;2025-04;2025-05,71277,,False
成就节点,graduation,pre k graduation,1,2025-05,71908,,False
成就节点,graduation,graduation necklace,1,2025-05,71925,,True
成就节点,graduation,graduation table cloths,2,2025-05;2025-06,72287,,False
成就节点,graduation,red graduation decorations 2025,3,2025-04;2025-05;2025-06,72636,,False
成就节点,retirement,retirement,12,2025-01;2025-02;2025-03;2025-04;2025-05;2025-06;2025-07;2025-08;2025-09;2025-10;2025-11;2025-12,72687,1.569,False
成就节点,graduation,2025 balloons graduation,2,2025-04;2025-05,72948,,False
成就节点,graduation,mom graduation dress,2,2025-04;2025-05,73076,,False
成就节点,graduation,graduation balloon arch kit 2025,2,2025-04;2025-05,73334,,False
成就节点,graduation,graduation dress plus size,2,2025-04;2025-05,73834,,False
成就节点,graduation,pink graduation decorations,3,2025-04;2025-05;2025-06,73916,,False
成就节点,graduation,high school graduation decorations 2025,2,2025-04;2025-05,74206,,False
成就节点,graduation,graduation fans with photo 2025,2,2025-04;2025-05,74286,,False
成就节点,graduation,graduation yard signs,2,2025-04;2025-05,74445,,False
成就节点,graduation,graduation photo banner,3,2025-04;2025-05;2025-06,74649,,False
成就节点,graduation,prek graduation decorations,2,2025-05;2025-06,74838,,False
成就节点,graduation,white graduation stole,3,2025-03;2025-04;2025-05,74922,,False
成就节点,graduation,personalized graduation banner,2,2025-04;2025-05,75243,,False
成就节点,graduation,preschool graduation sash,2,2025-05;2025-06,75515,,False
成就节点,graduation,law school graduation gifts,1,2025-05,75538,,False
成就节点,graduation,graduation gift for her,1,2025-05,75565,,False
成就节点,graduation,graduation shadow box,2,2025-05;2025-06,76005,,False
成就节点,retirement,retirement gifts for women 2025,8,2025-01;2025-02;2025-03;2025-04;2025-05;2025-06;2025-07;2025-08,76108,1.127,False
成就节点,graduation,graduation outfit,2,2025-04;2025-05,76154,,False
成就节点,graduation,graduation teddy bear,2,2025-05;2025-06,76511,,False
成就节点,graduation,graduation shirts 2025 for family,2,2025-04;2025-05,76535,,False
成就节点,graduation,graduation confetti class of 2025,2,2025-04;2025-05,76985,,False
成就节点,graduation,graduation 2025 gifts,2,2025-04;2025-05,77088,,False
成就节点,promotion,the promotion,1,2025-12,77317,,False
成就节点,graduate,advice for the graduate 2025,3,2025-04;2025-05;2025-06,77950,,False
成就节点,graduation,graduation gift for him,1,2025-05,78048,,False
成就节点,graduation,2025 graduation yard sign,1,2025-05,79082,,False
成就节点,graduation,male graduation gifts,1,2025-04,79104,,False
成就节点,graduation,mexican graduation stole,2,2025-04;2025-05,79168,,False
成就节点,graduation,graduation gift bags 2025,2,2025-04;2025-05,79452,,False
成就节点,graduation,graduation hello kitty,1,2025-05,79529,,False
成就节点,graduation,graduation yard decorations 2025,1,2025-05,79654,,False
成就节点,graduation,nurse graduation gift,3,2025-04;2025-05;2025-12,80127,,False
成就节点,graduation,graduation games,3,2025-04;2025-05;2025-06,80443,,False
成就节点,graduation,graduation party dress,2,2025-05;2025-06,80823,,False
成就节点,graduation,graduation party invitations 2025,3,2025-03;2025-04;2025-05,80844,,False
成就节点,graduation,graduation signature book,2,2025-05;2025-06,80878,,False
成就节点,graduation,graduation gifts for him 2025,1,2025-05,81110,,False
成就节点,graduation,graduation book to sign 2025,3,2025-04;2025-05;2025-06,81572,,False
成就节点,graduation,8th grade graduation,1,2025-05,81651,,False
成就节点,graduation,graduation shirts,1,2025-05,81840,,False
成就节点,graduation,nursing graduation gifts,2,2025-04;2025-05,82550,,False
成就节点,graduation,graduation lei accessories,1,2025-05,82598,,False
成就节点,graduation,kids graduation cap,1,2025-05,82598,,False
成就节点,graduation,college graduation dresses,2,2025-03;2025-04,82984,,False
成就节点,graduation,orange and black graduation decorations,3,2025-04;2025-05;2025-06,83072,,False
成就节点,graduation,graduation decoration,2,2025-05;2025-06,83604,,False
成就节点,graduation,letters for graduation cap,2,2025-05;2025-06,83745,,False
成就节点,graduation,pink cords for graduation,1,2025-05,83968,,False
成就节点,graduation,graduation flower bouquet,1,2025-05,84100,,False
成就节点,marathon,grace and henrys holiday movie marathon,1,2025-12,84292,,False
成就节点,graduate,graduate gifts,1,2025-05,84589,,False
成就节点,retirement,retirement gift for men,2,2025-04;2025-05,84812,,False
成就节点,graduation,guest book for graduation party 2025,2,2025-05;2025-06,85004,,False
成就节点,graduation,girl graduation gifts 2025,1,2025-05,85608,,False
成就节点,graduation,5th grade graduation dress,1,2025-05,85786,,False
成就节点,graduation,graduation candy 2025,1,2025-05,86108,,False
成就节点,retirement,cool retirement gifts,1,2025-04,86116,,False
成就节点,graduation,kids graduation gifts,1,2025-05,86169,,False
成就节点,graduation,graduation gifts for kids,2,2025-05;2025-06,86448,,False
成就节点,graduation,graduation dress for women,4,2025-02;2025-03;2025-04;2025-05,86856,,False
成就节点,graduation,graduation amazon gift card,1,2025-05,87506,,False
成就节点,graduation,graduation bags,1,2025-05,87559,,False
成就节点,citizenship,citizenship flash cards 2025,10,2025-01;2025-02;2025-03;2025-04;2025-05;2025-06;2025-07;2025-08;2025-09;2025-10,88316,1.896,False
成就节点,graduation,graduation squishmallow 2025,1,2025-05,88403,,False
成就节点,graduation,graduation decorations 2025 blue,1,2025-05,88903,,False
成就节点,graduation,kindergarten graduation cap,1,2025-05,89114,,False
成就节点,graduation,graduation sash customize,2,2025-04;2025-05,89673,,False
成就节点,graduation,graduation lawn signs class of 2025,2,2025-05;2025-06,89705,,False
成就节点,graduation,kindergarten graduation shirt,1,2025-05,89705,,False
成就节点,graduation,graduation backdrops for photoshoot,2,2025-04;2025-05,89956,,False
成就节点,graduation,graduation cupcake liners,1,2025-05,90057,,False
成就节点,marathon,marathon essentials,12,2025-01;2025-02;2025-03;2025-04;2025-05;2025-06;2025-07;2025-08;2025-09;2025-10;2025-11;2025-12,90215,0.991,False
成就节点,graduation,toddler graduation dress,1,2025-05,90513,,False
成就节点,graduation,graduation flowers,1,2025-05,90625,,False
成就节点,graduation,toddler graduation cap and gown,1,2025-05,90779,,False
成就节点,graduation,balloon arch kit graduation 2025,1,2025-05,91333,,False
成就节点,graduation,maroon and gold graduation decorations,2,2025-04;2025-05,91725,,False
成就节点,graduation,kinder graduation gifts,1,2025-05,91820,,False
成就节点,graduation,graduation+decorations+2025+deals,1,2025-04,92367,,False
成就节点,graduation,graduation ducks,2,2025-04;2025-05,92446,,False
成就节点,graduation,stitch graduation 2025,1,2025-05,93176,,False
成就节点,graduation,bulk graduation gifts,2,2025-04;2025-05,93996,,False
成就节点,graduation,kindergarten graduation gifts for girls,1,2025-05,94285,,False
成就节点,retirement,tax planning to and through early retirement,2,2025-09;2025-10,94676,,False
成就节点,graduation,christian graduation gifts,1,2025-05,94740,,False
成就节点,graduation,graduation bears,1,2025-05,94771,,False
成就节点,graduation,graduation plush 2025,1,2025-05,94930,,False
成就节点,graduation,graduation chocolate mold,1,2025-05,95561,,False
成就节点,graduation,ribbon leis for graduation 2025,1,2025-05,95822,,False
成就节点,graduation,graduation duck,1,2025-05,96149,,False
成就节点,graduation,graduation cookie cutters 2025,2,2025-04;2025-05,96230,,False
成就节点,graduation,gift card graduation,2,2025-05;2025-06,96346,,False
成就节点,graduation,lei graduation 2025,1,2025-05,96844,,False
成就节点,graduation,graduation invitations,3,2025-03;2025-04;2025-05,96910,,False
成就节点,graduation,graduation cords pack,1,2025-05,97120,,False
成就节点,graduation,graduation dessert plates,1,2025-05,97153,,False
成就节点,graduation,preschool graduation gifts,1,2025-05,97955,,False
成就节点,graduation,graduation balloon,1,2025-05,98080,,False
成就节点,graduation,red graduation dress,3,2025-03;2025-04;2025-05,98221,,False
成就节点,graduation,nurse graduation party decorations,2,2025-04;2025-05,98342,,False
成就节点,graduation,graduation outfit for mom,1,2025-05,98378,,False
成就节点,graduation,mexican stoles for graduation 2025,2,2025-04;2025-05,98768,,False
成就节点,graduation,prek graduation,1,2025-05,99482,,False
成就节点,graduation,graduation boxes 2025,1,2025-05,99910,,False
成就节点,retirement,teacher retirement gifts,1,2025-05,100139,,False
成就节点,graduation,graduation plates 2025,1,2025-05,100224,,False
成就节点,graduation,masters graduation gown,2,2025-04;2025-05,100524,,False
成就节点,graduation,teen graduation dresses,1,2025-05,100524,,False
成就节点,graduation,2025 light up numbers for graduation,2,2025-04;2025-05,100897,,False
成就节点,graduation,air horn for graduation,2,2025-05;2025-06,101058,,False
成就节点,graduation,dominican graduation stole,2,2025-05;2025-06,101156,,False
成就节点,graduation,graduation cake decorations 2025,1,2025-05,101474,,False
成就节点,graduation,blue and yellow graduation decorations,1,2025-05,101632,,False
成就节点,graduation,graduation ribbon 2025,1,2025-05,101930,,False
成就节点,graduation,graduation money lei,1,2025-05,101975,,False
成就节点,graduation,pandora graduation charm 2025,1,2025-05,102061,,True
成就节点,graduation,graduation table decor,1,2025-05,102239,,False
成就节点,graduation,pre school graduation gifts,1,2025-05,102239,,False
成就节点,graduation,graduation molds for chocolate,1,2025-05,102324,,False
成就节点,graduation,graduation jewelry,2,2025-04;2025-05,102680,,True
成就节点,graduation,hello kitty graduation decorations,1,2025-05,103108,,False
成就节点,graduation,college graduation gifts for her,2,2025-04;2025-05,103153,,False
成就节点,graduation,2025 graduation balloons,1,2025-05,103644,,False
成就节点,graduation,graduation photo booth props,1,2025-05,103718,,False
成就节点,graduation,graduation picture display,1,2025-05,103718,,False
成就节点,graduation,white short dresses for graduation,2,2025-04;2025-05,105217,,False
成就节点,graduation,graduation trip: mallorca,1,2025-06,105474,,False
成就节点,graduation,graduation gift for son,1,2025-05,105780,,False
成就节点,graduation,graduation cap insert,1,2025-05,105970,,False
成就节点,graduation,graduation goodie bags,1,2025-05,106054,,False
成就节点,graduation,graduation cap balloon,1,2025-05,106443,,False
成就节点,graduation,head band for graduation cap,1,2025-05,106443,,False
成就节点,graduation,blue and white graduation decorations,1,2025-05,106667,,False
成就节点,marathon,marathon man,2,2025-06;2025-07,106677,,False
成就节点,graduation,gift cards amazon ecard graduation,1,2025-05,106712,,False
成就节点,graduation,graduation cap and gown for kids,1,2025-05,106750,,False
成就节点,graduation,preschool graduation cap,1,2025-05,106799,,False
成就节点,retirement,retirement gift basket for women,5,2025-04;2025-05;2025-06;2025-07;2025-08,107210,,False
成就节点,graduation,graduation guest dresses for women,2,2025-04;2025-05,108200,,False
成就节点,graduation,pre school graduation cap and gown,1,2025-05,108441,,False
成就节点,graduation,bulk graduation cards,1,2025-05,108536,,False
成就节点,graduation,cap toppers for graduation,2,2025-04;2025-05,109398,,False
成就节点,graduation,graduation ornament 2025,2,2025-11;2025-12,109427,,False
成就节点,graduation,el salvador graduation sash,1,2025-05,109457,,False
成就节点,graduation,dog graduation cap,3,2025-03;2025-04;2025-05,109613,,False
成就节点,graduation,graduation decorations 2025 green,2,2025-04;2025-05,109638,,False
成就节点,graduation,graduation signs,1,2025-05,109638,,False
成就节点,graduation,graduation hat cake topper,1,2025-05,109856,,False
成就节点,graduation,6th grade graduation gifts,1,2025-05,109904,,False
成就节点,graduation,graduation banner 2025,1,2025-05,109955,,False
成就节点,graduation,graduation plates and napkins,1,2025-05,109955,,False
成就节点,retirement,the retirement plan,2,2025-05;2025-06,110130,,False
成就节点,graduation,graduation table centerpieces,2,2025-04;2025-05,110188,,False
成就节点,graduation,graduation advice cards 2025,1,2025-05,110759,,False
成就节点,graduation,kindergarten graduation gift,1,2025-05,110759,,False
成就节点,graduation,graduation party decor,1,2025-05,110810,,False
成就节点,graduation,graduation keychain 2025,1,2025-05,111398,,False
成就节点,graduate,graduate yard sign 2025,1,2025-05,111545,,False
成就节点,graduation,pink graduation dress,1,2025-05,111604,,False
成就节点,graduation,cute kids graduation dresses,1,2025-05,111743,,False
成就节点,graduation,lei for graduation 2025,1,2025-05,112431,,False
成就节点,graduation,high school graduation gifts for boys,1,2025-05,113725,,False
成就节点,graduation,stoles for graduation 2025 customize,1,2025-05,113880,,False
成就节点,graduation,white graduation dress for girls,1,2025-05,113966,,False
成就节点,graduation,graduation car decorations 2025,1,2025-05,114064,,False
成就节点,graduation,5th grade graduation cap and gown,1,2025-05,114506,,False
成就节点,retirement,retirement decorations for women,5,2025-02;2025-03;2025-04;2025-05;2025-06,114973,,False
成就节点,graduation,graduation bag,1,2025-05,115403,,False
成就节点,graduation,2025 graduation table decorations,1,2025-05,115522,,False
成就节点,graduation,graduation book,1,2025-05,115907,,False
成就节点,graduation,graduation molds,1,2025-05,116336,,False
成就节点,graduation,haitian graduation stole,1,2025-05,118091,,False
成就节点,graduate,proud dad of a 2025 graduate shirt,1,2025-05,118136,,False
成就节点,graduation,graduation frame with tassel holder,2,2025-05;2025-06,118303,,False
成就节点,graduation,graduation cupcake stand,1,2025-05,118461,,False
成就节点,graduation,graduation decorations 2025 blue and gold,2,2025-04;2025-05,119282,,False
成就节点,graduation,graduation guest outfit for women,1,2025-05,119282,,False
成就节点,graduation,leis for graduation 2025,1,2025-05,119403,,False
成就节点,graduation,graduation candle,1,2025-05,119785,,False
成就节点,graduation,red and blue graduation decorations 2025,1,2025-05,119857,,False
成就节点,citizenship,us citizenship test study guide 2025,3,2025-01;2025-02;2025-03,119866,,False
成就节点,graduation,graduation welcome sign,1,2025-05,119908,,False
成就节点,graduation,graduation games for parties 2025,1,2025-05,120043,,False
成就节点,graduation,phd graduation gifts,2,2025-04;2025-05,120164,,False
成就节点,graduation,2026 graduation decorations,7,2025-05;2025-06;2025-07;2025-08;2025-09;2025-10;2025-12,120516,0.869,False
成就节点,graduation,happy graduation banner,1,2025-05,120823,,False
成就节点,graduation,graduation sprinkles,1,2025-05,121027,,False
成就节点,graduation,pre-k graduation gifts,1,2025-05,121303,,False
成就节点,graduation,graduation garland,1,2025-05,121483,,False
成就节点,graduation,graduation money bouquet,1,2025-05,121643,,False
成就节点,graduation,teen dresses for graduation,2,2025-05;2025-06,121970,,False
成就节点,graduation,graduation cap decorations 2025,2,2025-04;2025-05,122083,,False
成就节点,graduation,law school graduation decorations,2,2025-04;2025-05,122264,,False
成就节点,graduation,amazon gift card graduation 2025 physical,1,2025-05,122366,,False
成就节点,graduation,noise makers for graduation,1,2025-05,122622,,False
成就节点,graduation,graduation stole mexican,2,2025-04;2025-05,122863,,False
成就节点,graduation,boy graduation gifts 2025,1,2025-05,123283,,False
成就节点,graduation,graduation decorations 2025 purple,2,2025-04;2025-05,123536,,False
成就节点,graduation,white stole graduation,2,2025-04;2025-05,124590,,False
成就节点,graduation,car decorations for graduation,1,2025-05,124677,,False
成就节点,graduation,cords graduation,1,2025-05,124677,,False
成就节点,graduation,graduation party games,1,2025-05,124677,,False
成就节点,graduation,custom stoles for graduation 2025,2,2025-04;2025-05,125000,,False
成就节点,graduation,graduation gift card book,1,2025-05,125000,,False
成就节点,graduation,preschool graduation dress,1,2025-05,125681,,False
成就节点,graduate,will the pigeon graduate book,1,2025-05,125681,,False
成就节点,graduation,gold graduation cord,2,2025-04;2025-05,125814,,False
成就节点,graduation,nursing graduation party supplies,2,2025-04;2025-05,126094,,False
成就节点,graduation,graduation memorial tassel charm,2,2025-04;2025-05,126153,,True
成就节点,graduation,graduation advice cards,1,2025-05,127608,,False
成就节点,graduation,graduation table runner,1,2025-05,127608,,False
成就节点,graduation,graduation cake plates,1,2025-05,128187,,False
成就节点,graduation,teacher graduation gifts,1,2025-05,128260,,False
成就节点,graduation,graduation dresses for women,2,2025-04;2025-05,128712,,False
成就节点,graduation,graduation card funny,1,2025-05,129108,,False
成就节点,graduation,white graduation dress for teens,2,2025-05;2025-06,129165,,False
成就节点,graduation,graduation gown for kids,1,2025-05,129285,,False
成就节点,graduation,graduation candy bar signs,1,2025-05,129887,,False
成就节点,graduation,boys graduation outfit,1,2025-05,129955,,False
成就节点,graduation,graduation gift card holder,1,2025-05,129955,,False
成就节点,graduation,mom graduation outfit,1,2025-05,130505,,False
成就节点,graduation,puerto rico graduation stole,1,2025-05,131009,,False
成就节点,graduation,granddaughter graduation card,1,2025-05,131403,,False
成就节点,graduation,graduation outfit for women,1,2025-05,131471,,False
成就节点,graduation,graduation lays 2025,1,2025-05,131833,,False
成就节点,graduation,pre k graduation shirt,1,2025-05,131964,,False
成就节点,graduation,graduation picture banner,1,2025-05,132096,,False
成就节点,graduation,black graduation cap and gown,2,2025-04;2025-05,132757,,False
成就节点,graduation,cute graduation dresses,1,2025-05,132825,,False
成就节点,graduation,black and red graduation decorations,1,2025-05,132892,,False
成就节点,graduation,pink graduation lei,1,2025-05,133962,,False
成就节点,graduation,flowers for graduation cap,1,2025-05,134215,,False
成就节点,graduation,5th grade graduation gifts for boys,1,2025-05,134572,,False
成就节点,graduation,high school graduation cards,1,2025-05,134992,,False
成就节点,retirement,retirement blanket,2,2025-01;2025-02,135018,,False
成就节点,graduation,graduation props,1,2025-05,136777,,False
成就节点,graduation,5th grade graduation shirt,1,2025-05,137091,,False
成就节点,graduation,boys graduation gifts 2025,1,2025-05,137091,,False
成就节点,graduation,graduation bags for gifts,1,2025-05,137600,,False
成就节点,graduation,funny graduation gift,1,2025-05,137824,,False
成就节点,graduation,graduation frames,1,2025-05,138052,,False
成就节点,graduation,graduation banners personalized,1,2025-05,138123,,False
成就节点,graduation,graduation shoes for women,2,2025-04;2025-05,138536,,False
成就节点,graduation,graduation decorations 2025 red,1,2025-05,138976,,False
成就节点,graduation,red and white graduation decorations,1,2025-05,139140,,False
成就节点,graduation,graduation tissue paper,1,2025-05,139544,,False
成就节点,graduation,graduation thank you cards with envelopes,2,2025-05;2025-06,139558,,False
成就节点,graduation,custom graduation sash,1,2025-05,140207,,False
成就节点,graduation,filipino graduation stole,1,2025-05,140207,,False
成就节点,graduation,highschool graduation gifts for her,1,2025-05,141006,,False
成就节点,graduation,graduation dresses white,1,2025-05,141410,,False
成就节点,graduation,graduation invitations 2025 personalized,1,2025-04,141840,,False
成就节点,graduation,graduation ducks class of 2025,1,2025-05,141976,,False
成就节点,graduation,graduation ballons,1,2025-05,142160,,False
成就节点,graduation,graduation cups 2025,1,2025-05,142370,,False
成就节点,retirement,retirement cards,2,2025-05;2025-06,143013,,False
成就节点,graduation,kinder graduation cap and gown,1,2025-05,143091,,False
成就节点,graduation,kindergarten graduation balloons,1,2025-05,143181,,False
成就节点,graduation,graduation noise makers,1,2025-05,143321,,False
成就节点,graduation,blue graduation cap,1,2025-05,143553,,False
成就节点,retirement,retirement napkins,1,2025-05,144184,,False
成就节点,graduation,white graduation cap,1,2025-05,144267,,False
成就节点,graduation,graduation blankets class of 2025,1,2025-05,144344,,False
成就节点,graduation,graduation cake toppers 2025,1,2025-05,144686,,False
成就节点,graduate,proud sister of a 2025 graduate shirt,1,2025-05,144686,,False
成就节点,graduation,graduation cookies,1,2025-05,144841,,False
成就节点,graduation,graduation dress for teens,1,2025-05,145070,,False
成就节点,retirement,funny retirement gifts for women,2,2025-04;2025-05,145323,,False
成就节点,graduation,graduation photo album,1,2025-05,145391,,False
成就节点,graduation,graduation gifts for her 2025 high school,1,2025-05,145550,,False
成就节点,graduation,kids graduation dress,1,2025-05,145701,,False
成就节点,citizenship,us citizenship flash cards 2025,4,2025-02;2025-03;2025-04;2025-06,145778,,False
成就节点,graduation,mexican sash for graduation 2025,1,2025-05,145860,,False
成就节点,graduation,guatemala graduation stole,1,2025-05,146082,,False
成就节点,graduation,cat graduation cap and gown,1,2025-05,146553,,False
成就节点,graduation,graduation foil balloons,1,2025-05,147062,,False
成就节点,graduation,flower leis for graduation,1,2025-05,147160,,False
成就节点,graduation,snoopy graduation,1,2025-05,147250,,False
成就节点,graduation,kindergarten graduation card,1,2025-05,147338,,False
成就节点,graduation,blue and gold graduation decorations,2,2025-04;2025-05,147527,,False
成就节点,retirement,funny retirement gifts for men,6,2025-01;2025-02;2025-03;2025-04;2025-05;2025-06,148129,1.222,False
成就节点,graduation,floral graduation decorations 2025,1,2025-05,148360,,False
成就节点,graduation,graduation table cloth,1,2025-05,148497,,False
成就节点,graduation,kindergarten graduation gifts bulk,1,2025-05,148497,,False
成就节点,retirement,retirement cake topper,2,2025-05;2025-06,148497,,False
成就节点,graduation,graduation gift boxes 2025,1,2025-05,148651,,False
成就节点,graduation,2025 graduation lei,1,2025-05,148731,,False
成就节点,graduation,graduation cap decor,1,2025-05,148804,,False
成就节点,graduation,black dress graduation,1,2025-05,148888,,False
成就节点,graduation,graduation decorations 2025 balloons,1,2025-05,149314,,False
成就节点,graduation,custom graduation shirts,1,2025-05,149811,,False
成就节点,graduation,dress graduation,1,2025-05,149811,,False
成就节点,graduation,graduation gifts for son,1,2025-05,150350,,False
成就节点,graduation,philippines graduation stole,1,2025-05,150350,,False
成就节点,graduation,clear graduation cap headband,1,2025-05,150429,,False
成就节点,graduation,graduation socks,1,2025-05,150429,,False
成就节点,graduation,graduation ornament,2,2025-11;2025-12,151645,,False
成就节点,graduation,graduation bouquet accessories,1,2025-05,151654,,False
成就节点,graduation,graduation plates and cups and napkins sets,1,2025-05,151722,,False
成就节点,graduation,8th graduation dresses,1,2025-05,151801,,False
成就节点,graduation,preschool graduation shirt,1,2025-05,151882,,False
成就节点,graduation,graduation white dress,1,2025-05,152309,,False
成就节点,graduation,orange and blue graduation decorations,1,2025-05,152402,,False
成就节点,graduation,high school graduation cards 2025,1,2025-05,152670,,False
成就节点,graduation,2025 yard sign for graduation,1,2025-05,152753,,False
成就节点,graduation,graduation dress for girls 10-12,1,2025-05,152753,,False
成就节点,retirement,happy retirement,3,2025-02;2025-04;2025-05,152873,,False
成就节点,graduation,alex and ani graduation bracelet 2025,1,2025-05,153659,,True
成就节点,graduation,gifts for graduation 2025,1,2025-05,153844,,False
成就节点,graduation,graduation dress long,1,2025-05,154097,,False
成就节点,graduation,personalized graduation tassel photo charm with angel wings,1,2025-04,154509,,True
成就节点,graduation,graduation back drop,1,2025-05,154824,,False
成就节点,graduation,small graduation cap,1,2025-05,155013,,False
成就节点,graduation,memorial tassel for graduation 2025,2,2025-04;2025-05,155110,,False
成就节点,graduation,graduation cap and gown 2025,2,2025-04;2025-05,155465,,False
成就节点,graduation,graduation chords,1,2025-05,155873,,False
成就节点,graduation,graduation present,1,2025-05,155873,,False
成就节点,graduation,graduation face on a stick,1,2025-05,155960,,False
成就节点,graduation,elementary graduation gifts,1,2025-05,156067,,False
成就节点,graduation,graduation jewelry for women 2025,1,2025-05,156697,,True
成就节点,graduation,red graduation cap,1,2025-05,157275,,False
成就节点,graduation,red graduation cord,1,2025-05,157552,,False
成就节点,graduation,headband graduation cap,1,2025-05,157631,,False
成就节点,marathon,marathon medal display,2,2025-11;2025-12,157743,,False
成就节点,graduation,graduation decorations 2025 yard sign,1,2025-05,157818,,False
成就节点,graduation,graduation signature board,1,2025-05,157945,,False
成就节点,graduation,preschool graduation backdrop,1,2025-05,158039,,False
成就节点,graduation,graduation candy bags,1,2025-05,158654,,False
成就节点,graduation,womens graduation dresses 2025,1,2025-05,158760,,False
成就节点,graduation,graduation ring,1,2025-05,158859,,True
成就节点,graduation,graduation paper plates,1,2025-05,158943,,False
成就节点,retirement,best gifts for retirement,1,2025-02,159064,,False
成就节点,graduation,graduation toppers,1,2025-05,159252,,False
成就节点,graduation,graduation bouquet 2025,1,2025-05,159370,,False
成就节点,retirement,2024 retirement gifts,1,2025-01,159573,,False
成就节点,graduation,graduation bear 2025,1,2025-05,160527,,False
成就节点,graduate,proud aunt of a 2025 graduate shirt,1,2025-05,160527,,False
成就节点,graduation,graduation flower bouquet accessories,1,2025-05,161134,,False
成就节点,graduation,kindergarten graduation stole,1,2025-05,161319,,False
成就节点,graduation,cupcake graduation toppers 2025,1,2025-05,161422,,False
成就节点,graduation,graduation boxes,1,2025-05,161515,,False
成就节点,graduation,graduation 2025 banner,1,2025-05,161719,,False
成就节点,graduation,mini graduation caps for crafts,1,2025-05,161719,,False
成就节点,retirement,retirement candle,1,2025-05,162105,,False
成就节点,retirement,retirement gift bag,2,2025-05;2025-06,162411,,False
成就节点,graduation,womens graduation dress,1,2025-05,162602,,False
成就节点,graduation,classy graduation dresses,1,2025-04,162617,,False
成就节点,retirement,retirement balloons,2,2025-05;2025-06,163898,,False
成就节点,graduation,girls graduation dresses size 10-12,1,2025-05,164191,,False
成就节点,graduation,5th grade graduation gifts bulk,1,2025-05,164572,,False
成就节点,graduate,dress for mother of graduate,1,2025-04,164640,,False
成就节点,graduation,graduation photo booth,1,2025-05,164993,,False
成就节点,graduation,graduation gifts for men,1,2025-05,165108,,False
成就节点,graduation,graduation decorations 2025 red and black,2,2025-04;2025-05,166053,,False
成就节点,graduation,law school graduation card,1,2025-05,166053,,False
成就节点,graduation,graduation gowns,1,2025-05,166614,,False
成就节点,graduation,graduation cards funny,1,2025-05,166936,,False
成就节点,retirement,retirement gifts for men 2025,1,2025-04,167059,,False
成就节点,graduation,middle school graduation decorations,1,2025-05,167271,,False
成就节点,retirement,retirement card for man,2,2025-05;2025-06,167297,,False
成就节点,graduation,graduation gift cards amazon,1,2025-05,167379,,False
成就节点,graduation,2025 graduation backdrop,1,2025-05,167482,,False
成就节点,graduation,graduation rings for women 2025,1,2025-05,168719,,True
成就节点,graduation,the adventure begins graduation bracelet,1,2025-04,168798,,True
成就节点,graduation,grandson graduation card,1,2025-05,169467,,False
成就节点,retirement,cool retirement gifts women,1,2025-12,169597,,False
成就节点,graduation,graduation poster,1,2025-05,169681,,False
成就节点,graduation,dress for graduation guest,1,2025-05,169999,,False
成就节点,retirement,retirement sash,1,2025-05,170309,,False
成就节点,graduation,graduation charms,1,2025-05,170790,,True
成就节点,graduation,light blue graduation decorations 2025,1,2025-05,171052,,False
成就节点,graduation,graduation shirt,1,2025-05,171388,,False
成就节点,graduation,graduation card 2025,1,2025-05,171621,,False
成就节点,graduation,kindergarten graduation backdrop,1,2025-05,172155,,False
成就节点,graduation,masters graduation decorations,1,2025-05,172914,,False
成就节点,retirement,retirement cupcake toppers,1,2025-05,172914,,False
成就节点,retirement,retirement shirts for women,1,2025-05,173140,,False
成就节点,graduate,proud grandma of a 2025 graduate shirt,1,2025-05,173919,,False
成就节点,graduation,2025 graduation gifts for her,1,2025-05,174557,,False
成就节点,retirement,retirement gifts for women 2024,1,2025-01,174621,,False
成就节点,graduation,graduation balloons 2025,1,2025-05,174674,,False
成就节点,graduation,graduation money card,1,2025-05,174913,,False
成就节点,graduation,blue and orange graduation decorations 2025,1,2025-05,175038,,False
成就节点,graduation,midi graduation dresses,2,2025-04;2025-05,175621,,False
成就节点,graduation,graduation hats,1,2025-05,175870,,False
成就节点,graduation,graduation photo frame,1,2025-05,176330,,False
成就节点,graduation,white graduation cord,1,2025-05,176330,,False
成就节点,graduation,funny graduation cards,1,2025-05,176572,,False
成就节点,graduation,graduation decorations class of 2025,1,2025-01,177002,,False
成就节点,graduation,2025 graduation cards,1,2025-05,177136,,False
成就节点,graduation,graduation plushies,1,2025-05,177570,,False
成就节点,graduation,graduation leis 2025 money,1,2025-05,177924,,False
成就节点,graduation,vpk graduation gifts for kids,1,2025-05,177924,,False
成就节点,graduation,2025 numbers for graduation,1,2025-05,178061,,False
成就节点,graduation,graduation kindergarten,1,2025-05,178299,,False
成就节点,graduation,graduation cupcake picks,1,2025-05,178418,,False
成就节点,graduation,gold graduation decorations 2025,1,2025-05,178545,,False
成就节点,marathon,holiday movie marathon book,1,2025-12,178866,,False
成就节点,graduation,papyrus graduation card,1,2025-05,179046,,False
成就节点,graduation,picture display for graduation party,1,2025-05,179165,,False
成就节点,graduation,purple graduation cord,1,2025-05,179765,,False
成就节点,graduation,pomp and circumstance graduation,1,2025-05,179886,,False
成就节点,graduation,black and gold graduation decorations 2025,1,2025-05,180002,,False
成就节点,graduation,custom graduation banner,1,2025-05,180116,,False
成就节点,retirement,retirement party decorations women,2,2025-04;2025-05,180980,,False
成就节点,graduation,kindergarten graduation banner,1,2025-05,181107,,False
成就节点,graduation,rose gold graduation decorations 2025,1,2025-05,181376,,False
成就节点,graduation,tassel charms for graduation cap,1,2025-05,181749,,True
成就节点,graduation,graduation decorations 2025 deals pink,1,2025-05,182127,,False
成就节点,graduation,black graduation stole,1,2025-05,182363,,False
成就节点,graduation,honor cords graduation 2025,1,2025-05,182505,,False
成就节点,graduation,pink and gold graduation decorations 2025,1,2025-05,182505,,False
成就节点,graduation,leis for graduation,1,2025-05,182650,,False
成就节点,graduation,blue and silver graduation decorations 2025,1,2025-05,182784,,False
成就节点,graduation,graduation blanket,1,2025-05,183670,,False
成就节点,graduate,graduate gifts for her,1,2025-05,183776,,False
成就节点,graduation,confetti poppers graduation,1,2025-05,184159,,False
成就节点,graduation,graduation guest outfit,1,2025-05,184159,,False
成就节点,graduation,kinder graduation,1,2025-05,184294,,False
成就节点,graduation,paper flowers for graduation cap,1,2025-05,184433,,False
成就节点,graduation,graduation treat bags,1,2025-05,184785,,False
成就节点,graduation,graduation candy boxes,1,2025-05,185538,,False
成就节点,graduation,lei for graduation,1,2025-05,185949,,False
成就节点,graduation,doctorate graduation gifts,1,2025-05,186077,,False
成就节点,graduation,graduation dessert plates 2025,1,2025-05,186077,,False
成就节点,graduation,college graduation cards 2025,1,2025-05,186214,,False
成就节点,graduation,graduation box for cards and money,1,2025-05,187110,,False
成就节点,graduation,black and orange graduation decorations,1,2025-05,187594,,False
成就节点,graduation,graduation toppers for cap,1,2025-05,187594,,False
成就节点,graduation,white graduation dress short,1,2025-05,187718,,False
成就节点,graduation,grandson graduation gifts,1,2025-05,187984,,False
成就节点,graduation,graduation caps for kids,1,2025-05,188122,,False
成就节点,graduation,graduation keychain,1,2025-05,188519,,False
成就节点,graduation,graduation sign for yard,1,2025-05,188519,,False
成就节点,graduation,graduation jellycat,1,2025-05,189185,,False
成就节点,graduation,2025 graduation stickers,1,2025-05,189449,,False
成就节点,graduation,yard graduation decorations 2025,1,2025-05,189714,,False
成就节点,graduation,navy blue graduation decorations,1,2025-05,190381,,False
成就节点,graduation,black girl magic graduation stole 2025,1,2025-05,191108,,False
成就节点,graduation,christian graduation cards,1,2025-05,191527,,False
成就节点,graduation,graduation photo display,1,2025-05,191663,,False
成就节点,graduation,mexico graduation stole,1,2025-05,192062,,False
成就节点,graduation,graduation card pack,1,2025-05,192191,,False
成就节点,graduation,lei graduation,1,2025-05,193637,,False
成就节点,graduation,kindergarten graduation book,1,2025-05,193917,,False
成就节点,graduation,graduation scrapbook,1,2025-05,194061,,False
成就节点,graduation,jellycat graduation,1,2025-05,194061,,False
成就节点,graduation,mexican american graduation sash,1,2025-05,194061,,False
成就节点,graduation,graduation yard sign 2025,1,2025-05,194228,,False
成就节点,graduation,honduras graduation stole,1,2025-05,194228,,False
成就节点,retirement,retirement plates and napkins sets,1,2025-05,194228,,False
成就节点,graduation,girl graduation dress,1,2025-05,194370,,False
成就节点,graduation,stitch graduation,1,2025-05,194795,,False
成就节点,graduation,graduation paper plates and napkins 2025,1,2025-05,194941,,False
成就节点,graduation,white graduation heels,1,2025-05,194941,,False
成就节点,graduation,she believed she could so she did graduation,1,2025-05,195058,,False
成就节点,graduation,graduation frame 2025,1,2025-05,195329,,False
成就节点,graduation,kids graduation stole,1,2025-05,195329,,False
成就节点,graduation,snoopy graduation plush,1,2025-05,196041,,False
成就节点,graduation,graduation stickers for envelopes,1,2025-04,196574,,False
成就节点,graduation,graduation cap cupcake toppers,1,2025-05,196754,,False
成就节点,finisher,angelus acrylic finisher,1,2025-08,196962,,False
成就节点,graduation,graduation picks,1,2025-05,197035,,False
成就节点,retirement,retirement gift for teacher,1,2025-05,197035,,False
成就节点,graduation,graduation lays,1,2025-05,197181,,False
成就节点,graduation,pre k graduation sash,1,2025-05,197181,,False
成就节点,graduation,blue graduation dress,1,2025-05,197324,,False
成就节点,graduation,elementary graduation,1,2025-05,197324,,False
成就节点,graduation,banner graduation 2025,1,2025-05,197633,,False
成就节点,graduation,graduation back drop class of 2025,1,2025-05,197633,,False
成就节点,graduation,graduation cap headband insert clear,1,2025-05,198061,,False
成就节点,graduation,graduation gifts for him 2025 high school,1,2025-05,198341,,False
成就节点,graduation,white graduation dress plus size,1,2025-05,198341,,False
成就节点,graduation,green graduation cord,1,2025-05,198487,,False
成就节点,retirement,retirement party,1,2025-05,198911,,False
成就节点,graduation,graduation sashes and stoles,1,2025-05,199053,,False
成就节点,graduation,oh the places you'll go book graduation,1,2025-05,199053,,False
成就节点,graduation,graduation pens,1,2025-05,199470,,False
成就节点,marathon,marathon watch,1,2025-04,199686,,False
成就节点,graduation,graduation centerpiece,1,2025-05,199931,,False
成就节点,graduation,photo display for graduation party,1,2025-05,199931,,False
戒断康复,recovery,byoma hydrating recovery oil,8,2025-01;2025-02;2025-03;2025-04;2025-05;2025-06;2025-07;2025-08,8439,7.186,False
戒断康复,recovery,c section recovery must haves,12,2025-01;2025-02;2025-03;2025-04;2025-05;2025-06;2025-07;2025-08;2025-09;2025-10;2025-11;2025-12,17283,1.674,False
戒断康复,recovery,solar recovery spray,6,2025-03;2025-04;2025-05;2025-06;2025-07;2025-08,23333,0.745,False
戒断康复,milestone,monthly baby milestone,12,2025-01;2025-02;2025-03;2025-04;2025-05;2025-06;2025-07;2025-08;2025-09;2025-10;2025-11;2025-12,29456,1.785,False
戒断康复,recovery,recovery mud mask,4,2025-01;2025-02;2025-03;2025-04,33309,,False
戒断康复,recovery,hysterectomy recovery must haves,12,2025-01;2025-02;2025-03;2025-04;2025-05;2025-06;2025-07;2025-08;2025-09;2025-10;2025-11;2025-12,35172,1.055,False
戒断康复,recovery,recovery sandals women,9,2025-03;2025-04;2025-05;2025-06;2025-07;2025-08;2025-09;2025-10;2025-11,35699,2.118,False
戒断康复,recovery,bioma recovery oil,1,2025-01,38407,,False
戒断康复,recovery,recovery suit for dogs,12,2025-01;2025-02;2025-03;2025-04;2025-05;2025-06;2025-07;2025-08;2025-09;2025-10;2025-11;2025-12,40341,1.665,False
戒断康复,recovery,ursa major golden hour recovery cream,10,2025-01;2025-02;2025-03;2025-04;2025-05;2025-06;2025-07;2025-10;2025-11;2025-12,41740,2.085,False
戒断康复,milestone,baby monthly milestone,12,2025-01;2025-02;2025-03;2025-04;2025-05;2025-06;2025-07;2025-08;2025-09;2025-10;2025-11;2025-12,43505,1.454,False
戒断康复,milestone,monthly milestone signs,10,2025-03;2025-04;2025-05;2025-06;2025-07;2025-08;2025-09;2025-10;2025-11;2025-12,47522,0.298,False
戒断康复,recovery,recovery slides,11,2025-02;2025-03;2025-04;2025-05;2025-06;2025-07;2025-08;2025-09;2025-10;2025-11;2025-12,48076,2.115,False
戒断康复,recovery,dog surgery recovery suit,6,2025-01;2025-02;2025-09;2025-10;2025-11;2025-12,49515,0.285,False
戒断康复,recovery,mastectomy recovery supplies,12,2025-01;2025-02;2025-03;2025-04;2025-05;2025-06;2025-07;2025-08;2025-09;2025-10;2025-11;2025-12,51066,0.965,False
戒断康复,milestone,baby milestone signs,12,2025-01;2025-02;2025-03;2025-04;2025-05;2025-06;2025-07;2025-08;2025-09;2025-10;2025-11;2025-12,52702,1.478,False
戒断康复,recovery,cat recovery suit,12,2025-01;2025-02;2025-03;2025-04;2025-05;2025-06;2025-07;2025-08;2025-09;2025-10;2025-11;2025-12,55407,1.297,False
戒断康复,recovery,dog recovery suit female,12,2025-01;2025-02;2025-03;2025-04;2025-05;2025-06;2025-07;2025-08;2025-09;2025-10;2025-11;2025-12,56293,1.826,False
戒断康复,recovery,recovery slides men,11,2025-01;2025-03;2025-04;2025-05;2025-06;2025-07;2025-08;2025-09;2025-10;2025-11;2025-12,58393,0.765,False
戒断康复,recovery,firefly recovery device,10,2025-03;2025-04;2025-05;2025-06;2025-07;2025-08;2025-09;2025-10;2025-11;2025-12,61987,1.849,False
戒断康复,recovery,c section recovery,12,2025-01;2025-02;2025-03;2025-04;2025-05;2025-06;2025-07;2025-08;2025-09;2025-10;2025-11;2025-12,63158,0.789,False
戒断康复,recovery,tummy tuck recovery must haves,12,2025-01;2025-02;2025-03;2025-04;2025-05;2025-06;2025-07;2025-08;2025-09;2025-10;2025-11;2025-12,64215,1.48,False
戒断康复,recovery,kinetic recovery rope,12,2025-01;2025-02;2025-03;2025-04;2025-05;2025-06;2025-07;2025-08;2025-09;2025-10;2025-11;2025-12,64653,0.927,False
戒断康复,recovery,dog recovery suit,12,2025-01;2025-02;2025-03;2025-04;2025-05;2025-06;2025-07;2025-08;2025-09;2025-10;2025-11;2025-12,66128,0.958,False
戒断康复,recovery,crocs mellow recovery slide,11,2025-01;2025-02;2025-03;2025-04;2025-05;2025-06;2025-07;2025-08;2025-09;2025-10;2025-12,68157,1.234,False
戒断康复,recovery,surgery recovery gifts for women,11,2025-01;2025-02;2025-03;2025-04;2025-05;2025-06;2025-08;2025-09;2025-10;2025-11;2025-12,69202,1.609,False
戒断康复,milestone,baby milestone blanket,12,2025-01;2025-02;2025-03;2025-04;2025-05;2025-06;2025-07;2025-08;2025-09;2025-10;2025-11;2025-12,71097,1.942,False
戒断康复,recovery,wisdom teeth recovery must haves,10,2025-03;2025-04;2025-05;2025-06;2025-07;2025-08;2025-09;2025-10;2025-11;2025-12,71867,1.108,False
戒断康复,recovery,post workout recovery powder,11,2025-01;2025-02;2025-03;2025-04;2025-05;2025-06;2025-07;2025-08;2025-09;2025-10;2025-11,71964,1.906,False
戒断康复,recovery,waterboy weekend recovery,10,2025-03;2025-04;2025-05;2025-06;2025-07;2025-08;2025-09;2025-10;2025-11;2025-12,72307,1.395,False
戒断康复,milestone,milestone blanket for baby girl,10,2025-01;2025-02;2025-03;2025-04;2025-05;2025-06;2025-07;2025-08;2025-09;2025-10,72390,2.059,False
戒断康复,recovery,hoka recovery slides womens,10,2025-03;2025-04;2025-05;2025-06;2025-07;2025-08;2025-09;2025-10;2025-11;2025-12,79729,2.054,False
戒断康复,recovery,dog recovery suit male,12,2025-01;2025-02;2025-03;2025-04;2025-05;2025-06;2025-07;2025-08;2025-09;2025-10;2025-11;2025-12,86565,1.733,False
戒断康复,recovery,recovery rope,7,2025-01;2025-02;2025-03;2025-04;2025-07;2025-11;2025-12,87310,1.383,False
戒断康复,milestone,milestone blanket for baby boy,9,2025-01;2025-02;2025-03;2025-04;2025-05;2025-06;2025-07;2025-08;2025-09,88001,1.383,False
戒断康复,milestone,baby monthly milestone blanket,12,2025-01;2025-02;2025-03;2025-04;2025-05;2025-06;2025-07;2025-08;2025-09;2025-10;2025-11;2025-12,90699,1.294,False
戒断康复,recovery,byoma recovery oil,1,2025-01,90865,,False
戒断康复,recovery,cat surgery recovery suit female,8,2025-01;2025-02;2025-03;2025-04;2025-05;2025-06;2025-07;2025-08,91961,1.819,False
戒断康复,recovery,morning recovery,12,2025-01;2025-02;2025-03;2025-04;2025-05;2025-06;2025-07;2025-08;2025-09;2025-10;2025-11;2025-12,97212,0.659,False
戒断康复,recovery,wisdom teeth recovery,4,2025-01;2025-02;2025-03;2025-06,101052,,False
戒断康复,recovery,muscle recovery,12,2025-01;2025-02;2025-03;2025-04;2025-05;2025-06;2025-07;2025-08;2025-09;2025-10;2025-11;2025-12,101255,1.652,False
戒断康复,sobriety,sobriety gifts for men,12,2025-01;2025-02;2025-03;2025-04;2025-05;2025-06;2025-07;2025-08;2025-09;2025-10;2025-11;2025-12,103233,1.348,False
戒断康复,recovery,frida mom c section recovery kit,10,2025-01;2025-02;2025-03;2025-04;2025-05;2025-06;2025-07;2025-08;2025-09;2025-10,103776,1.241,False
戒断康复,milestone,milestone signs,6,2025-07;2025-08;2025-09;2025-10;2025-11;2025-12,104865,1.34,False
戒断康复,recovery,surgery recovery items,12,2025-01;2025-02;2025-03;2025-04;2025-05;2025-06;2025-07;2025-08;2025-09;2025-10;2025-11;2025-12,105655,1.097,False
戒断康复,recovery,recovery slides for women,8,2025-01;2025-02;2025-03;2025-04;2025-05;2025-06;2025-07;2025-08,105747,0.71,False
戒断康复,recovery,rockstar recovery,2,2025-09;2025-12,106504,,False
戒断康复,recovery,cat recovery suit female,11,2025-01;2025-02;2025-03;2025-04;2025-05;2025-06;2025-07;2025-08;2025-09;2025-10;2025-12,109505,1.181,False
戒断康复,recovery,recovery strap,5,2025-01;2025-02;2025-03;2025-11;2025-12,109916,,False
戒断康复,milestone,club de nuit milestone,7,2025-02;2025-03;2025-04;2025-05;2025-06;2025-07;2025-08,112052,1.076,False
戒断康复,recovery,7 steps to inner child recovery free book,1,2025-04,116756,,False
戒断康复,sobriety,sobriety gifts for women,12,2025-01;2025-02;2025-03;2025-04;2025-05;2025-06;2025-07;2025-08;2025-09;2025-10;2025-11;2025-12,117184,1.367,False
戒断康复,recovery,inner child recovery workbook,4,2025-05;2025-06;2025-07;2025-08,117221,,False
戒断康复,sober*,soberish drops,4,2025-04;2025-05;2025-06;2025-07,118312,,False
戒断康复,recovery,suitical recovery suit for dogs,10,2025-01;2025-02;2025-03;2025-04;2025-05;2025-06;2025-07;2025-08;2025-09;2025-10,118528,1.317,False
戒断康复,recovery,hoka ora recovery slide 3,7,2025-03;2025-04;2025-05;2025-06;2025-07;2025-08;2025-12,121359,1.282,False
戒断康复,recovery,knee replacement recovery aids,12,2025-01;2025-02;2025-03;2025-04;2025-05;2025-06;2025-07;2025-08;2025-09;2025-10;2025-11;2025-12,121462,1.132,False
戒断康复,recovery,knee surgery recovery equipment,12,2025-01;2025-02;2025-03;2025-04;2025-05;2025-06;2025-07;2025-08;2025-09;2025-10;2025-11;2025-12,121694,1.244,False
戒断康复,recovery,nike recovery shoes,1,2025-03,125720,,False
戒断康复,recovery,ac recovery machine,3,2025-06;2025-07;2025-08,126401,,False
戒断康复,recovery,stim machine for muscle recovery,12,2025-01;2025-02;2025-03;2025-04;2025-05;2025-06;2025-07;2025-08;2025-09;2025-10;2025-11;2025-12,130629,1.269,False
戒断康复,sober*,sober hudson westbrook,1,2025-04,132311,,False
戒断康复,recovery,hoka recovery slides men,6,2025-03;2025-04;2025-05;2025-06;2025-07;2025-12,134557,1.096,False
戒断康复,recovery,refrigerant recovery machine,4,2025-05;2025-06;2025-07;2025-08,134640,,False
戒断康复,recovery,zilkee ultra recovery converter 2025,2,2025-11;2025-12,144652,,False
戒断康复,recovery,hysterectomy recovery gifts,8,2025-03;2025-04;2025-05;2025-06;2025-08;2025-09;2025-10;2025-11,144920,0.935,False
戒断康复,milestone,milestone blanket,5,2025-07;2025-09;2025-10;2025-11;2025-12,147287,,False
戒断康复,recovery,joico moisture recovery,4,2025-09;2025-10;2025-11;2025-12,148556,,False
戒断康复,recovery,grief recovery handbook,4,2025-01;2025-02;2025-03;2025-09,149887,,False
戒断康复,recovery,leg recovery compression system,1,2025-12,152111,,False
戒断康复,sober*,sober,2,2025-04;2025-05,155960,,False
戒断康复,recovery,crocs recovery slide,3,2025-03;2025-06;2025-07,157343,,False
戒断康复,recovery,dog surgical recovery suit female,4,2025-01;2025-02;2025-03;2025-04,158961,,False
戒断康复,recovery,shoulder surgery recovery supplies,5,2025-07;2025-08;2025-09;2025-10;2025-12,159792,,False
戒断康复,milestone,milestone wooden circles,4,2025-01;2025-02;2025-03;2025-04,159975,,False
戒断康复,recovery,knee surgery recovery gifts,1,2025-12,160403,,False
戒断康复,recovery,recovery sandals,2,2025-05;2025-06,160686,,False
戒断康复,recovery,acl recovery must haves,3,2025-02;2025-03;2025-04,162134,,False
戒断康复,recovery,marena recovery compression garment,11,2025-01;2025-02;2025-03;2025-04;2025-05;2025-06;2025-07;2025-08;2025-09;2025-10;2025-12,164016,0.98,False
戒断康复,recovery,bbl recovery must haves,1,2025-08,167622,,False
戒断康复,recovery,breast reduction recovery supplies,9,2025-01;2025-02;2025-03;2025-04;2025-05;2025-06;2025-07;2025-08;2025-09,172780,0.988,False
戒断康复,sober*,the unexpected joy of being sober,1,2025-06,175593,,False
戒断康复,recovery,solar recovery,1,2025-06,176607,,False
戒断康复,recovery,recovery boards,7,2025-01;2025-02;2025-03;2025-04;2025-07;2025-10;2025-11,177368,1.05,False
戒断康复,one day at a time,one day at a time,5,2025-01;2025-02;2025-03;2025-04;2025-05,178515,,False
戒断康复,recovery,recovery patches hangover,4,2025-06;2025-07;2025-08;2025-09,178919,,False
戒断康复,recovery,dog recovery collars & cones,1,2025-10,184149,,False
戒断康复,recovery,hip replacement recovery aids,3,2025-09;2025-10;2025-12,184261,,False
戒断康复,recovery,rockstar recovery lemonade,1,2025-12,185894,,False
戒断康复,recovery,hip surgery recovery supplies,3,2025-02;2025-03;2025-04,187211,,False
戒断康复,recovery,life recovery bible,2,2025-01;2025-03,188288,,False
戒断康复,recovery,dog spay recovery suit female,3,2025-01;2025-02;2025-03,188544,,False
戒断康复,recovery,super recovery,1,2025-05,189318,,False
戒断康复,recovery,cat spay recovery suit female,1,2025-02,190950,,False
戒断康复,recovery,hip surgery recovery must haves,1,2025-10,191487,,False
戒断康复,recovery,cat surgery recovery suits,2,2025-10;2025-12,193072,,False
戒断康复,recovery,dog neuter recovery suit male,2,2025-02;2025-03,193650,,False
戒断康复,milestone,baby milestone,1,2025-01,195900,,False
戒断康复,recovery,oofos recovery sandals women,1,2025-03,198626,,False
承诺誓约,engagement,engagement rings for women,12,2025-01;2025-02;2025-03;2025-04;2025-05;2025-06;2025-07;2025-08;2025-09;2025-10;2025-11;2025-12,3137,1.917,True
承诺誓约,engagement,engagement gifts for couples,12,2025-01;2025-02;2025-03;2025-04;2025-05;2025-06;2025-07;2025-08;2025-09;2025-10;2025-11;2025-12,7014,0.587,False
承诺誓约,promise ring*,promise rings for her,12,2025-01;2025-02;2025-03;2025-04;2025-05;2025-06;2025-07;2025-08;2025-09;2025-10;2025-11;2025-12,7677,1.434,True
承诺誓约,engagement,engagement ring,12,2025-01;2025-02;2025-03;2025-04;2025-05;2025-06;2025-07;2025-08;2025-09;2025-10;2025-11;2025-12,10449,0.39,True
承诺誓约,purity,purity coffee,12,2025-01;2025-02;2025-03;2025-04;2025-05;2025-06;2025-07;2025-08;2025-09;2025-10;2025-11;2025-12,12732,0.96,False
承诺誓约,engagement,engagement party decorations,12,2025-01;2025-02;2025-03;2025-04;2025-05;2025-06;2025-07;2025-08;2025-09;2025-10;2025-11;2025-12,13641,1.15,False
承诺誓约,promise ring*,promise ring,12,2025-01;2025-02;2025-03;2025-04;2025-05;2025-06;2025-07;2025-08;2025-09;2025-10;2025-11;2025-12,14243,1.178,True
承诺誓约,engagement,engagement gift,12,2025-01;2025-02;2025-03;2025-04;2025-05;2025-06;2025-07;2025-08;2025-09;2025-10;2025-11;2025-12,19449,0.998,False
承诺誓约,engagement,engagement ornament 2025,3,2025-10;2025-11;2025-12,19603,,False
承诺誓约,engagement,engagement dresses for women,12,2025-01;2025-02;2025-03;2025-04;2025-05;2025-06;2025-07;2025-08;2025-09;2025-10;2025-11;2025-12,27286,3.597,False
承诺誓约,engagement,rules of engagement,12,2025-01;2025-02;2025-03;2025-04;2025-05;2025-06;2025-07;2025-08;2025-09;2025-10;2025-11;2025-12,29190,2.214,False
承诺誓约,engagement,engagement gifts,12,2025-01;2025-02;2025-03;2025-04;2025-05;2025-06;2025-07;2025-08;2025-09;2025-10;2025-11;2025-12,36603,0.736,False
承诺誓约,engagement,engagement ornament,2,2025-11;2025-12,37941,,False
承诺誓约,engagement,engagement card,12,2025-01;2025-02;2025-03;2025-04;2025-05;2025-06;2025-07;2025-08;2025-09;2025-10;2025-11;2025-12,41617,0.742,False
承诺誓约,promise ring*,promise rings for couples,12,2025-01;2025-02;2025-03;2025-04;2025-05;2025-06;2025-07;2025-08;2025-09;2025-10;2025-11;2025-12,43702,1.106,True
承诺誓约,engagement,engagement ring box,12,2025-01;2025-02;2025-03;2025-04;2025-05;2025-06;2025-07;2025-08;2025-09;2025-10;2025-11;2025-12,44155,0.938,True
承诺誓约,promise ring*,promise rings,12,2025-01;2025-02;2025-03;2025-04;2025-05;2025-06;2025-07;2025-08;2025-09;2025-10;2025-11;2025-12,44176,1.243,True
承诺誓约,engagement,the engagement plot,8,2025-01;2025-02;2025-03;2025-05;2025-06;2025-07;2025-08;2025-10,44683,1.937,False
承诺誓约,engagement,engagement gifts for women,12,2025-01;2025-02;2025-03;2025-04;2025-05;2025-06;2025-07;2025-08;2025-09;2025-10;2025-11;2025-12,48491,0.703,False
承诺誓约,engagement,moissanite engagement rings for women,12,2025-01;2025-02;2025-03;2025-04;2025-05;2025-06;2025-07;2025-08;2025-09;2025-10;2025-11;2025-12,50706,1.541,True
承诺誓约,engagement,marquise engagement ring,12,2025-01;2025-02;2025-03;2025-04;2025-05;2025-06;2025-07;2025-08;2025-09;2025-10;2025-11;2025-12,51799,1.099,True
承诺誓约,engagement,engagement dress,12,2025-01;2025-02;2025-03;2025-04;2025-05;2025-06;2025-07;2025-08;2025-09;2025-10;2025-11;2025-12,53395,0.757,False
承诺誓约,engagement,taylor swift ring engagement,1,2025-12,54639,,True
承诺誓约,promise ring*,promise rings for him,12,2025-01;2025-02;2025-03;2025-04;2025-05;2025-06;2025-07;2025-08;2025-09;2025-10;2025-11;2025-12,55114,1.584,True
承诺誓约,engagement,engagement rings,12,2025-01;2025-02;2025-03;2025-04;2025-05;2025-06;2025-07;2025-08;2025-09;2025-10;2025-11;2025-12,60434,0.831,True
承诺誓约,engagement,five year engagement,2,2025-02;2025-03,67238,,False
承诺誓约,engagement,fake engagement ring,12,2025-01;2025-02;2025-03;2025-04;2025-05;2025-06;2025-07;2025-08;2025-09;2025-10;2025-11;2025-12,67403,0.927,True
承诺誓约,engagement,engagement decorations,12,2025-01;2025-02;2025-03;2025-04;2025-05;2025-06;2025-07;2025-08;2025-09;2025-10;2025-11;2025-12,71615,0.85,False
承诺誓约,purity,purity ring,12,2025-01;2025-02;2025-03;2025-04;2025-05;2025-06;2025-07;2025-08;2025-09;2025-10;2025-11;2025-12,74796,1.634,True
承诺誓约,engagement,gold engagement rings for women,12,2025-01;2025-02;2025-03;2025-04;2025-05;2025-06;2025-07;2025-08;2025-09;2025-10;2025-11;2025-12,76700,1.48,True
承诺誓约,engagement,taylor swift engagement ring,1,2025-12,77098,,True
承诺誓约,engagement,emerald cut engagement ring,12,2025-01;2025-02;2025-03;2025-04;2025-05;2025-06;2025-07;2025-08;2025-09;2025-10;2025-11;2025-12,80500,1.475,True
承诺誓约,purity,purity coffee beans,2,2025-10;2025-12,81769,,False
承诺誓约,engagement,cool engagement gift,2,2025-01;2025-02,82283,,False
承诺誓约,engagement,engagement photo dresses,10,2025-01;2025-02;2025-03;2025-04;2025-05;2025-06;2025-07;2025-08;2025-09;2025-10,87782,0.79,False
承诺誓约,engagement,5 year engagement,2,2025-02;2025-03,89688,,False
承诺誓约,engagement,sierra club engagement calendar 2026,2,2025-11;2025-12,94972,,False
承诺誓约,purity,purity face wash,12,2025-01;2025-02;2025-03;2025-04;2025-05;2025-06;2025-07;2025-08;2025-09;2025-10;2025-11;2025-12,102259,1.202,False
承诺誓约,engagement,white engagement dresses for women,10,2025-01;2025-02;2025-03;2025-04;2025-05;2025-06;2025-07;2025-08;2025-09;2025-10,102326,0.856,False
承诺誓约,engagement,engagement ring holder,8,2025-05;2025-06;2025-07;2025-08;2025-09;2025-10;2025-11;2025-12,113731,0.901,True
承诺誓约,engagement,2025 engagement ornament,2,2025-11;2025-12,115404,,False
承诺誓约,commitment,between commitment and betrayel shain rose,3,2025-01;2025-02;2025-03,116023,,False
承诺誓约,engagement,oval engagement rings for women,9,2025-01;2025-02;2025-03;2025-04;2025-05;2025-06;2025-07;2025-08;2025-09,119381,1.246,True
承诺誓约,engagement,mens engagement rings,12,2025-01;2025-02;2025-03;2025-04;2025-05;2025-06;2025-07;2025-08;2025-09;2025-10;2025-11;2025-12,119711,1.19,True
承诺誓约,engagement,moissanite engagement ring,6,2025-01;2025-02;2025-09;2025-10;2025-11;2025-12,120997,0.986,True
承诺誓约,commitment,commitment,1,2025-09,125394,,False
承诺誓约,commitment,between commitment and betrayal,1,2025-08,130783,,False
承诺誓约,engagement,engagement christmas ornament 2025,2,2025-11;2025-12,135464,,False
承诺誓约,promise ring*,mens promise rings,3,2025-01;2025-02;2025-12,136666,,True
承诺誓约,engagement,engagement party dress,2,2025-08;2025-09,137050,,False
承诺誓约,engagement,women's engagement rings,5,2025-01;2025-09;2025-10;2025-11;2025-12,140078,,True
承诺誓约,promise ring*,pandora promise ring,1,2025-12,140138,,True
承诺誓约,engagement,princess cut engagement ring,10,2025-01;2025-02;2025-03;2025-04;2025-05;2025-06;2025-07;2025-08;2025-09;2025-12,140813,1.245,True
承诺誓约,engagement,ring enhancer for engagement rings,5,2025-01;2025-02;2025-03;2025-04;2025-05,142644,,True
承诺誓约,engagement,radiant cut engagement rings,10,2025-01;2025-02;2025-03;2025-04;2025-05;2025-06;2025-07;2025-08;2025-09;2025-10,143514,0.978,True
承诺誓约,engagement,diamond engagement rings for women,6,2025-02;2025-05;2025-06;2025-08;2025-09;2025-10,145035,0.754,True
承诺誓约,engagement,engagement party decor,6,2025-01;2025-05;2025-06;2025-07;2025-08;2025-09,150591,0.969,False
承诺誓约,engagement,engagement party,5,2025-05;2025-06;2025-07;2025-08;2025-09,150847,,False
承诺誓约,promise ring*,women's promise rings,4,2025-09;2025-10;2025-11;2025-12,153677,,True
承诺誓约,engagement,pear shaped engagement ring,10,2025-01;2025-02;2025-03;2025-04;2025-05;2025-06;2025-07;2025-08;2025-09;2025-10,153880,1.198,True
承诺誓约,promise ring*,promise rings for women,2,2025-01;2025-12,154644,,True
承诺誓约,engagement,the four engagement rings of sybil rain,2,2025-06;2025-07,158950,,True
承诺誓约,engagement,travel engagement rings for women,5,2025-03;2025-04;2025-05;2025-06;2025-07,159272,,True
承诺誓约,engagement,engagement unique gifts,2,2025-10;2025-12,160114,,False
承诺誓约,promise ring*,gold promise ring,3,2025-02;2025-07;2025-12,163509,,True
承诺誓约,engagement,silicone engagement ring women,3,2025-01;2025-02;2025-06,164702,,True
承诺誓约,engagement,the five year engagement,2,2025-02;2025-03,164992,,False
承诺誓约,engagement,oval engagement ring,3,2025-09;2025-10;2025-12,167066,,True
承诺誓约,engagement,elongated cushion cut engagement ring,3,2025-08;2025-09;2025-10,171075,,True
承诺誓约,engagement,eamti engagement ring for women,1,2025-01,176207,,True
承诺誓约,engagement,engagement rings for couples,2,2025-02;2025-04,177686,,True
承诺誓约,engagement,sterling silver engagement rings,1,2025-02,182895,,True
承诺誓约,engagement,engagement rings for men,1,2025-02,183181,,True
承诺誓约,engagement,fake engagement ring for women natural,1,2025-07,183501,,True
承诺誓约,purity,philosophy purity face wash,1,2025-01,183701,,False
承诺誓约,purity,purity coffee ground,1,2025-12,189745,,False
承诺誓约,engagement,engagement,2,2025-07;2025-12,190221,,False
承诺誓约,engagement,sierra club engagement calendar 2025,1,2025-01,193116,,False
承诺誓约,engagement,engagement rings for women gold,2,2025-02;2025-05,195796,,True
承诺誓约,engagement,engagement dresses for photoshoot,1,2025-08,198272,,False
疾病康复,survivor,survivor,12,2025-01;2025-02;2025-03;2025-04;2025-05;2025-06;2025-07;2025-08;2025-09;2025-10;2025-11;2025-12,404,1.186,False
疾病康复,awareness,breast cancer awareness accessories,12,2025-01;2025-02;2025-03;2025-04;2025-05;2025-06;2025-07;2025-08;2025-09;2025-10;2025-11;2025-12,1589,0.787,False
疾病康复,awareness,breast cancer awareness shirt,3,2025-08;2025-09;2025-10,2297,,False
疾病康复,awareness,autism awareness shirt,6,2025-02;2025-03;2025-04;2025-05;2025-06;2025-09,2443,44.139,False
疾病康复,warrior,warrior,12,2025-01;2025-02;2025-03;2025-04;2025-05;2025-06;2025-07;2025-08;2025-09;2025-10;2025-11;2025-12,4143,2.119,False
疾病康复,survivor,lone survivor,12,2025-01;2025-02;2025-03;2025-04;2025-05;2025-06;2025-07;2025-08;2025-09;2025-10;2025-11;2025-12,7197,4.587,False
疾病康复,awareness,breast cancer awareness,3,2025-08;2025-09;2025-10,11833,,False
疾病康复,survivor,survivor card game,8,2025-01;2025-02;2025-03;2025-04;2025-05;2025-06;2025-07;2025-12,12638,1.625,False
疾病康复,awareness,breast cancer awareness decorations,2,2025-09;2025-10,14106,,False
疾病康复,awareness,mental health awareness shirt,2,2025-04;2025-05,15841,,False
疾病康复,warrior,warrior cats,12,2025-01;2025-02;2025-03;2025-04;2025-05;2025-06;2025-07;2025-08;2025-09;2025-10;2025-11;2025-12,17406,0.747,False
疾病康复,awareness,down syndrome awareness shirts,2,2025-03;2025-10,20710,,False
疾病康复,awareness,autism awareness,3,2025-02;2025-03;2025-04,22145,,False
疾病康复,awareness,mental health awareness items,3,2025-03;2025-04;2025-05,22197,,False
疾病康复,awareness,suicide awareness shirt,4,2025-03;2025-08;2025-09;2025-10,22810,,False
疾病康复,survivor,survivor 49,4,2025-09;2025-10;2025-11;2025-12,26126,,False
疾病康复,survivor,designated survivor,11,2025-01;2025-02;2025-03;2025-04;2025-05;2025-06;2025-07;2025-08;2025-09;2025-10;2025-11,28122,4.758,False
疾病康复,survivor,survivor game,9,2025-01;2025-02;2025-03;2025-04;2025-05;2025-06;2025-08;2025-11;2025-12,31677,0.848,False
疾病康复,warrior,warrior princess assassin,5,2025-08;2025-09;2025-10;2025-11;2025-12,32846,,False
疾病康复,warrior,warrior cats graphic novel,12,2025-01;2025-02;2025-03;2025-04;2025-05;2025-06;2025-07;2025-08;2025-09;2025-10;2025-11;2025-12,33227,0.41,False
疾病康复,awareness,autism awareness stuff,3,2025-03;2025-04;2025-05,35087,,False
疾病康复,warrior,the 13th warrior,12,2025-01;2025-02;2025-03;2025-04;2025-05;2025-06;2025-07;2025-08;2025-09;2025-10;2025-11;2025-12,35635,2.923,False
疾病康复,warrior,xena: warrior princess,12,2025-01;2025-02;2025-03;2025-04;2025-05;2025-06;2025-07;2025-08;2025-09;2025-10;2025-11;2025-12,36104,2.349,False
疾病康复,awareness,breast cancer awareness socks,2,2025-09;2025-10,39754,,False
疾病康复,awareness,childhood cancer awareness shirts,1,2025-09,44587,,False
疾病康复,survivor,survivor 48,3,2025-03;2025-04;2025-05,45719,,False
疾病康复,awareness,breast cancer awareness pins,2,2025-09;2025-10,47803,,False
疾病康复,awareness,breast cancer awareness bracelets,2,2025-09;2025-10,48065,,True
疾病康复,awareness,awareness anthony de mello,4,2025-05;2025-06;2025-07;2025-12,52340,,False
疾病康复,awareness,cancer awareness shirts,2,2025-09;2025-10,52666,,False
疾病康复,awareness,suicide prevention awareness,2,2025-08;2025-09,56067,,False
疾病康复,awareness,autism awareness shirt kids,2,2025-03;2025-04,59576,,False
疾病康复,survivor,survivor buff,10,2025-02;2025-03;2025-04;2025-05;2025-06;2025-07;2025-09;2025-10;2025-11;2025-12,60931,0.931,False
疾病康复,warrior,american ninja warrior,8,2025-01;2025-02;2025-03;2025-04;2025-05;2025-06;2025-07;2025-08,61848,0.668,False
疾病康复,warrior,sun warrior protein powder,12,2025-01;2025-02;2025-03;2025-04;2025-05;2025-06;2025-07;2025-08;2025-09;2025-10;2025-11;2025-12,64824,1.497,False
疾病康复,survivor,survivor board game,6,2025-01;2025-03;2025-04;2025-05;2025-11;2025-12,66164,0.656,False
疾病康复,awareness,breast cancer awareness shirt men,1,2025-10,70910,,False
疾病康复,awareness,breast cancer awareness sweatshirt,2,2025-09;2025-10,74157,,False
疾病康复,awareness,awareness,6,2025-06;2025-08;2025-09;2025-10;2025-11;2025-12,74379,0.911,False
疾病康复,warrior,ninja warrior obstacle course for kids,10,2025-03;2025-04;2025-05;2025-06;2025-07;2025-08;2025-09;2025-10;2025-11;2025-12,74469,1.166,False
疾病康复,awareness,cancer awareness items,2,2025-09;2025-10,76604,,False
疾病康复,awareness,domestic violence awareness shirt,1,2025-10,76604,,False
疾病康复,warrior,diary of an 8 bit warrior,12,2025-01;2025-02;2025-03;2025-04;2025-05;2025-06;2025-07;2025-08;2025-09;2025-10;2025-11;2025-12,83745,0.631,False
疾病康复,awareness,mens breast cancer awareness shirt,1,2025-10,85334,,False
疾病康复,warrior,way of the warrior kid,10,2025-01;2025-02;2025-03;2025-04;2025-05;2025-06;2025-09;2025-10;2025-11;2025-12,85378,0.908,False
疾病康复,warrior,warrior cats merch,4,2025-04;2025-10;2025-11;2025-12,87342,,False
疾病康复,awareness,breast cancer awareness shirts,2,2025-09;2025-10,88472,,False
疾病康复,awareness,suicide prevention awareness shirt,1,2025-09,90576,,False
疾病康复,awareness,domestic violence awareness items,2,2025-09;2025-10,94032,,False
疾病康复,survivor,breast cancer survivor shirt,2,2025-09;2025-10,94191,,False
疾病康复,awareness,suicide awareness items,1,2025-09,94423,,False
疾病康复,warrior,pacifica bacne warrior spray,5,2025-02;2025-03;2025-04;2025-05;2025-06,101481,,False
疾病康复,awareness,autism awareness bracelet,2,2025-03;2025-04,101917,,True
疾病康复,survivor,breast cancer survivor gifts,1,2025-10,104200,,False
疾病康复,warrior,warrior costume women,1,2025-10,105769,,False
疾病康复,survivor,the survivor wants to die at the end,1,2025-05,108496,,False
疾病康复,awareness,alzheimers awareness shirts,2,2025-09;2025-10,109923,,False
疾病康复,survivor,survivor merch,1,2025-12,109939,,False
疾病康复,awareness,down syndrome awareness,1,2025-03,110139,,False
疾病康复,awareness,mental health awareness,2,2025-04;2025-05,113455,,False
疾病康复,warrior,warrior cats plush,3,2025-01;2025-11;2025-12,113892,,False
疾病康复,survivor,breast cancer survivor shirts for women,1,2025-10,114299,,False
疾病康复,awareness,breast cancer awareness stickers,2,2025-09;2025-10,114617,,False
疾病康复,awareness,breast cancer awareness earrings,1,2025-10,114842,,True
疾病康复,warrior,king warrior magician lover,7,2025-01;2025-02;2025-03;2025-04;2025-06;2025-07;2025-10,115351,1.134,False
疾病康复,survivor,teenage daughter survivor shirt,1,2025-06,116314,,False
疾病康复,warrior,ong bak - the thai warrior,7,2025-01;2025-02;2025-03;2025-04;2025-05;2025-06;2025-07,121539,0.905,False
疾病康复,awareness,breast cancer awareness shirts for women,1,2025-10,123437,,False
疾病康复,awareness,down syndrome awareness socks,1,2025-03,130282,,False
疾病康复,warrior,xena warrior princess costume,1,2025-10,131068,,False
疾病康复,awareness,suicide awareness,4,2025-02;2025-03;2025-08;2025-09,137605,,False
疾病康复,warrior,warrior cats books,2,2025-11;2025-12,139173,,False
疾病康复,awareness,boys breast cancer awareness shirts,1,2025-10,140361,,False
疾病康复,survivor,breast cancer survivor,1,2025-10,144802,,False
疾病康复,warrior,olight warrior ultra,1,2025-04,144849,,False
疾病康复,warrior,xena warrior princess,6,2025-01;2025-02;2025-03;2025-04;2025-08;2025-09,144943,1.16,False
疾病康复,warrior,warrior kid medic,1,2025-11,148779,,False
疾病康复,awareness,autism awareness shirt men,2,2025-03;2025-04,151355,,False
疾病康复,awareness,autism awareness shirt women,2,2025-03;2025-04,156160,,False
疾病康复,awareness,suicide awareness bracelets,1,2025-09,156976,,True
疾病康复,awareness,breast cancer awareness banner,1,2025-10,160215,,False
疾病康复,awareness,breast cancer awareness pin,1,2025-10,163136,,False
疾病康复,awareness,breast cancer awareness t-shirts,2,2025-09;2025-10,167769,,False
疾病康复,awareness,breast cancer awareness pens,1,2025-10,169178,,False
疾病康复,awareness,colon cancer awareness shirts,1,2025-03,169882,,False
疾病康复,warrior,the warrior,1,2025-05,170543,,False
疾病康复,survivor,jedi survivor ps5,2,2025-01;2025-05,172588,,False
疾病康复,awareness,childhood cancer awareness items,1,2025-09,173011,,False
疾病康复,awareness,lupus awareness shirt,1,2025-05,174342,,False
疾病康复,awareness,epilepsy awareness shirts,1,2025-03,181121,,False
疾病康复,awareness,autism awareness decorations,1,2025-03,183448,,False
疾病康复,awareness,overdose awareness shirt,1,2025-08,183754,,False
疾病康复,awareness,cerebral palsy awareness shirt,1,2025-03,184724,,False
疾病康复,survivor,soul survivor,1,2025-06,185636,,False
疾病康复,awareness,ovarian cancer awareness products,1,2025-09,187870,,False
疾病康复,warrior,naked warrior,1,2025-02,189505,,False
疾病康复,awareness,pink ribbon breast cancer awareness,1,2025-10,194815,,False
疾病康复,awareness,diabetes awareness shirt,1,2025-11,195169,,False
疾病康复,survivor,survivor hat,1,2025-10,199567,,False
纪念哀悼,memorial,dog memorial gifts for loss of dog,12,2025-01;2025-02;2025-03;2025-04;2025-05;2025-06;2025-07;2025-08;2025-09;2025-10;2025-11;2025-12,1002,1.438,False
纪念哀悼,memorial,pet memorial gifts for dogs,12,2025-01;2025-02;2025-03;2025-04;2025-05;2025-06;2025-07;2025-08;2025-09;2025-10;2025-11;2025-12,1787,1.272,False
纪念哀悼,memorial,pet memorial,12,2025-01;2025-02;2025-03;2025-04;2025-05;2025-06;2025-07;2025-08;2025-09;2025-10;2025-11;2025-12,2016,1.183,False
纪念哀悼,memorial,memorial day decorations,3,2025-03;2025-04;2025-05,3526,,False
纪念哀悼,fingerprint,fingerprint door lock,12,2025-01;2025-02;2025-03;2025-04;2025-05;2025-06;2025-07;2025-08;2025-09;2025-10;2025-11;2025-12,10201,1.709,False
纪念哀悼,ashes,urns for human ashes,12,2025-01;2025-02;2025-03;2025-04;2025-05;2025-06;2025-07;2025-08;2025-09;2025-10;2025-11;2025-12,10751,0.133,False
纪念哀悼,sympathy,sympathy cards,12,2025-01;2025-02;2025-03;2025-04;2025-05;2025-06;2025-07;2025-08;2025-09;2025-10;2025-11;2025-12,11301,2.23,False
纪念哀悼,memorial,memorial day shirts for women,1,2025-05,11606,,False
纪念哀悼,ashes,urn for ashes adult male,12,2025-01;2025-02;2025-03;2025-04;2025-05;2025-06;2025-07;2025-08;2025-09;2025-10;2025-11;2025-12,12945,2.917,False
纪念哀悼,sympathy,sympathy gifts for loss of loved one,12,2025-01;2025-02;2025-03;2025-04;2025-05;2025-06;2025-07;2025-08;2025-09;2025-10;2025-11;2025-12,12975,1.797,False
纪念哀悼,memorial,memorial gifts,12,2025-01;2025-02;2025-03;2025-04;2025-05;2025-06;2025-07;2025-08;2025-09;2025-10;2025-11;2025-12,13416,0.974,False
纪念哀悼,ashes,urn for ashes for women,12,2025-01;2025-02;2025-03;2025-04;2025-05;2025-06;2025-07;2025-08;2025-09;2025-10;2025-11;2025-12,16332,6.128,False
纪念哀悼,memorial,memorial day outfit women,1,2025-05,16869,,False
纪念哀悼,memorial,memorial day sale,1,2025-05,17975,,False
纪念哀悼,ashes,king of ashes,8,2025-05;2025-06;2025-07;2025-08;2025-09;2025-10;2025-11;2025-12,18419,2.074,False
纪念哀悼,ashes,urn necklaces for ashes,12,2025-01;2025-02;2025-03;2025-04;2025-05;2025-06;2025-07;2025-08;2025-09;2025-10;2025-11;2025-12,19290,1.76,True
纪念哀悼,memorial,memorial day,1,2025-05,20656,,False
纪念哀悼,ashes,crown of light and ashes,6,2025-06;2025-07;2025-08;2025-10;2025-11;2025-12,22371,0.404,False
纪念哀悼,keepsake,keepsake box,12,2025-01;2025-02;2025-03;2025-04;2025-05;2025-06;2025-07;2025-08;2025-09;2025-10;2025-11;2025-12,22426,1.047,False
纪念哀悼,memorial,memorial day playlist,1,2025-05,22789,,False
纪念哀悼,sympathy,sympathy gift baskets,12,2025-01;2025-02;2025-03;2025-04;2025-05;2025-06;2025-07;2025-08;2025-09;2025-10;2025-11;2025-12,23737,2.462,False
纪念哀悼,keepsake,baby book keepsake,12,2025-01;2025-02;2025-03;2025-04;2025-05;2025-06;2025-07;2025-08;2025-09;2025-10;2025-11;2025-12,24071,1.476,False
纪念哀悼,memorial,five days at memorial,9,2025-01;2025-02;2025-03;2025-04;2025-05;2025-06;2025-07;2025-08;2025-09,27379,1.848,False
纪念哀悼,memorial,memorial days geraldine brooks,3,2025-02;2025-03;2025-04,28530,,False
纪念哀悼,memorial,memorial day sales 2025,1,2025-05,28716,,False
纪念哀悼,memorial,memorial day flowers for cemetery,1,2025-05,29263,,False
纪念哀悼,ashes,urns for human ashes adult man,12,2025-01;2025-02;2025-03;2025-04;2025-05;2025-06;2025-07;2025-08;2025-09;2025-10;2025-11;2025-12,30274,4.658,False
纪念哀悼,cremation,cremation jewelry for ashes,12,2025-01;2025-02;2025-03;2025-04;2025-05;2025-06;2025-07;2025-08;2025-09;2025-10;2025-11;2025-12,32319,1.619,True
纪念哀悼,ashes,cremation jewelry for ashes,12,2025-01;2025-02;2025-03;2025-04;2025-05;2025-06;2025-07;2025-08;2025-09;2025-10;2025-11;2025-12,32319,1.619,True
纪念哀悼,sympathy,sympathy cards with envelopes,12,2025-01;2025-02;2025-03;2025-04;2025-05;2025-06;2025-07;2025-08;2025-09;2025-10;2025-11;2025-12,32554,1.442,False
纪念哀悼,fingerprint,fingerprint door knob,12,2025-01;2025-02;2025-03;2025-04;2025-05;2025-06;2025-07;2025-08;2025-09;2025-10;2025-11;2025-12,35170,1.692,False
纪念哀悼,sympathy,sympathy gift,12,2025-01;2025-02;2025-03;2025-04;2025-05;2025-06;2025-07;2025-08;2025-09;2025-10;2025-11;2025-12,36283,2.042,False
纪念哀悼,memorial,memorial wind chimes,12,2025-01;2025-02;2025-03;2025-04;2025-05;2025-06;2025-07;2025-08;2025-09;2025-10;2025-11;2025-12,38832,1.785,False
纪念哀悼,memorial,memorial day garden flag,2,2025-04;2025-05,40838,,False
纪念哀悼,ashes,small urns for human ashes keepsake,12,2025-01;2025-02;2025-03;2025-04;2025-05;2025-06;2025-07;2025-08;2025-09;2025-10;2025-11;2025-12,41563,2.215,False
纪念哀悼,keepsake,small urns for human ashes keepsake,12,2025-01;2025-02;2025-03;2025-04;2025-05;2025-06;2025-07;2025-08;2025-09;2025-10;2025-11;2025-12,41563,2.215,False
纪念哀悼,ashes,urns for human ashes adult female,12,2025-01;2025-02;2025-03;2025-04;2025-05;2025-06;2025-07;2025-08;2025-09;2025-10;2025-11;2025-12,42602,1.91,False
纪念哀悼,memorial,5 days at memorial,8,2025-01;2025-03;2025-04;2025-05;2025-06;2025-07;2025-08;2025-09,45636,2.12,False
纪念哀悼,sympathy,loss of dog sympathy gift,12,2025-01;2025-02;2025-03;2025-04;2025-05;2025-06;2025-07;2025-08;2025-09;2025-10;2025-11;2025-12,47564,1.528,False
纪念哀悼,ashes,king of ashes s.a. cosby,6,2025-05;2025-06;2025-07;2025-08;2025-11;2025-12,49341,1.679,False
纪念哀悼,keepsake,baby keepsake box,12,2025-01;2025-02;2025-03;2025-04;2025-05;2025-06;2025-07;2025-08;2025-09;2025-10;2025-11;2025-12,51718,1.471,False
纪念哀悼,memorial,memorial day decor,2,2025-04;2025-05,52868,,False
纪念哀悼,sympathy,sympathy card,12,2025-01;2025-02;2025-03;2025-04;2025-05;2025-06;2025-07;2025-08;2025-09;2025-10;2025-11;2025-12,53338,1.435,False
纪念哀悼,ashes,dog urns for ashes,12,2025-01;2025-02;2025-03;2025-04;2025-05;2025-06;2025-07;2025-08;2025-09;2025-10;2025-11;2025-12,55279,2.288,False
纪念哀悼,ashes,necklace for ashes,12,2025-01;2025-02;2025-03;2025-04;2025-05;2025-06;2025-07;2025-08;2025-09;2025-10;2025-11;2025-12,55688,1.28,True
纪念哀悼,memorial,memorial day decorations outdoor,1,2025-05,57250,,False
纪念哀悼,ashes,an ember in the ashes,12,2025-01;2025-02;2025-03;2025-04;2025-05;2025-06;2025-07;2025-08;2025-09;2025-10;2025-11;2025-12,58084,1.641,False
纪念哀悼,ashes,legacy of ashes,1,2025-07,58342,,False
纪念哀悼,memorial,dog memorial gifts,10,2025-01;2025-02;2025-03;2025-05;2025-06;2025-08;2025-09;2025-10;2025-11;2025-12,61128,0.645,False
纪念哀悼,memorial,memorial gifts for loss of mom,12,2025-01;2025-02;2025-03;2025-04;2025-05;2025-06;2025-07;2025-08;2025-09;2025-10;2025-11;2025-12,64152,1.427,False
纪念哀悼,memorial,dog memorial,12,2025-01;2025-02;2025-03;2025-04;2025-05;2025-06;2025-07;2025-08;2025-09;2025-10;2025-11;2025-12,64826,1.23,False
纪念哀悼,ashes,ashes necklace for women,12,2025-01;2025-02;2025-03;2025-04;2025-05;2025-06;2025-07;2025-08;2025-09;2025-10;2025-11;2025-12,65567,1.586,True
纪念哀悼,memorial,cat memorial gifts for loss of cat,12,2025-01;2025-02;2025-03;2025-04;2025-05;2025-06;2025-07;2025-08;2025-09;2025-10;2025-11;2025-12,66093,1.292,False
纪念哀悼,cremation,cremation urns for human ashes,11,2025-01;2025-02;2025-03;2025-04;2025-05;2025-06;2025-07;2025-08;2025-09;2025-10;2025-11,69573,2.006,False
纪念哀悼,ashes,cremation urns for human ashes,11,2025-01;2025-02;2025-03;2025-04;2025-05;2025-06;2025-07;2025-08;2025-09;2025-10;2025-11,69573,2.006,False
纪念哀悼,memorial,memorial day shirts for men,1,2025-05,69628,,False
纪念哀悼,cremation,cremation urns,10,2025-03;2025-04;2025-05;2025-06;2025-07;2025-08;2025-09;2025-10;2025-11;2025-12,70789,0.639,False
纪念哀悼,in memory,in memory of loved one gifts,12,2025-01;2025-02;2025-03;2025-04;2025-05;2025-06;2025-07;2025-08;2025-09;2025-10;2025-11;2025-12,72024,1.071,False
纪念哀悼,memorial,memorial ornaments,2,2025-11;2025-12,73738,,False
纪念哀悼,ashes,mini urns for human ashes,12,2025-01;2025-02;2025-03;2025-04;2025-05;2025-06;2025-07;2025-08;2025-09;2025-10;2025-11;2025-12,74743,1.482,False
纪念哀悼,in memory,windchimes in memory of a loved one,12,2025-01;2025-02;2025-03;2025-04;2025-05;2025-06;2025-07;2025-08;2025-09;2025-10;2025-11;2025-12,80858,1.808,False
纪念哀悼,keepsake,hallmark keepsake power cord,2,2025-11;2025-12,80992,,False
纪念哀悼,memorial,pet memorial stone,11,2025-01;2025-02;2025-03;2025-04;2025-05;2025-06;2025-07;2025-08;2025-09;2025-10;2025-11,81550,1.103,False
纪念哀悼,sympathy,sympathy gifts,12,2025-01;2025-02;2025-03;2025-04;2025-05;2025-06;2025-07;2025-08;2025-09;2025-10;2025-11;2025-12,82132,1.412,False
纪念哀悼,ashes,small urns for human ashes,12,2025-01;2025-02;2025-03;2025-04;2025-05;2025-06;2025-07;2025-08;2025-09;2025-10;2025-11;2025-12,83792,0.788,False
纪念哀悼,remembrance,remembrance gift for loss,4,2025-01;2025-02;2025-11;2025-12,84866,,False
纪念哀悼,ashes,the ashes and the star cursed king,9,2025-01;2025-02;2025-03;2025-04;2025-05;2025-06;2025-07;2025-08;2025-09,87620,1.409,False
纪念哀悼,memorial,memorial day shirt,1,2025-05,89761,,False
纪念哀悼,memorial,memorial day flag,1,2025-05,91333,,False
纪念哀悼,memorial,memorial days,1,2025-02,95007,,False
纪念哀悼,memorial,memorial day sales,1,2025-05,95044,,False
纪念哀悼,keepsake,keepsake trunk,12,2025-01;2025-02;2025-03;2025-04;2025-05;2025-06;2025-07;2025-08;2025-09;2025-10;2025-11;2025-12,95932,0.718,False
纪念哀悼,fingerprint,fingerprint lock,12,2025-01;2025-02;2025-03;2025-04;2025-05;2025-06;2025-07;2025-08;2025-09;2025-10;2025-11;2025-12,96298,1.332,False
纪念哀悼,memorial,memorial gifts for loss of dad,11,2025-01;2025-02;2025-03;2025-04;2025-06;2025-07;2025-08;2025-09;2025-10;2025-11;2025-12,97879,1.207,False
纪念哀悼,ashes,ash necklace for human ashes,11,2025-01;2025-02;2025-03;2025-04;2025-05;2025-06;2025-07;2025-08;2025-09;2025-10;2025-12,97960,1.756,True
纪念哀悼,memorial,memorial day wreath,1,2025-05,98494,,False
纪念哀悼,memorial,memorial christmas ornament,2,2025-11;2025-12,99176,,False
纪念哀悼,ashes,urns for ashes,11,2025-01;2025-02;2025-03;2025-04;2025-05;2025-06;2025-07;2025-08;2025-09;2025-10;2025-11,99296,1.192,False
纪念哀悼,ashes,urn for ashes,12,2025-01;2025-02;2025-03;2025-04;2025-05;2025-06;2025-07;2025-08;2025-09;2025-10;2025-11;2025-12,100974,1.249,False
纪念哀悼,memorial,dog memorial stone,7,2025-03;2025-04;2025-05;2025-06;2025-07;2025-08;2025-09,101591,1.243,False
纪念哀悼,sympathy,sympathy cards for loss of loved one,11,2025-01;2025-02;2025-03;2025-04;2025-05;2025-06;2025-07;2025-08;2025-09;2025-10;2025-11,101809,1.323,False
纪念哀悼,fingerprint,fingerprint deadbolt,1,2025-01,105389,,False
纪念哀悼,ashes,ashes keepsake,12,2025-01;2025-02;2025-03;2025-04;2025-05;2025-06;2025-07;2025-08;2025-09;2025-10;2025-11;2025-12,106272,1.773,False
纪念哀悼,keepsake,ashes keepsake,12,2025-01;2025-02;2025-03;2025-04;2025-05;2025-06;2025-07;2025-08;2025-09;2025-10;2025-11;2025-12,106272,1.773,False
纪念哀悼,fingerprint,fingerprint safe,12,2025-01;2025-02;2025-03;2025-04;2025-05;2025-06;2025-07;2025-08;2025-09;2025-10;2025-11;2025-12,107574,1.286,False
纪念哀悼,ashes,necklace for ashes of loved one,10,2025-01;2025-02;2025-03;2025-04;2025-05;2025-06;2025-07;2025-08;2025-09;2025-10,107897,1.722,True
纪念哀悼,cremation,cremation necklace for ashes,7,2025-01;2025-02;2025-03;2025-04;2025-05;2025-06;2025-07,108776,1.364,True
纪念哀悼,ashes,cremation necklace for ashes,7,2025-01;2025-02;2025-03;2025-04;2025-05;2025-06;2025-07,108776,1.364,True
纪念哀悼,remembrance,dog remembrance gift,12,2025-01;2025-02;2025-03;2025-04;2025-05;2025-06;2025-07;2025-08;2025-09;2025-10;2025-11;2025-12,111180,1.108,False
纪念哀悼,ashes,urn necklaces for ashes for women,9,2025-01;2025-02;2025-03;2025-04;2025-05;2025-06;2025-07;2025-08;2025-09,112832,1.294,True
纪念哀悼,keepsake,keepsake boxes with lids,4,2025-01;2025-02;2025-03;2025-04,113926,,False
纪念哀悼,sympathy,pet loss sympathy gift,12,2025-01;2025-02;2025-03;2025-04;2025-05;2025-06;2025-07;2025-08;2025-09;2025-10;2025-11;2025-12,116336,1.466,False
纪念哀悼,ashes,ashes for ash wednesday,1,2025-02,117057,,False
纪念哀悼,memorial,rainbow bridge dog memorial gifts,10,2025-01;2025-02;2025-03;2025-04;2025-05;2025-06;2025-07;2025-08;2025-09;2025-10,118446,1.348,False
纪念哀悼,keepsake,polly pocket keepsake collection,1,2025-03,118761,,False
纪念哀悼,fingerprint,fingerprint padlock,11,2025-01;2025-02;2025-03;2025-04;2025-05;2025-06;2025-07;2025-08;2025-09;2025-10;2025-11,123678,1.44,False
纪念哀悼,sympathy,sympathy wind chimes,9,2025-01;2025-02;2025-03;2025-04;2025-05;2025-06;2025-07;2025-08;2025-09,124593,1.248,False
纪念哀悼,ashes,ashes necklace,11,2025-01;2025-02;2025-03;2025-04;2025-05;2025-06;2025-07;2025-08;2025-09;2025-10;2025-12,125874,1.373,True
纪念哀悼,memorial,graduation memorial tassel charm,2,2025-04;2025-05,126153,,True
纪念哀悼,memorial,guest book for memorial service,10,2025-01;2025-02;2025-03;2025-04;2025-05;2025-06;2025-07;2025-08;2025-09;2025-10,128228,1.27,False
纪念哀悼,memorial,memorial day tablecloth,1,2025-05,128782,,False
纪念哀悼,ashes,ember in the ashes,8,2025-01;2025-02;2025-03;2025-04;2025-05;2025-06;2025-07;2025-08,129514,1.386,False
纪念哀悼,memorial,memorial day flowers,1,2025-05,129821,,False
纪念哀悼,memorial,memorial day banner,1,2025-05,131624,,False
纪念哀悼,sympathy,loss of a mother sympathy gifts,3,2025-01;2025-02;2025-05,134274,,False
纪念哀悼,memorial,memorial day shirts,1,2025-05,134359,,False
纪念哀悼,fingerprint,fingerprint gun safe,12,2025-01;2025-02;2025-03;2025-04;2025-05;2025-06;2025-07;2025-08;2025-09;2025-10;2025-11;2025-12,134772,0.945,False
纪念哀悼,memorial,memorial plaques for outdoors,5,2025-04;2025-05;2025-06;2025-07;2025-08,135370,,False
纪念哀悼,memorial,cat memorial,12,2025-01;2025-02;2025-03;2025-04;2025-05;2025-06;2025-07;2025-08;2025-09;2025-10;2025-11;2025-12,135779,1.072,False
纪念哀悼,keepsake,hallmark keepsake ornaments,2,2025-11;2025-12,136161,,False
纪念哀悼,memorial,funeral guest book for memorial service,10,2025-01;2025-02;2025-03;2025-04;2025-05;2025-07;2025-08;2025-09;2025-10;2025-11,138834,0.944,False
纪念哀悼,ashes,cat urns for ashes,8,2025-01;2025-02;2025-03;2025-04;2025-05;2025-06;2025-07;2025-08,140878,1.215,False
纪念哀悼,memorial,pet memorial gifts,3,2025-01;2025-02;2025-12,141486,,False
纪念哀悼,ashes,legacy of ashes the history of the cia,1,2025-07,141603,,False
纪念哀悼,ashes,ashes and the star cursed king,3,2025-01;2025-02;2025-03,141641,,False
纪念哀悼,memorial,memorial ornament,2,2025-11;2025-12,141719,,False
纪念哀悼,cremation,cremation urn,5,2025-01;2025-02;2025-03;2025-04;2025-05,143667,,False
纪念哀悼,ashes,urn for dog ashes,11,2025-01;2025-02;2025-03;2025-04;2025-05;2025-06;2025-07;2025-08;2025-09;2025-10;2025-11,144334,1.162,False
纪念哀悼,memorial,memorial ornaments for loss of loved one,2,2025-11;2025-12,146922,,False
纪念哀悼,keepsake,hallmark keepsake ornaments 2025,2,2025-11;2025-12,147111,,False
纪念哀悼,keepsake,wedding keepsake box,8,2025-03;2025-04;2025-05;2025-06;2025-07;2025-08;2025-09;2025-10,150321,0.932,False
纪念哀悼,memorial,memorial lantern,8,2025-01;2025-02;2025-03;2025-04;2025-07;2025-08;2025-09;2025-11,151967,1.016,False
纪念哀悼,cremation,cremation jewelry,9,2025-01;2025-02;2025-03;2025-04;2025-05;2025-06;2025-07;2025-08;2025-09,152407,1.061,True
纪念哀悼,memorial,memorial tassel for graduation 2025,2,2025-04;2025-05,155110,,False
纪念哀悼,ashes,ashes of us,1,2025-11,157823,,False
纪念哀悼,keepsake,keepsake urn,7,2025-01;2025-02;2025-03;2025-06;2025-07;2025-08;2025-09,158834,0.974,False
纪念哀悼,keepsake,birthday book keepsake,1,2025-12,161389,,False
纪念哀悼,keepsake,baby keepsake book,8,2025-01;2025-02;2025-03;2025-04;2025-05;2025-07;2025-08;2025-09,161625,1.201,False
纪念哀悼,ashes,human urns for ashes,1,2025-01,164342,,False
纪念哀悼,memorial,memorial wind chimes for loss of loved one,1,2025-05,165634,,False
纪念哀悼,sympathy,sympathy gifts for loss of mother,5,2025-05;2025-06;2025-08;2025-09;2025-10,165744,,False
纪念哀悼,fingerprint,fingerprint ink pad,5,2025-01;2025-02;2025-03;2025-04;2025-05,165803,,False
纪念哀悼,ashes,necklaces for ashes,5,2025-02;2025-03;2025-04;2025-05;2025-06,166879,,True
纪念哀悼,sympathy,loss of pet sympathy gift dog,3,2025-02;2025-03;2025-04,167842,,False
纪念哀悼,memorial,memorial necklace,1,2025-12,169437,,True
纪念哀悼,ashes,keepsake urns for human ashes,4,2025-02;2025-03;2025-04;2025-05,169470,,False
纪念哀悼,keepsake,keepsake urns for human ashes,4,2025-02;2025-03;2025-04;2025-05,169470,,False
纪念哀悼,memorial,memorial day plates and napkins,1,2025-05,171509,,False
纪念哀悼,ashes,a necklace that hold ashes,1,2025-01,171815,,True
纪念哀悼,memorial,memorial day decorations for grave,1,2025-05,171939,,False
纪念哀悼,ashes,king of ashes s a cosby,1,2025-06,173721,,False
纪念哀悼,ashes,ashes of the imperium,2,2025-11;2025-12,175541,,False
纪念哀悼,memorial,memorial candle,1,2025-09,180127,,False
纪念哀悼,memorial,memorial day plates,1,2025-05,180492,,False
纪念哀悼,memorial,dog memorial ornament,1,2025-12,184170,,False
纪念哀悼,ashes,pet urns for dogs ashes,1,2025-02,184296,,False
纪念哀悼,ashes,the ashes and the star cursed kimg,3,2025-01;2025-02;2025-03,184661,,False
纪念哀悼,ashes,ashes in the snow,1,2025-02,185223,,False
纪念哀悼,memorial,memorial day swimsuit women,1,2025-05,185414,,False
纪念哀悼,memorial,memorial day window clings,1,2025-04,185764,,False
纪念哀悼,sympathy,dog loss sympathy gift,5,2025-02;2025-03;2025-04;2025-05;2025-08,185764,,False
纪念哀悼,ashes,ashes of you,1,2025-02,185819,,False
纪念哀悼,sympathy,sympathy gifts for loss of mom,1,2025-02,185819,,False
纪念哀悼,memorial,memorial blanket,1,2025-12,185894,,False
纪念哀悼,keepsake,baby keepsake,4,2025-01;2025-02;2025-09;2025-12,186203,,False
纪念哀悼,ashes,ashes,1,2025-02,188498,,False
纪念哀悼,ashes,necklace urns for human ashes,1,2025-02,191893,,True
纪念哀悼,memorial,memorial day flags,1,2025-05,192349,,False
纪念哀悼,memorial,memorial stone,1,2025-09,194038,,False
纪念哀悼,memorial,personalized memorial gifts,1,2025-12,194151,,False
纪念哀悼,sympathy,loss of mother sympathy gifts,1,2025-09,195238,,False
纪念哀悼,ashes,angela's ashes,1,2025-03,195868,,False
纪念哀悼,memorial,memorial day napkins,1,2025-05,196889,,False
纪念哀悼,sympathy,sympathy flowers for delivery prime,1,2025-02,197324,,False
纪念哀悼,keepsake,pet fur keepsake,1,2025-08,198411,,False
纪念哀悼,ashes,earns for ashes for adult humans,1,2025-02,199616,,False
节日场合扩展,advent calendar,advent calendar 2025,6,2025-07;2025-08;2025-09;2025-10;2025-11;2025-12,18,0.077,False
节日场合扩展,st patrick*,st patricks day shirt women,4,2025-01;2025-02;2025-03;2025-12,125,,False
节日场合扩展,advent calendar,advent calendar,12,2025-01;2025-02;2025-03;2025-04;2025-05;2025-06;2025-07;2025-08;2025-09;2025-10;2025-11;2025-12,181,0.016,False
节日场合扩展,st patrick*,st patricks day decorations,4,2025-01;2025-02;2025-03;2025-12,368,,False
节日场合扩展,advent calendar,lego advent calendar 2025,6,2025-07;2025-08;2025-09;2025-10;2025-11;2025-12,382,0.035,False
节日场合扩展,prom,prom dress,12,2025-01;2025-02;2025-03;2025-04;2025-05;2025-06;2025-07;2025-08;2025-09;2025-10;2025-11;2025-12,409,9.352,False
节日场合扩展,st patrick*,st patricks day accessories,3,2025-01;2025-02;2025-03,539,,False
节日场合扩展,advent calendar,advent calendar for adults,5,2025-08;2025-09;2025-10;2025-11;2025-12,646,,False
节日场合扩展,mardi gras,mardi gras outfit for women,12,2025-01;2025-02;2025-03;2025-04;2025-05;2025-06;2025-07;2025-08;2025-09;2025-10;2025-11;2025-12,806,21.495,False
节日场合扩展,prom,prom dresses 2025,9,2025-01;2025-02;2025-03;2025-04;2025-05;2025-06;2025-07;2025-08;2025-09,1039,35.426,False
节日场合扩展,advent calendar,advent calendar for girls,5,2025-08;2025-09;2025-10;2025-11;2025-12,1204,,False
节日场合扩展,advent calendar,advent calendar for boys,5,2025-08;2025-09;2025-10;2025-11;2025-12,1208,,False
节日场合扩展,prom,prom dresses,12,2025-01;2025-02;2025-03;2025-04;2025-05;2025-06;2025-07;2025-08;2025-09;2025-10;2025-11;2025-12,1548,7.999,False
节日场合扩展,advent calendar,lego advent calendar,7,2025-01;2025-07;2025-08;2025-09;2025-10;2025-11;2025-12,1696,0.04,False
节日场合扩展,advent calendar,chocolate advent calendar 2025,4,2025-09;2025-10;2025-11;2025-12,2052,,False
节日场合扩展,mardi gras,mardi gras beads,12,2025-01;2025-02;2025-03;2025-04;2025-05;2025-06;2025-07;2025-08;2025-09;2025-10;2025-11;2025-12,2105,5.097,False
节日场合扩展,mardi gras,mardi gras decorations,12,2025-01;2025-02;2025-03;2025-04;2025-05;2025-06;2025-07;2025-08;2025-09;2025-10;2025-11;2025-12,2208,39.41,False
节日场合扩展,st patrick*,st patricks day shirt,3,2025-01;2025-02;2025-03,2271,,False
节日场合扩展,mardi gras,mardi gras shirts for women,4,2025-01;2025-02;2025-03;2025-12,2328,,False
节日场合扩展,st patrick*,st patricks day shirt men,3,2025-01;2025-02;2025-03,2489,,False
节日场合扩展,st patrick*,st patricks day,3,2025-01;2025-02;2025-03,2493,,False
节日场合扩展,advent calendar,kids advent calendar 2025,5,2025-08;2025-09;2025-10;2025-11;2025-12,2910,,False
节日场合扩展,advent calendar,advent calendar for teen girls,5,2025-08;2025-09;2025-10;2025-11;2025-12,3359,,False
节日场合扩展,advent calendar,needoh advent calendar 2025,4,2025-09;2025-10;2025-11;2025-12,3414,,False
节日场合扩展,advent calendar,beauty advent calendar 2025,4,2025-09;2025-10;2025-11;2025-12,3727,,False
节日场合扩展,advent calendar,fishing advent calendar 2025,5,2025-08;2025-09;2025-10;2025-11;2025-12,4218,,False
节日场合扩展,mardi gras,mardi gras,5,2025-01;2025-02;2025-03;2025-09;2025-12,4268,,False
节日场合扩展,st patrick*,st patricks day decor,3,2025-01;2025-02;2025-03,4492,,False
节日场合扩展,advent calendar,squishmallow advent calendar 2025,5,2025-08;2025-09;2025-10;2025-11;2025-12,4671,,False
节日场合扩展,advent calendar,pokemon advent calendar 2025,5,2025-08;2025-09;2025-10;2025-11;2025-12,4930,,False
节日场合扩展,advent calendar,buffalo trace advent calendar,3,2025-10;2025-11;2025-12,5765,,False
节日场合扩展,advent calendar,makeup advent calendar 2025,4,2025-09;2025-10;2025-11;2025-12,6060,,False
节日场合扩展,advent calendar,needoh advent calendar,4,2025-09;2025-10;2025-11;2025-12,6248,,False
节日场合扩展,advent calendar,adult advent calendar 2025,5,2025-08;2025-09;2025-10;2025-11;2025-12,6317,,False
节日场合扩展,advent calendar,boys advent calendar 2025,4,2025-09;2025-10;2025-11;2025-12,6346,,False
节日场合扩展,mardi gras,mardi gras mask,12,2025-01;2025-02;2025-03;2025-04;2025-05;2025-06;2025-07;2025-08;2025-09;2025-10;2025-11;2025-12,6380,4.996,False
节日场合扩展,advent calendar,advent calendar 2025 kids,5,2025-08;2025-09;2025-10;2025-11;2025-12,6413,,False
节日场合扩展,advent calendar,disney advent calendar,4,2025-09;2025-10;2025-11;2025-12,6429,,False
节日场合扩展,advent calendar,harry potter advent calendar,5,2025-08;2025-09;2025-10;2025-11;2025-12,6667,,False
节日场合扩展,advent calendar,halloween advent calendar 2025,4,2025-07;2025-08;2025-09;2025-10,6693,,False
节日场合扩展,advent calendar,whiskey advent calendar 2025,4,2025-09;2025-10;2025-11;2025-12,6726,,False
节日场合扩展,advent calendar,toddler advent calendar 2025,5,2025-08;2025-09;2025-10;2025-11;2025-12,7213,,False
节日场合扩展,advent calendar,girls advent calendar 2025,4,2025-09;2025-10;2025-11;2025-12,7361,,False
节日场合扩展,advent calendar,chocolate advent calendar,4,2025-09;2025-10;2025-11;2025-12,7530,,False
节日场合扩展,advent calendar,candy advent calendar 2025,4,2025-09;2025-10;2025-11;2025-12,7545,,False
节日场合扩展,advent calendar,bluey advent calendar 2025,5,2025-08;2025-09;2025-10;2025-11;2025-12,7569,,False
节日场合扩展,mardi gras,mardi gras earrings,3,2025-01;2025-02;2025-03,7904,,True
节日场合扩展,advent calendar,dog advent calendar 2025,4,2025-09;2025-10;2025-11;2025-12,8012,,False
节日场合扩展,advent calendar,harry potter advent calendar 2025,5,2025-08;2025-09;2025-10;2025-11;2025-12,8173,,False
节日场合扩展,advent calendar,advent calendar for men,4,2025-09;2025-10;2025-11;2025-12,8403,,False
节日场合扩展,st patrick*,gold coins st patricks day,2,2025-02;2025-03,8440,,False
节日场合扩展,advent calendar,advent calendar for kids,4,2025-09;2025-10;2025-11;2025-12,8520,,False
节日场合扩展,advent calendar,advent calendar 2025 adult,5,2025-08;2025-09;2025-10;2025-11;2025-12,8695,,False
节日场合扩展,prom,black prom dress,12,2025-01;2025-02;2025-03;2025-04;2025-05;2025-06;2025-07;2025-08;2025-09;2025-10;2025-11;2025-12,8739,5.588,False
节日场合扩展,advent calendar,advent calendar 2025 chocolate,4,2025-09;2025-10;2025-11;2025-12,8882,,False
节日场合扩展,st patrick*,funny st patricks day shirt,2,2025-02;2025-03,9195,,False
节日场合扩展,prom,prom decorations 2025,4,2025-03;2025-04;2025-05;2025-06,9198,,False
节日场合扩展,advent calendar,hot wheels advent calendar 2025,5,2025-08;2025-09;2025-10;2025-11;2025-12,9358,,False
节日场合扩展,st patrick*,mens st patricks day shirt,2,2025-02;2025-03,9551,,False
节日场合扩展,prom,prom jewelry,5,2025-01;2025-02;2025-03;2025-04;2025-05,9641,,True
节日场合扩展,st patrick*,st patricks day wreath,3,2025-01;2025-02;2025-03,9749,,False
节日场合扩展,advent calendar,wicked advent calendar 2025,4,2025-09;2025-10;2025-11;2025-12,9835,,False
节日场合扩展,advent calendar,kids advent calendar,4,2025-09;2025-10;2025-11;2025-12,9854,,False
节日场合扩展,advent calendar,tea advent calendar 2025,4,2025-09;2025-10;2025-11;2025-12,10127,,False
节日场合扩展,advent calendar,sephora advent calendar 2025,4,2025-09;2025-10;2025-11;2025-12,10375,,False
节日场合扩展,advent calendar,beauty advent calendar,4,2025-09;2025-10;2025-11;2025-12,10581,,False
节日场合扩展,advent calendar,minecraft advent calendar,5,2025-08;2025-09;2025-10;2025-11;2025-12,10879,,False
节日场合扩展,st patrick*,st patricks day candy,2,2025-02;2025-03,11059,,False
节日场合扩展,advent calendar,minecraft advent calendar 2025,5,2025-08;2025-09;2025-10;2025-11;2025-12,11115,,False
节日场合扩展,advent calendar,red bull advent calendar,3,2025-10;2025-11;2025-12,11374,,False
节日场合扩展,st patrick*,st patricks day hat,2,2025-02;2025-03,11503,,False
节日场合扩展,advent calendar,advent calendar chocolate,4,2025-09;2025-10;2025-11;2025-12,11617,,False
节日场合扩展,st patrick*,womens st patricks day shirt,2,2025-02;2025-03,11635,,False
节日场合扩展,advent calendar,pokemon advent calendar,5,2025-08;2025-09;2025-10;2025-11;2025-12,11690,,False
节日场合扩展,advent calendar,elf advent calendar 2025,3,2025-10;2025-11;2025-12,11749,,False
节日场合扩展,advent calendar,halloween advent calendar,3,2025-08;2025-09;2025-10,11946,,False
节日场合扩展,advent calendar,little people advent calendar 2025,6,2025-07;2025-08;2025-09;2025-10;2025-11;2025-12,11949,0.345,False
节日场合扩展,advent calendar,nee doh advent calendar,3,2025-10;2025-11;2025-12,12001,,False
节日场合扩展,advent calendar,squishmallow advent calendar,4,2025-09;2025-10;2025-11;2025-12,12041,,False
节日场合扩展,prom,prom,12,2025-01;2025-02;2025-03;2025-04;2025-05;2025-06;2025-07;2025-08;2025-09;2025-10;2025-11;2025-12,12112,0.835,False
节日场合扩展,advent calendar,stranger things advent calendar,3,2025-10;2025-11;2025-12,12124,,False
节日场合扩展,advent calendar,golf advent calendar 2025,4,2025-09;2025-10;2025-11;2025-12,12224,,False
节日场合扩展,mardi gras,mardi gras shirt,3,2025-01;2025-02;2025-03,12235,,False
节日场合扩展,mardi gras,mardi gras shirts for men,3,2025-01;2025-02;2025-03,12410,,False
节日场合扩展,advent calendar,advent calendar for pets,4,2025-08;2025-09;2025-10;2025-11,12560,,False
节日场合扩展,advent calendar,fishing advent calendar,5,2025-08;2025-09;2025-10;2025-11;2025-12,12656,,False
节日场合扩展,advent calendar,makeup advent calendar,4,2025-09;2025-10;2025-11;2025-12,12790,,False
节日场合扩展,advent calendar,advent calendar for women,4,2025-09;2025-10;2025-11;2025-12,13011,,False
节日场合扩展,advent calendar,nee doh advent calendar 2025,3,2025-10;2025-11;2025-12,13070,,False
节日场合扩展,advent calendar,sea glass advent calendar,4,2025-09;2025-10;2025-11;2025-12,13070,,False
节日场合扩展,advent calendar,lego flower advent calendar,4,2025-09;2025-10;2025-11;2025-12,13111,,False
节日场合扩展,prom,red prom dress,11,2025-01;2025-02;2025-03;2025-04;2025-05;2025-06;2025-08;2025-09;2025-10;2025-11;2025-12,13604,5.762,False
节日场合扩展,prom,prom dresses for teens,12,2025-01;2025-02;2025-03;2025-04;2025-05;2025-06;2025-07;2025-08;2025-09;2025-10;2025-11;2025-12,13759,3.378,False
节日场合扩展,advent calendar,book advent calendar,4,2025-09;2025-10;2025-11;2025-12,13940,,False
节日场合扩展,advent calendar,mens advent calendar 2025,4,2025-09;2025-10;2025-11;2025-12,13947,,False
节日场合扩展,advent calendar,teen advent calendar 2025,4,2025-09;2025-10;2025-11;2025-12,14140,,False
节日场合扩展,prom,prom dresses for women,12,2025-01;2025-02;2025-03;2025-04;2025-05;2025-06;2025-07;2025-08;2025-09;2025-10;2025-11;2025-12,14196,0.916,False
节日场合扩展,advent calendar,advent calendar lego,4,2025-09;2025-10;2025-11;2025-12,14276,,False
节日场合扩展,advent calendar,dog advent calendar,4,2025-09;2025-10;2025-11;2025-12,14357,,False
节日场合扩展,advent calendar,teen girl advent calendar 2025,4,2025-09;2025-10;2025-11;2025-12,15006,,False
节日场合扩展,advent calendar,boys advent calendar,4,2025-09;2025-10;2025-11;2025-12,15090,,False
节日场合扩展,advent calendar,advent calendar for teen boys,4,2025-09;2025-10;2025-11;2025-12,15168,,False
节日场合扩展,advent calendar,nativity advent calendar,4,2025-09;2025-10;2025-11;2025-12,15292,,False
节日场合扩展,st patrick*,st patricks day sweatshirt women,3,2025-01;2025-02;2025-03,15380,,False
节日场合扩展,st patrick*,st patricks day garland,3,2025-01;2025-02;2025-03,15385,,False
节日场合扩展,advent calendar,puzzle advent calendar 2025,4,2025-09;2025-10;2025-11;2025-12,15855,,False
节日场合扩展,advent calendar,mini brands advent calendar,4,2025-09;2025-10;2025-11;2025-12,15951,,False
节日场合扩展,advent calendar,stitch advent calendar 2025,4,2025-09;2025-10;2025-11;2025-12,16280,,False
节日场合扩展,prom,prom dresses for women 2024,1,2025-01,16343,,False
节日场合扩展,advent calendar,funko pop advent calendar 2025,4,2025-09;2025-10;2025-11;2025-12,16603,,False
节日场合扩展,advent calendar,candy advent calendar,4,2025-09;2025-10;2025-11;2025-12,16728,,False
节日场合扩展,advent calendar,diy advent calendar,4,2025-09;2025-10;2025-11;2025-12,16833,,False
节日场合扩展,advent calendar,lindt advent calendar 2025,3,2025-10;2025-11;2025-12,16869,,False
节日场合扩展,st patrick*,boys st patricks day shirt,2,2025-02;2025-03,16964,,False
节日场合扩展,advent calendar,advent calendar kids,4,2025-09;2025-10;2025-11;2025-12,16967,,False
节日场合扩展,st patrick*,st patricks day outfits for women,2,2025-02;2025-03,17165,,False
节日场合扩展,advent calendar,toddler advent calendar,4,2025-09;2025-10;2025-11;2025-12,17175,,False
节日场合扩展,st patrick*,st patricks day shirts,2,2025-02;2025-03,17247,,False
节日场合扩展,advent calendar,barbie advent calendar 2025,4,2025-08;2025-09;2025-10;2025-11,17332,,False
节日场合扩展,advent calendar,slime advent calendar,3,2025-10;2025-11;2025-12,17615,,False
节日场合扩展,mardi gras,mardi gras accessories,5,2025-01;2025-02;2025-03;2025-09;2025-12,17669,,False
节日场合扩展,advent calendar,best advent calendar 2025,4,2025-09;2025-10;2025-11;2025-12,17730,,False
节日场合扩展,advent calendar,star wars advent calendar 2025,4,2025-09;2025-10;2025-11;2025-12,17976,,False
节日场合扩展,advent calendar,cat advent calendar 2025,4,2025-09;2025-10;2025-11;2025-12,18056,,False
节日场合扩展,advent calendar,gilmore girls advent calendar 2025,4,2025-09;2025-10;2025-11;2025-12,18820,,False
节日场合扩展,st patrick*,st patrick's day shirt,2,2025-02;2025-03,18973,,False
节日场合扩展,advent calendar,disney advent calendar 2025,5,2025-08;2025-09;2025-10;2025-11;2025-12,18999,,False
节日场合扩展,advent calendar,teen boy advent calendar 2025,3,2025-10;2025-11;2025-12,19190,,False
节日场合扩展,st patrick*,st patricks day earrings,3,2025-01;2025-02;2025-03,19542,,True
节日场合扩展,advent calendar,christmas advent calendar,4,2025-09;2025-10;2025-11;2025-12,19619,,False
节日场合扩展,advent calendar,wicked advent calendar,4,2025-09;2025-10;2025-11;2025-12,19849,,False
节日场合扩展,mardi gras,mardi gras headband,3,2025-01;2025-02;2025-03,19882,,False
节日场合扩展,advent calendar,kpop demon hunters advent calendar,4,2025-09;2025-10;2025-11;2025-12,20042,,False
节日场合扩展,st patrick*,st patricks day table runner,3,2025-01;2025-02;2025-03,20154,,False
节日场合扩展,st patrick*,st patricks day headband,2,2025-02;2025-03,20197,,False
节日场合扩展,advent calendar,hello kitty advent calendar,4,2025-09;2025-10;2025-11;2025-12,20286,,False
节日场合扩展,advent calendar,advent calendar 2025 girls,4,2025-09;2025-10;2025-11;2025-12,20514,,False
节日场合扩展,st patrick*,st patrick's day decorations,3,2025-01;2025-02;2025-03,20571,,False
节日场合扩展,advent calendar,advent calendar 2025 boys,3,2025-10;2025-11;2025-12,20609,,False
节日场合扩展,advent calendar,advent calendar beauty,3,2025-10;2025-11;2025-12,20691,,False
节日场合扩展,advent calendar,hello kitty advent calendar 2025,4,2025-09;2025-10;2025-11;2025-12,20980,,False
节日场合扩展,st patrick*,girls st patricks day shirt,2,2025-02;2025-03,20991,,False
节日场合扩展,advent calendar,puzzle advent calendar,4,2025-09;2025-10;2025-11;2025-12,21251,,False
节日场合扩展,mardi gras,mardi gras accessories for women,3,2025-01;2025-02;2025-03,21259,,False
节日场合扩展,prom,gold prom dress,7,2025-01;2025-02;2025-03;2025-04;2025-05;2025-06;2025-09,21280,3.052,False
节日场合扩展,st patrick*,kids st patricks day shirt,2,2025-02;2025-03,21280,,False
节日场合扩展,advent calendar,ulta advent calendar 2025,4,2025-09;2025-10;2025-11;2025-12,21389,,False
节日场合扩展,st patrick*,st patricks day garden flag,3,2025-01;2025-02;2025-03,21391,,False
节日场合扩展,prom,prom heels,5,2025-01;2025-02;2025-03;2025-04;2025-05,21654,,False
节日场合扩展,prom,pink prom dress,8,2025-01;2025-02;2025-03;2025-04;2025-05;2025-06;2025-09;2025-10,21731,3.257,False
节日场合扩展,prom,prom suits for men,4,2025-02;2025-03;2025-04;2025-05,21766,,False
节日场合扩展,advent calendar,monster jam advent calendar 2025,2,2025-10;2025-11,21958,,False
节日场合扩展,mardi gras,mardi gras masks,3,2025-01;2025-02;2025-03,22201,,False
节日场合扩展,st patrick*,st patricks day shirt kids,2,2025-02;2025-03,22420,,False
节日场合扩展,advent calendar,coffee advent calendar 2025,4,2025-09;2025-10;2025-11;2025-12,22532,,False
节日场合扩展,advent calendar,advent calendar 2025 lego,3,2025-10;2025-11;2025-12,22744,,False
节日场合扩展,advent calendar,girls advent calendar,4,2025-09;2025-10;2025-11;2025-12,23112,,False
节日场合扩展,advent calendar,advent calendar 2025 adult women,4,2025-09;2025-10;2025-11;2025-12,23139,,False
节日场合扩展,st patrick*,st patricks day window clings,3,2025-01;2025-02;2025-03,23162,,False
节日场合扩展,advent calendar,jewelry advent calendar 2025,3,2025-10;2025-11;2025-12,23299,,True
节日场合扩展,advent calendar,highland cow advent calendar 2025,4,2025-09;2025-10;2025-11;2025-12,23452,,False
节日场合扩展,advent calendar,12 day advent calendar,2,2025-11;2025-12,23857,,False
节日场合扩展,advent calendar,paw patrol advent calendar 2025,4,2025-09;2025-10;2025-11;2025-12,23860,,False
节日场合扩展,advent calendar,mens advent calendar,3,2025-10;2025-11;2025-12,23875,,False
节日场合扩展,st patrick*,st patricks day necklaces,2,2025-02;2025-03,24007,,True
节日场合扩展,advent calendar,fidget advent calendar,3,2025-10;2025-11;2025-12,24066,,False
节日场合扩展,advent calendar,boy advent calendar 2025,3,2025-10;2025-11;2025-12,24084,,False
节日场合扩展,advent calendar,bonne maman advent calendar 2025,5,2025-08;2025-09;2025-10;2025-11;2025-12,24130,,False
节日场合扩展,advent calendar,tea advent calendar,3,2025-10;2025-11;2025-12,24471,,False
节日场合扩展,advent calendar,slime advent calendar 2025,3,2025-10;2025-11;2025-12,24577,,False
节日场合扩展,advent calendar,stranger things advent calendar 2025,3,2025-10;2025-11;2025-12,24579,,False
节日场合扩展,st patrick*,st patricks day tattoos,2,2025-02;2025-03,24589,,False
节日场合扩展,advent calendar,advent calendar makeup,3,2025-10;2025-11;2025-12,24707,,False
节日场合扩展,advent calendar,sephora advent calendar,4,2025-09;2025-10;2025-11;2025-12,24860,,False
节日场合扩展,advent calendar,lego city advent calendar 2025,4,2025-09;2025-10;2025-11;2025-12,24876,,False
节日场合扩展,advent calendar,buffalo trace advent calendar 2025,2,2025-10;2025-11,25107,,False
节日场合扩展,advent calendar,adult advent calendar,4,2025-09;2025-10;2025-11;2025-12,25127,,False
节日场合扩展,advent calendar,amazon advent calendar,2,2025-11;2025-12,25238,,False
节日场合扩展,advent calendar,grinch advent calendar 2025,3,2025-10;2025-11;2025-12,25444,,False
节日场合扩展,st patrick*,st patricks day stickers,2,2025-02;2025-03,25569,,False
节日场合扩展,advent calendar,amazon advent calendar 2025,3,2025-10;2025-11;2025-12,25589,,False
节日场合扩展,advent calendar,bluey advent calendar,4,2025-09;2025-10;2025-11;2025-12,25659,,False
节日场合扩展,advent calendar,advent calendar book,4,2025-09;2025-10;2025-11;2025-12,26078,,False
节日场合扩展,advent calendar,jewelry advent calendar,4,2025-09;2025-10;2025-11;2025-12,26758,,True
节日场合扩展,advent calendar,perfume advent calendar,3,2025-10;2025-11;2025-12,26810,,False
节日场合扩展,prom,prom shoes,5,2025-01;2025-02;2025-03;2025-04;2025-05,26847,,False
节日场合扩展,advent calendar,fidget advent calendar 2025,3,2025-10;2025-11;2025-12,26913,,False
节日场合扩展,advent calendar,advent calendar candy,3,2025-10;2025-11;2025-12,26968,,False
节日场合扩展,advent calendar,kinder advent calendar 2025,3,2025-10;2025-11;2025-12,26996,,False
节日场合扩展,mardi gras,mens mardi gras shirt,2,2025-01;2025-02,27220,,False
节日场合扩展,st patrick*,st patricks day crop top,2,2025-02;2025-03,27227,,False
节日场合扩展,advent calendar,redbull advent calendar,3,2025-10;2025-11;2025-12,27293,,False
节日场合扩展,st patrick*,st patricks day tablecloth,3,2025-01;2025-02;2025-03,27429,,False
节日场合扩展,st patrick*,st patricks day earrings for women,2,2025-02;2025-03,27511,,True
节日场合扩展,mardi gras,mardi gras shirts,2,2025-01;2025-02,27575,,False
节日场合扩展,advent calendar,little people advent calendar,5,2025-07;2025-08;2025-09;2025-10;2025-11,27763,,False
节日场合扩展,mardi gras,mardi gras hat,2,2025-01;2025-02,28051,,False
节日场合扩展,advent calendar,hot wheels advent calendar,4,2025-09;2025-10;2025-11;2025-12,28120,,False
节日场合扩展,st patrick*,st patricks day socks,2,2025-02;2025-03,28270,,False
节日场合扩展,advent calendar,womens advent calendar 2025,3,2025-10;2025-11;2025-12,28286,,False
节日场合扩展,prom,purple prom dress,6,2025-01;2025-02;2025-03;2025-04;2025-05;2025-09,28398,1.676,False
节日场合扩展,advent calendar,empty advent calendar,4,2025-09;2025-10;2025-11;2025-12,28415,,False
节日场合扩展,advent calendar,gnome advent calendar 2025,5,2025-08;2025-09;2025-10;2025-11;2025-12,28481,,False
节日场合扩展,advent calendar,mini brands advent calendar 2025,4,2025-09;2025-10;2025-11;2025-12,28525,,False
节日场合扩展,advent calendar,perfume advent calendar 2025,3,2025-10;2025-11;2025-12,28531,,False
节日场合扩展,advent calendar,advent calendar puzzle,4,2025-09;2025-10;2025-11;2025-12,28773,,False
节日场合扩展,advent calendar,amazon beauty advent calendar,3,2025-10;2025-11;2025-12,28842,,False
节日场合扩展,advent calendar,baby advent calendar,3,2025-09;2025-10;2025-11,28867,,False
节日场合扩展,advent calendar,christmas advent calendar 2025 chocolate,2,2025-11;2025-12,28927,,False
节日场合扩展,advent calendar,cat advent calendar,4,2025-09;2025-10;2025-11;2025-12,29375,,False
节日场合扩展,advent calendar,make up advent calendar 2025,3,2025-10;2025-11;2025-12,29375,,False
节日场合扩展,prom,yellow prom dress,5,2025-01;2025-02;2025-03;2025-04;2025-05,29434,,False
节日场合扩展,advent calendar,fishing lure advent calendar 2025,5,2025-08;2025-09;2025-10;2025-11;2025-12,29486,,False
节日场合扩展,advent calendar,food advent calendar 2025,4,2025-09;2025-10;2025-11;2025-12,29542,,False
节日场合扩展,advent calendar,red bull advent calendar 2025,3,2025-10;2025-11;2025-12,29744,,False
节日场合扩展,advent calendar,wine advent calendar 2025,3,2025-10;2025-11;2025-12,29929,,False
节日场合扩展,advent calendar,girl advent calendar 2025,2,2025-10;2025-11,30151,,False
节日场合扩展,advent calendar,funko pop advent calendar,4,2025-09;2025-10;2025-11;2025-12,30336,,False
节日场合扩展,prom,plus size prom dress,8,2025-01;2025-02;2025-03;2025-04;2025-05;2025-06;2025-09;2025-10,30409,3.795,False
节日场合扩展,st patrick*,st patricks day baby girl outfit,3,2025-01;2025-02;2025-03,30694,,False
节日场合扩展,prom,blue prom dress,6,2025-01;2025-02;2025-03;2025-04;2025-05;2025-09,30907,1.153,False
节日场合扩展,advent calendar,football advent calendar 2025,3,2025-09;2025-10;2025-11,30974,,False
节日场合扩展,advent calendar,book advent calendar 2025,3,2025-09;2025-10;2025-11,31151,,False
节日场合扩展,advent calendar,lindt advent calendar,3,2025-10;2025-11;2025-12,31242,,False
节日场合扩展,advent calendar,reusable advent calendar,3,2025-10;2025-11;2025-12,31272,,False
节日场合扩展,prom,green prom dress,6,2025-01;2025-02;2025-03;2025-04;2025-05;2025-09,31778,1.626,False
节日场合扩展,advent calendar,dinosaur advent calendar 2025,3,2025-09;2025-10;2025-11,31906,,False
节日场合扩展,advent calendar,lps advent calendar,3,2025-10;2025-11;2025-12,32060,,False
节日场合扩展,st patrick*,toddler st patricks day shirt,2,2025-02;2025-03,32210,,False
节日场合扩展,advent calendar,kpop advent calendar,3,2025-09;2025-10;2025-11,32295,,False
节日场合扩展,mardi gras,mardi gras dress,2,2025-01;2025-02,32316,,False
节日场合扩展,advent calendar,swear bear advent calendar,3,2025-10;2025-11;2025-12,32317,,False
节日场合扩展,advent calendar,wooden advent calendar,3,2025-10;2025-11;2025-12,32403,,False
节日场合扩展,prom,silver heels for prom,3,2025-03;2025-04;2025-05,32478,,False
节日场合扩展,advent calendar,lego star wars advent calendar 2025,4,2025-09;2025-10;2025-11;2025-12,32612,,False
节日场合扩展,advent calendar,anime advent calendar,4,2025-09;2025-10;2025-11;2025-12,32822,,False
节日场合扩展,advent calendar,advent calendar for teens,3,2025-10;2025-11;2025-12,32829,,False
节日场合扩展,advent calendar,golf advent calendar,4,2025-09;2025-10;2025-11;2025-12,32900,,False
节日场合扩展,advent calendar,bourbon advent calendar 2025,2,2025-10;2025-11,32966,,False
节日场合扩展,advent calendar,chapstick advent calendar 2025,3,2025-10;2025-11;2025-12,32982,,False
节日场合扩展,st patrick*,chocolate coins st patricks day,1,2025-03,33136,,False
节日场合扩展,st patrick*,st patricks day baby tee,2,2025-02;2025-03,33222,,False
节日场合扩展,mardi gras,mardi gras dress for women,2,2025-01;2025-02,33255,,False
节日场合扩展,advent calendar,12 days of christmas advent calendar,2,2025-11;2025-12,33346,,False
节日场合扩展,advent calendar,magnatiles advent calendar,4,2025-08;2025-09;2025-10;2025-11,33673,,False
节日场合扩展,st patrick*,st patricks day kids,2,2025-02;2025-03,33696,,False
节日场合扩展,advent calendar,craft advent calendar 2025,2,2025-10;2025-11,33744,,False
节日场合扩展,advent calendar,monster truck advent calendar 2025,3,2025-09;2025-10;2025-11,33772,,False
节日场合扩展,mardi gras,mardi gras beads bulk,3,2025-01;2025-02;2025-03,34004,,False
节日场合扩展,st patrick*,st patricks day sweatshirt,2,2025-02;2025-03,34033,,False
节日场合扩展,advent calendar,labubu advent calendar 2025,3,2025-10;2025-11;2025-12,34082,,False
节日场合扩展,mardi gras,mardi gras sweatshirt for women,2,2025-01;2025-02,34200,,False
节日场合扩展,st patrick*,st patricks day beads,2,2025-02;2025-03,34250,,False
节日场合扩展,advent calendar,littlest pet shop advent calendar,4,2025-09;2025-10;2025-11;2025-12,34280,,False
节日场合扩展,mardi gras,mardi gras tops for women,2,2025-01;2025-02,34532,,False
节日场合扩展,advent calendar,advent calendar 2025 makeup,3,2025-10;2025-11;2025-12,34727,,False
节日场合扩展,advent calendar,brain rot advent calendar,2,2025-10;2025-11,34740,,False
节日场合扩展,advent calendar,polly pocket advent calendar 2025,4,2025-08;2025-09;2025-10;2025-11,34841,,False
节日场合扩展,st patrick*,st patricks day hats,2,2025-02;2025-03,34899,,False
节日场合扩展,prom,gold prom jewelry,4,2025-02;2025-03;2025-04;2025-05,35186,,True
节日场合扩展,advent calendar,lego advent calendar 2025 christmas,3,2025-09;2025-10;2025-11,35250,,False
节日场合扩展,mardi gras,mardi gras decor,3,2025-01;2025-02;2025-12,35328,,False
节日场合扩展,advent calendar,teen advent calendar,3,2025-10;2025-11;2025-12,35349,,False
节日场合扩展,advent calendar,funko advent calendar,4,2025-09;2025-10;2025-11;2025-12,35400,,False
节日场合扩展,st patrick*,st patricks day pillow covers 18x18,3,2025-01;2025-02;2025-03,35635,,False
节日场合扩展,prom,silver prom jewelry,3,2025-03;2025-04;2025-05,35681,,True
节日场合扩展,advent calendar,advent calendar 2025 teen girls,3,2025-10;2025-11;2025-12,35720,,False
节日场合扩展,st patrick*,st patricks day gifts for kids,2,2025-02;2025-03,35806,,False
节日场合扩展,prom,prom accessories,3,2025-03;2025-04;2025-05,35831,,False
节日场合扩展,prom,prom queen sash,2,2025-09;2025-10,35833,,False
节日场合扩展,advent calendar,advent calendar for toddlers,3,2025-09;2025-10;2025-11,35847,,False
节日场合扩展,st patrick*,st patrick's day decor,2,2025-02;2025-03,36007,,False
节日场合扩展,advent calendar,advent calendar 2025 women,3,2025-10;2025-11;2025-12,36127,,False
节日场合扩展,st patrick*,st patricks day glasses,2,2025-02;2025-03,36129,,False
节日场合扩展,advent calendar,barbie advent calendar,3,2025-09;2025-10;2025-11,36366,,False
节日场合扩展,advent calendar,men advent calendar 2025,2,2025-10;2025-11,36579,,False
节日场合扩展,advent calendar,roblox advent calendar 2025,2,2025-10;2025-11,36716,,False
节日场合扩展,advent calendar,advent calendar 2025 candy,3,2025-10;2025-11;2025-12,37168,,False
节日场合扩展,mardi gras,mardi gras headband for women,1,2025-02,37517,,False
节日场合扩展,st patrick*,st patrick's day,2,2025-02;2025-03,38097,,False
节日场合扩展,advent calendar,whiskey advent calendar,3,2025-09;2025-10;2025-11,38125,,False
节日场合扩展,advent calendar,star wars advent calendar,4,2025-09;2025-10;2025-11;2025-12,38343,,False
节日场合扩展,advent calendar,advent calendar for women 2025,3,2025-10;2025-11;2025-12,38462,,False
节日场合扩展,st patrick*,womens st patricks day tops,2,2025-02;2025-03,38526,,False
节日场合扩展,advent calendar,nativity advent calendar 2025,2,2025-10;2025-11,38589,,False
节日场合扩展,advent calendar,baseball advent calendar 2025,3,2025-09;2025-10;2025-11,38730,,False
节日场合扩展,advent calendar,candle advent calendar 2025,3,2025-10;2025-11;2025-12,38884,,False
节日场合扩展,advent calendar,family advent calendar 2025,2,2025-10;2025-11,39014,,False
节日场合扩展,mardi gras,mardi gras outfit for men,2,2025-01;2025-02,39181,,False
节日场合扩展,st patrick*,st patricks day shirt women funny,2,2025-02;2025-03,39261,,False
节日场合扩展,advent calendar,stitch advent calendar,4,2025-09;2025-10;2025-11;2025-12,39613,,False
节日场合扩展,advent calendar,lego star wars advent calendar,4,2025-09;2025-10;2025-11;2025-12,39619,,False
节日场合扩展,advent calendar,advent calendar teen girl,2,2025-10;2025-11,39733,,False
节日场合扩展,mardi gras,mardi gras leg warmers,2,2025-01;2025-02,40026,,False
节日场合扩展,advent calendar,advent calendar boys,2,2025-11;2025-12,40115,,False
节日场合扩展,advent calendar,baseball advent calendar,3,2025-09;2025-10;2025-11,40161,,False
节日场合扩展,st patrick*,plus size st patricks day shirt women,2,2025-02;2025-03,40454,,False
节日场合扩展,advent calendar,lego minecraft advent calendar 2025,3,2025-09;2025-10;2025-11,40605,,False
节日场合扩展,advent calendar,playmobil advent calendar,4,2025-09;2025-10;2025-11;2025-12,40825,,False
节日场合扩展,advent calendar,brainrot advent calendar,1,2025-11,40983,,False
节日场合扩展,advent calendar,couples advent calendar 2025,2,2025-10;2025-11,41030,,False
节日场合扩展,advent calendar,labubu advent calendar,3,2025-10;2025-11;2025-12,41089,,False
节日场合扩展,advent calendar,taylor swift advent calendar 2025,2,2025-10;2025-11,41185,,False
节日场合扩展,advent calendar,diy advent calendar boxes to fill,2,2025-10;2025-11,41294,,False
节日场合扩展,mardi gras,mardi gras throws,2,2025-01;2025-02,41385,,False
节日场合扩展,advent calendar,elf advent calendar,3,2025-10;2025-11;2025-12,41640,,False
节日场合扩展,st patrick*,funny st patricks day shirt women,2,2025-02;2025-03,41913,,False
节日场合扩展,advent calendar,taylor swift advent calendar,2,2025-10;2025-11,42002,,False
节日场合扩展,advent calendar,teen boy advent calendar,1,2025-11,42008,,False
节日场合扩展,mardi gras,mardi gras dresses for women,2,2025-01;2025-02,42156,,False
节日场合扩展,advent calendar,advent calendar women,3,2025-10;2025-11;2025-12,42241,,False
节日场合扩展,prom,prom dresses long,7,2025-01;2025-02;2025-03;2025-04;2025-05;2025-09;2025-10,42308,1.116,False
节日场合扩展,advent calendar,2025 advent calendar,4,2025-08;2025-09;2025-10;2025-11,42319,,False
节日场合扩展,advent calendar,2025 advent calendar adult,3,2025-09;2025-10;2025-11,42565,,False
节日场合扩展,advent calendar,advent calendar men,2,2025-10;2025-11,42676,,False
节日场合扩展,advent calendar,coffee advent calendar,3,2025-10;2025-11;2025-12,42829,,False
节日场合扩展,advent calendar,funko advent calendar 2025,4,2025-08;2025-09;2025-10;2025-11,42880,,False
节日场合扩展,prom,prom earrings,4,2025-02;2025-03;2025-04;2025-05,42939,,True
节日场合扩展,advent calendar,survival advent calendar 2025,3,2025-10;2025-11;2025-12,43109,,False
节日场合扩展,advent calendar,anime advent calendar 2025,2,2025-10;2025-11,43354,,False
节日场合扩展,advent calendar,christmas advent calendar 2025,4,2025-08;2025-09;2025-10;2025-11,43445,,False
节日场合扩展,st patrick*,toddler st patricks day outfit girl,2,2025-02;2025-03,43654,,False
节日场合扩展,advent calendar,hot chocolate advent calendar,2,2025-11;2025-12,43762,,False
节日场合扩展,st patrick*,st patricks day shirt funny,2,2025-02;2025-03,43819,,False
节日场合扩展,advent calendar,nightmare before christmas advent calendar,4,2025-09;2025-10;2025-11;2025-12,43858,,False
节日场合扩展,advent calendar,soccer advent calendar 2025,3,2025-09;2025-10;2025-11,43987,,False
节日场合扩展,advent calendar,kinder advent calendar,2,2025-11;2025-12,44025,,False
节日场合扩展,advent calendar,lego flower advent calendar 2025,3,2025-09;2025-10;2025-11,44071,,False
节日场合扩展,st patrick*,st patricks day wreaths for front door,3,2025-01;2025-02;2025-03,44264,,False
节日场合扩展,advent calendar,skin care advent calendar 2025,3,2025-10;2025-11;2025-12,44543,,False
节日场合扩展,advent calendar,gilmore girls advent calendar,3,2025-09;2025-10;2025-11,44557,,False
节日场合扩展,advent calendar,skincare advent calendar,3,2025-10;2025-11;2025-12,44593,,False
节日场合扩展,advent calendar,magna tiles advent calendar,2,2025-08;2025-09,44648,,False
节日场合扩展,prom,white prom dress,10,2025-01;2025-02;2025-03;2025-04;2025-05;2025-06;2025-07;2025-08;2025-09;2025-10,44963,1.91,False
节日场合扩展,mardi gras,mardi gras wreath,3,2025-01;2025-02;2025-12,44994,,False
节日场合扩展,st patrick*,st patricks day baby boy outfit,2,2025-02;2025-03,45376,,False
节日场合扩展,advent calendar,advent calendar 2025 men,2,2025-10;2025-11,45476,,False
节日场合扩展,advent calendar,skincare advent calendar 2025,3,2025-10;2025-11;2025-12,45540,,False
节日场合扩展,st patrick*,st patricks day shower curtain,2,2025-01;2025-02,46040,,False
节日场合扩展,mardi gras,mardi gras socks,2,2025-01;2025-02,46062,,False
节日场合扩展,advent calendar,guitar advent calendar 2025,1,2025-11,46429,,False
节日场合扩展,advent calendar,emotional support advent calendar,2,2025-10;2025-11,46443,,False
节日场合扩展,advent calendar,advent calendar teen boy,1,2025-11,46597,,False
节日场合扩展,advent calendar,fillable advent calendar,2,2025-10;2025-11,46625,,False
节日场合扩展,st patrick*,st patricks day sweater women,2,2025-02;2025-03,46845,,False
节日场合扩展,advent calendar,advent calendar 2025 beauty,2,2025-10;2025-11,46922,,False
节日场合扩展,advent calendar,sports advent calendar 2025,2,2025-10;2025-11,46940,,False
节日场合扩展,advent calendar,baby advent calendar 2025,2,2025-10;2025-11,46986,,False
节日场合扩展,advent calendar,advent calendar girls,1,2025-11,47082,,False
节日场合扩展,advent calendar,brain rot advent calendar 2025,2,2025-10;2025-11,47097,,False
节日场合扩展,advent calendar,lego halloween advent calendar,2,2025-08;2025-09,47324,,False
节日场合扩展,advent calendar,national parks advent calendar 2025,3,2025-09;2025-10;2025-11,47376,,False
节日场合扩展,advent calendar,fun advent calendar 2025,2,2025-10;2025-11,47384,,False
节日场合扩展,advent calendar,teen girl advent calendar,1,2025-11,47693,,False
节日场合扩展,mardi gras,mardi gras mask for woman,2,2025-01;2025-02,47864,,False
节日场合扩展,prom,corset prom dress,5,2025-01;2025-02;2025-03;2025-04;2025-05,47990,,False
节日场合扩展,advent calendar,crochet advent calendar 2025,3,2025-09;2025-10;2025-11,48264,,False
节日场合扩展,advent calendar,lego friends advent calendar 2025,3,2025-09;2025-10;2025-11,48328,,False
节日场合扩展,prom,prom hair accessories,3,2025-03;2025-04;2025-05,48441,,False
节日场合扩展,st patrick*,girls st patricks day outfit,2,2025-02;2025-03,48546,,False
节日场合扩展,advent calendar,toy advent calendar 2025,2,2025-10;2025-11,48618,,False
节日场合扩展,mardi gras,mardi gras wreaths for front door,2,2025-01;2025-02,48632,,False
节日场合扩展,mardi gras,mardi gras outfits,2,2025-01;2025-02,48670,,False
节日场合扩展,mardi gras,mardi gras leggings for women,1,2025-02,48729,,False
节日场合扩展,st patrick*,st patricks day decorations centerpieces,2,2025-02;2025-03,49040,,False
节日场合扩展,mardi gras,mardi gras shorts,1,2025-02,49075,,False
节日场合扩展,prom,mermaid prom dress,5,2025-01;2025-02;2025-03;2025-04;2025-05,49081,,False
节日场合扩展,prom,prom send off decorations 2025,3,2025-03;2025-04;2025-05,49315,,False
节日场合扩展,prom,short prom dress,6,2025-01;2025-02;2025-03;2025-04;2025-05;2025-09,49437,0.805,False
节日场合扩展,advent calendar,paw patrol advent calendar,3,2025-09;2025-10;2025-11,49961,,False
节日场合扩展,mardi gras,mardi gras balloons,2,2025-01;2025-02,50082,,False
节日场合扩展,mardi gras,mardi gras earrings for women,2,2025-01;2025-02,50229,,True
节日场合扩展,mardi gras,mardi gras lights,2,2025-01;2025-02,50263,,False
节日场合扩展,st patrick*,st patricks day door decorations,2,2025-02;2025-03,50538,,False
节日场合扩展,advent calendar,crochet advent calendar,3,2025-09;2025-10;2025-11,50556,,False
节日场合扩展,advent calendar,duck advent calendar 2025,3,2025-10;2025-11;2025-12,50685,,False
节日场合扩展,advent calendar,brainrot advent calendar 2025,2,2025-10;2025-11,50809,,False
节日场合扩展,advent calendar,friends advent calendar 2025,3,2025-10;2025-11;2025-12,50835,,False
节日场合扩展,mardi gras,mardi gras garland,2,2025-01;2025-02,50995,,False
节日场合扩展,prom,prom jewelry set for women,4,2025-02;2025-03;2025-04;2025-05,51300,,True
节日场合扩展,advent calendar,2025 toy advent calendar,1,2025-11,51337,,False
节日场合扩展,advent calendar,marvel advent calendar 2025,2,2025-10;2025-11,51357,,False
节日场合扩展,mardi gras,mardi gras outfit,2,2025-01;2025-02,51638,,False
节日场合扩展,prom,new york i love you prom,9,2025-04;2025-05;2025-06;2025-07;2025-08;2025-09;2025-10;2025-11;2025-12,51721,1.126,False
节日场合扩展,advent calendar,sonic advent calendar 2025,2,2025-10;2025-11,51749,,False
节日场合扩展,prom,silver prom dress,4,2025-02;2025-03;2025-04;2025-05,51876,,False
节日场合扩展,st patrick*,st patricks day shirt boys,2,2025-02;2025-03,51909,,False
节日场合扩展,advent calendar,skin care advent calendar,3,2025-10;2025-11;2025-12,51969,,False
节日场合扩展,st patrick*,st patricks day bulletin board decorations,1,2025-02,52071,,False
节日场合扩展,st patrick*,st patricks day decorations for table,1,2025-02,52274,,False
节日场合扩展,advent calendar,f1 advent calendar,2,2025-10;2025-11,52280,,False
节日场合扩展,mardi gras,mardi gras tablecloth,2,2025-01;2025-02,52293,,False
节日场合扩展,st patrick*,st patricks day napkins,2,2025-02;2025-03,52354,,False
节日场合扩展,st patrick*,st patrick day decorations,2,2025-02;2025-03,52383,,False
节日场合扩展,advent calendar,boy advent calendar,1,2025-11,52397,,False
节日场合扩展,advent calendar,national geographic advent calendar,2,2025-11;2025-12,52483,,False
节日场合扩展,advent calendar,godiva advent calendar 2025,1,2025-11,52561,,False
节日场合扩展,st patrick*,st patricks day accessories for women,2,2025-02;2025-03,52577,,False
节日场合扩展,prom,prom suit,3,2025-03;2025-04;2025-05,52796,,False
节日场合扩展,advent calendar,princess advent calendar 2025,3,2025-09;2025-10;2025-11,52860,,False
节日场合扩展,advent calendar,hotwheels advent calendar 2025,2,2025-10;2025-11,52963,,False
节日场合扩展,st patrick*,st patricks day gifts,2,2025-02;2025-03,52976,,False
节日场合扩展,st patrick*,st patricks day plates,2,2025-02;2025-03,53075,,False
节日场合扩展,prom,prom corsage and boutonniere set,2,2025-04;2025-05,53277,,False
节日场合扩展,advent calendar,women advent calendar 2025,2,2025-10;2025-11,53287,,False
节日场合扩展,advent calendar,rubber duck advent calendar 2025,2,2025-10;2025-11,53317,,False
节日场合扩展,mardi gras,mardi gras pants,2,2025-01;2025-02,53407,,False
节日场合扩展,advent calendar,advent calendar for dogs,3,2025-10;2025-11;2025-12,53621,,False
节日场合扩展,advent calendar,advent calendar for tween girls,2,2025-10;2025-11,53642,,False
节日场合扩展,st patrick*,baby girl st patricks day outfit,2,2025-02;2025-03,53686,,False
节日场合扩展,advent calendar,kpop advent calendar 2025,2,2025-10;2025-11,54066,,False
节日场合扩展,advent calendar,cologne advent calendar for men,2,2025-10;2025-11,54114,,False
节日场合扩展,advent calendar,hot chocolate advent calendar 2025,1,2025-11,54144,,False
节日场合扩展,advent calendar,craft advent calendar,2,2025-10;2025-11,54308,,False
节日场合扩展,st patrick*,st patricks day ornaments for tree,2,2025-01;2025-02,54498,,False
节日场合扩展,advent calendar,christian advent calendar 2025,2,2025-10;2025-11,54976,,False
节日场合扩展,prom,modest prom dress,4,2025-01;2025-02;2025-03;2025-04,54983,,False
节日场合扩展,advent calendar,gnome advent calendar,3,2025-09;2025-10;2025-11,55111,,False
节日场合扩展,st patrick*,st patricks day shirt women plus size,2,2025-02;2025-03,55113,,False
节日场合扩展,advent calendar,capybara advent calendar 2025,3,2025-09;2025-10;2025-11,55348,,False
节日场合扩展,advent calendar,food advent calendar,2,2025-10;2025-11,55361,,False
节日场合扩展,advent calendar,advent calendar 2025 for teens,1,2025-11,55374,,False
节日场合扩展,st patrick*,st patricks day hair accessories,2,2025-02;2025-03,55547,,False
节日场合扩展,advent calendar,dnd advent calendar,1,2025-11,55588,,False
节日场合扩展,st patrick*,st patricks day headbands,1,2025-03,55740,,False
节日场合扩展,advent calendar,nfl advent calendar 2025,2,2025-10;2025-11,55861,,False
节日场合扩展,prom,royal blue prom dress,5,2025-01;2025-02;2025-03;2025-04;2025-05,55915,,False
节日场合扩展,st patrick*,st patricks day decorations for office,2,2025-02;2025-03,56210,,False
节日场合扩展,prom,gold heels for prom,2,2025-04;2025-05,56509,,False
节日场合扩展,st patrick*,st patricks day face stickers,2,2025-02;2025-03,56547,,False
节日场合扩展,st patrick*,baby st patricks day outfit girl,2,2025-02;2025-03,56569,,False
节日场合扩展,advent calendar,italian brainrot advent calendar,2,2025-10;2025-11,56649,,False
节日场合扩展,prom,red prom dresses 2025,3,2025-03;2025-04;2025-05,56770,,False
节日场合扩展,prom,prom shoes for women,3,2025-03;2025-04;2025-05,56960,,False
节日场合扩展,mardi gras,mardi gras feathers,2,2025-01;2025-02,56972,,False
节日场合扩展,st patrick*,st patricks day gnomes,2,2025-01;2025-02,57022,,False
节日场合扩展,prom,black prom dresses 2025,3,2025-03;2025-04;2025-05,57217,,False
节日场合扩展,st patrick*,st patricks day banner,2,2025-02;2025-03,57419,,False
节日场合扩展,advent calendar,advent calendar 2024,1,2025-01,57681,,False
节日场合扩展,st patrick*,st patricks day shirt women sexy,2,2025-02;2025-03,57719,,False
节日场合扩展,advent calendar,grinch advent calendar,2,2025-11;2025-12,58016,,False
节日场合扩展,advent calendar,netflix advent calendar,2,2025-11;2025-12,58071,,False
节日场合扩展,advent calendar,beetles advent calendar,2,2025-11;2025-12,58134,,False
节日场合扩展,advent calendar,crystal advent calendar 2025,2,2025-10;2025-11,58180,,False
节日场合扩展,st patrick*,st patricks day crafts for kids,2,2025-02;2025-03,58290,,False
节日场合扩展,advent calendar,demon slayer advent calendar,3,2025-10;2025-11;2025-12,58397,,False
节日场合扩展,advent calendar,spiderman advent calendar 2025,2,2025-10;2025-11,58608,,False
节日场合扩展,advent calendar,advent calendar fillers,1,2025-11,58667,,False
节日场合扩展,st patrick*,st patricks day sunglasses,2,2025-02;2025-03,58761,,False
节日场合扩展,advent calendar,fortnite advent calendar 2025,2,2025-10;2025-11,58849,,False
节日场合扩展,advent calendar,exit advent calendar 2025,2,2025-10;2025-11,58962,,False
节日场合扩展,st patrick*,st patricks day women,2,2025-02;2025-03,59047,,False
节日场合扩展,mardi gras,mardi gras pants for women,1,2025-02,59124,,False
节日场合扩展,prom,prom dress plus size,5,2025-01;2025-02;2025-03;2025-04;2025-05,59196,,False
节日场合扩展,st patrick*,st patricks day lights,2,2025-02;2025-03,59349,,False
节日场合扩展,mardi gras,mardi gras napkins,2,2025-01;2025-02,59441,,False
节日场合扩展,prom,navy blue prom dress,5,2025-01;2025-02;2025-03;2025-04;2025-05,59472,,False
节日场合扩展,advent calendar,kid advent calendar 2025,2,2025-10;2025-11,59503,,False
节日场合扩展,advent calendar,dark chocolate advent calendar,1,2025-11,59514,,False
节日场合扩展,advent calendar,monster jam advent calendar,2,2025-10;2025-11,60163,,False
节日场合扩展,st patrick*,st patricks day toddler girl outfit,2,2025-02;2025-03,60230,,False
节日场合扩展,mardi gras,mardi gras boa,1,2025-02,60325,,False
节日场合扩展,st patrick*,st patricks day headband women,2,2025-02;2025-03,60394,,False
节日场合扩展,advent calendar,squishy advent calendar 2025,1,2025-11,60662,,False
节日场合扩展,st patrick*,st patricks day decorations garlands,2,2025-02;2025-03,61162,,False
节日场合扩展,mardi gras,mardi gras sweatshirt,2,2025-01;2025-02,61478,,False
节日场合扩展,advent calendar,12 days of beauty advent calendar,2,2025-10;2025-11,61496,,False
节日场合扩展,advent calendar,3d printed advent calendar,2,2025-11;2025-12,61546,,False
节日场合扩展,advent calendar,roblox advent calendar,1,2025-11,61577,,False
节日场合扩展,advent calendar,taba squishy advent calendar,2,2025-11;2025-12,61653,,False
节日场合扩展,st patrick*,st patricks day plates and napkins,2,2025-02;2025-03,61827,,False
节日场合扩展,advent calendar,dog treat advent calendar 2025,1,2025-11,61833,,False
节日场合扩展,advent calendar,advent calendar boxes,2,2025-10;2025-11,61852,,False
节日场合扩展,st patrick*,gold chocolate coins st patricks day,1,2025-03,61913,,False
节日场合扩展,advent calendar,lego advent calendar 2025 flowers,2,2025-10;2025-11,62067,,False
节日场合扩展,mardi gras,mardi gras hats for women,2,2025-01;2025-02,62083,,False
节日场合扩展,advent calendar,crystal advent calendar,2,2025-10;2025-11,62140,,False
节日场合扩展,advent calendar,advent calendar 2025 teen boys,1,2025-11,62353,,False
节日场合扩展,advent calendar,exit advent calendar,3,2025-10;2025-11;2025-12,62363,,False
节日场合扩展,st patrick*,st patricks,2,2025-02;2025-03,62571,,False
节日场合扩展,st patrick*,st patricks day tree decorations,2,2025-01;2025-02,62578,,False
节日场合扩展,advent calendar,f1 advent calendar 2025,2,2025-10;2025-11,62679,,False
节日场合扩展,st patrick*,st patricks day books for kids,2,2025-02;2025-03,62853,,False
节日场合扩展,prom,black prom dresses,5,2025-01;2025-02;2025-03;2025-04;2025-05,63129,,False
节日场合扩展,mardi gras,mardi gras skirt,1,2025-02,63191,,False
节日场合扩展,mardi gras,mardi gras backdrop,2,2025-01;2025-02,63430,,False
节日场合扩展,advent calendar,basketball advent calendar 2025,1,2025-11,63594,,False
节日场合扩展,advent calendar,survival advent calendar,2,2025-11;2025-12,63603,,False
节日场合扩展,advent calendar,christian advent calendar,1,2025-11,63678,,False
节日场合扩展,advent calendar,advent calendar empty,1,2025-11,63688,,False
节日场合扩展,st patrick*,baby st patricks day outfit boy,2,2025-02;2025-03,63760,,False
节日场合扩展,st patrick*,st patricks day temporary tattoos,1,2025-03,63848,,False
节日场合扩展,advent calendar,art advent calendar,1,2025-11,63888,,False
节日场合扩展,mardi gras,mardi gras shoes,2,2025-01;2025-02,64290,,False
节日场合扩展,advent calendar,one piece advent calendar,1,2025-11,64362,,False
节日场合扩展,st patrick*,chocolate gold coins st patricks day,1,2025-03,64434,,False
节日场合扩展,prom,prom backdrops for photoshoot,3,2025-03;2025-04;2025-05,64505,,False
节日场合扩展,advent calendar,doorables advent calendar,3,2025-10;2025-11;2025-12,65323,,False
节日场合扩展,st patrick*,st patrick's day shirt women,1,2025-03,65348,,False
节日场合扩展,advent calendar,guitar pick advent calendar,1,2025-11,65366,,False
节日场合扩展,st patrick*,st patricks day party favors,2,2025-02;2025-03,65440,,False
节日场合扩展,advent calendar,kids advent calendar 2025 girls,1,2025-11,65652,,False
节日场合扩展,advent calendar,snoopy advent calendar 2025,2,2025-10;2025-11,65776,,False
节日场合扩展,st patrick*,st patricks day sprinkles,2,2025-02;2025-03,65972,,False
节日场合扩展,advent calendar,dnd advent calendar 2025,2,2025-10;2025-11,65975,,False
节日场合扩展,prom,light blue prom dress,5,2025-01;2025-02;2025-03;2025-04;2025-05,66185,,False
节日场合扩展,st patrick*,st patricks day outfit,2,2025-02;2025-03,66332,,False
节日场合扩展,advent calendar,dinosaur advent calendar,2,2025-10;2025-11,66676,,False
节日场合扩展,advent calendar,nail advent calendar,2,2025-11;2025-12,66698,,False
节日场合扩展,advent calendar,advent calendar for men 2025,1,2025-11,66996,,False
节日场合扩展,advent calendar,girl advent calendar,1,2025-11,67094,,False
节日场合扩展,advent calendar,horse advent calendar 2025,2,2025-10;2025-11,67128,,False
节日场合扩展,advent calendar,alcohol advent calendar 2025,2,2025-10;2025-11,67367,,False
节日场合扩展,advent calendar,polly pocket advent calendar,3,2025-09;2025-10;2025-11,67447,,False
节日场合扩展,prom,prom dress with sleeves,3,2025-02;2025-03;2025-04,67549,,False
节日场合扩展,st patrick*,st patricks day shirt girls,1,2025-03,67858,,False
节日场合扩展,st patrick*,st patricks day flag,2,2025-02;2025-03,67861,,False
节日场合扩展,advent calendar,cars advent calendar 2025,3,2025-09;2025-10;2025-11,67907,,False
节日场合扩展,advent calendar,lego minecraft advent calendar,3,2025-09;2025-10;2025-11,67915,,False
节日场合扩展,advent calendar,clue advent calendar 2025,2,2025-10;2025-11,67958,,False
节日场合扩展,advent calendar,ornament advent calendar,1,2025-11,67970,,False
节日场合扩展,advent calendar,dark chocolate advent calendar 2025,1,2025-11,68075,,False
节日场合扩展,st patrick*,st patricks day shirt women long sleeve,1,2025-03,68091,,False
节日场合扩展,advent calendar,tequila advent calendar 2025,2,2025-10;2025-11,68223,,False
节日场合扩展,prom,sherri hill prom dresses,4,2025-02;2025-03;2025-04;2025-05,68302,,False
节日场合扩展,prom,gold prom earrings,2,2025-03;2025-04,68317,,True
节日场合扩展,advent calendar,unique advent calendar 2025,2,2025-10;2025-11,68387,,False
节日场合扩展,prom,prom decorations,3,2025-03;2025-04;2025-05,68399,,False
节日场合扩展,advent calendar,kendra scott advent calendar,1,2025-11,68449,,False
节日场合扩展,prom,strapless prom dress,4,2025-01;2025-02;2025-03;2025-04,68536,,False
节日场合扩展,advent calendar,sock advent calendar 2025,1,2025-11,68580,,False
节日场合扩展,advent calendar,dice advent calendar,1,2025-11,68600,,False
节日场合扩展,st patrick*,st patricks day cards,2,2025-02;2025-03,68687,,False
节日场合扩展,mardi gras,mardi gras cups,2,2025-01;2025-02,68739,,False
节日场合扩展,prom,satin prom dress,3,2025-02;2025-03;2025-04,69032,,False
节日场合扩展,advent calendar,advent calendar pokemon,1,2025-11,69102,,False
节日场合扩展,mardi gras,mardi gras jacket,2,2025-01;2025-02,69174,,False
节日场合扩展,advent calendar,car advent calendar 2025,2,2025-10;2025-11,69175,,False
节日场合扩展,advent calendar,bonne maman advent calendar,4,2025-09;2025-10;2025-11;2025-12,69277,,False
节日场合扩展,st patrick*,st patricks day decorations outdoor,1,2025-02,69453,,False
节日场合扩展,prom,orange prom dress,4,2025-01;2025-02;2025-03;2025-04,69544,,False
节日场合扩展,advent calendar,redbull advent calendar 2025,2,2025-11;2025-12,69682,,False
节日场合扩展,advent calendar,lego city advent calendar,2,2025-10;2025-11,69840,,False
节日场合扩展,advent calendar,lego friends advent calendar,2,2025-10;2025-11,69840,,False
节日场合扩展,prom,emerald green prom dress,4,2025-01;2025-02;2025-03;2025-04,69850,,False
节日场合扩展,mardi gras,womens mardi gras shirt,1,2025-02,70601,,False
节日场合扩展,advent calendar,chapstick advent calendar,2,2025-11;2025-12,70615,,False
节日场合扩展,advent calendar,advent calendar 2025 food,2,2025-10;2025-11,70646,,False
节日场合扩展,st patrick*,womens st patricks day sweatshirt,2,2025-02;2025-03,70823,,False
节日场合扩展,advent calendar,advent calendar harry potter,1,2025-11,71032,,False
节日场合扩展,prom,floral prom dress,4,2025-01;2025-02;2025-03;2025-04,71057,,False
节日场合扩展,advent calendar,playdoh advent calendar 2025,2,2025-10;2025-11,71208,,False
节日场合扩展,advent calendar,monster truck advent calendar,2,2025-10;2025-11,71384,,False
节日场合扩展,advent calendar,toddler boy advent calendar 2025,2,2025-10;2025-11,71460,,False
节日场合扩展,prom,prom purse,3,2025-03;2025-04;2025-05,71493,,False
节日场合扩展,prom,red prom dresses,4,2025-01;2025-02;2025-03;2025-04,71759,,False
节日场合扩展,st patrick*,toddler girl st patricks day outfit,2,2025-02;2025-03,71759,,False
节日场合扩展,advent calendar,fortnite advent calendar,3,2025-10;2025-11;2025-12,71819,,False
节日场合扩展,st patrick*,sexy st patricks day outfits for women,2,2025-02;2025-03,72277,,False
节日场合扩展,prom,prom backdrop,2,2025-04;2025-05,72459,,False
节日场合扩展,advent calendar,advent calendar chocolate 2025,2,2025-11;2025-12,72522,,False
节日场合扩展,advent calendar,squishy advent calendar,2,2025-11;2025-12,72559,,False
节日场合扩展,advent calendar,dragon advent calendar 2025,3,2025-09;2025-10;2025-11,72891,,False
节日场合扩展,st patrick*,st patrick day shirts women,2,2025-02;2025-03,72963,,False
节日场合扩展,advent calendar,bath and body works advent calendar,1,2025-11,73113,,False
节日场合扩展,st patrick*,st patricks day kitchen towels,1,2025-02,73149,,False
节日场合扩展,advent calendar,mario advent calendar 2025,1,2025-11,73162,,False
节日场合扩展,advent calendar,advent calendar 2025 for women,2,2025-10;2025-11,73284,,False
节日场合扩展,prom,plus size prom dresses for curvy women,5,2025-01;2025-02;2025-03;2025-04;2025-05,73350,,False
节日场合扩展,advent calendar,art advent calendar 2025,2,2025-10;2025-11,73643,,False
节日场合扩展,advent calendar,fishing lure advent calendar,2,2025-09;2025-11,73705,,False
节日场合扩展,advent calendar,whisky advent calendar 2025,2,2025-10;2025-11,73705,,False
节日场合扩展,advent calendar,swear bear advent calendar 2025,2,2025-10;2025-11,73886,,False
节日场合扩展,st patrick*,st patricks day nails,2,2025-02;2025-03,74081,,False
节日场合扩展,mardi gras,mardi gras shirts for kids,1,2025-02,74115,,False
节日场合扩展,advent calendar,advent calendar food,1,2025-11,74206,,False
节日场合扩展,advent calendar,men advent calendar,1,2025-11,74244,,False
节日场合扩展,prom,prom suits,3,2025-03;2025-04;2025-05,74285,,False
节日场合扩展,advent calendar,amazon beauty advent calendar 2025,1,2025-11,74436,,False
节日场合扩展,advent calendar,seaglass advent calendar,2,2025-10;2025-11,74677,,False
节日场合扩展,mardi gras,mardi gras iron on patches,1,2025-02,74807,,False
节日场合扩展,advent calendar,hot sauce advent calendar,1,2025-11,75082,,False
节日场合扩展,st patrick*,green st patricks day shirt women,1,2025-03,75101,,False
节日场合扩展,advent calendar,sea glass advent calendar 2025,2,2025-10;2025-11,75185,,False
节日场合扩展,advent calendar,mini book advent calendar 2025,5,2025-07;2025-08;2025-09;2025-10;2025-11,75231,,False
节日场合扩展,mardi gras,mardi gras shoes for women,2,2025-01;2025-02,75476,,False
节日场合扩展,advent calendar,hunting advent calendar 2025,1,2025-11,75740,,False
节日场合扩展,st patrick*,st patricks day baby,2,2025-02;2025-03,76122,,False
节日场合扩展,st patrick*,cute st patricks day shirt women,1,2025-03,76140,,False
节日场合扩展,advent calendar,toddler girl advent calendar 2025,2,2025-10;2025-11,76254,,False
节日场合扩展,st patrick*,teacher st patricks day shirt,2,2025-02;2025-03,76271,,False
节日场合扩展,advent calendar,k pop demon hunters advent calendar,3,2025-09;2025-10;2025-11,76397,,False
节日场合扩展,mardi gras,mardi gras table runner,2,2025-01;2025-02,76526,,False
节日场合扩展,advent calendar,tween advent calendar 2025,1,2025-11,76531,,False
节日场合扩展,advent calendar,marvel advent calendar,2,2025-10;2025-11,76640,,False
节日场合扩展,st patrick*,st patricks day pillow covers,1,2025-02,77014,,False
节日场合扩展,prom,prom shoes men,3,2025-03;2025-04;2025-05,77063,,False
节日场合扩展,st patrick*,st patricks day baby tee women,2,2025-02;2025-03,77096,,False
节日场合扩展,st patrick*,st patricks day balloons,2,2025-02;2025-03,77401,,False
节日场合扩展,st patrick*,st patricks day door mat,1,2025-02,77543,,False
节日场合扩展,advent calendar,squishmallows advent calendar,2,2025-10;2025-11,77608,,False
节日场合扩展,mardi gras,mardi gras hats,1,2025-02,77621,,False
节日场合扩展,st patrick*,st patricks day books,2,2025-02;2025-03,77689,,False
节日场合扩展,advent calendar,advent calendar 2025 for adults,2,2025-10;2025-11,77823,,False
节日场合扩展,advent calendar,micromallows advent calendar,2,2025-10;2025-11,77846,,False
节日场合扩展,advent calendar,beetles advent calendar 2025,1,2025-11,78103,,False
节日场合扩展,mardi gras,mardi gras ornaments,1,2025-01,78177,,False
节日场合扩展,st patrick*,st patricks day shirt women cropped,1,2025-03,78241,,False
节日场合扩展,advent calendar,eos advent calendar,1,2025-11,78400,,False
节日场合扩展,prom,black prom dresses for women,4,2025-01;2025-02;2025-03;2025-09,78530,,False
节日场合扩展,advent calendar,advent calendar mini brands,1,2025-11,78613,,False
节日场合扩展,mardi gras,mardi gras plates,1,2025-02,78627,,False
节日场合扩展,advent calendar,dog advent calendar 2025 treats,1,2025-11,78746,,False
节日场合扩展,prom,prom necklace,2,2025-04;2025-05,79152,,True
节日场合扩展,prom,80s prom dress for women,5,2025-01;2025-02;2025-03;2025-04;2025-05,79249,,False
节日场合扩展,st patrick*,st patrick's day candy,2,2025-02;2025-03,79451,,False
节日场合扩展,mardi gras,mardi gras masks bulk,1,2025-02,79650,,False
节日场合扩展,advent calendar,kids advent calendar 2025 boys,1,2025-11,79948,,False
节日场合扩展,prom,gold jewelry for prom,2,2025-04;2025-05,80006,,True
节日场合扩展,mardi gras,mardi gras ribbon,2,2025-01;2025-02,80085,,False
节日场合扩展,advent calendar,advent calendar toddler,1,2025-11,80164,,False
节日场合扩展,mardi gras,mardi gras tree decorations,1,2025-01,80536,,False
节日场合扩展,mardi gras,mardi gras sweater,2,2025-01;2025-02,80753,,False
节日场合扩展,st patrick*,st patricks day blanket,1,2025-02,80795,,False
节日场合扩展,advent calendar,advent calendar for toddler girls,1,2025-11,80856,,False
节日场合扩展,advent calendar,magna tiles advent calendar 2025,3,2025-09;2025-10;2025-11,80932,,False
节日场合扩展,prom,silver jewelry for prom,2,2025-04;2025-05,80994,,True
节日场合扩展,mardi gras,mardi gras jackets for women,1,2025-02,81306,,False
节日场合扩展,advent calendar,ulta advent calendar,2,2025-11;2025-12,81473,,False
节日场合扩展,advent calendar,advent calendar diy,1,2025-11,81534,,False
节日场合扩展,advent calendar,matcha advent calendar,1,2025-12,81789,,False
节日场合扩展,prom,prom jewelry gold,3,2025-03;2025-04;2025-05,81960,,True
节日场合扩展,advent calendar,snack advent calendar 2025,1,2025-11,82083,,False
节日场合扩展,st patrick*,st patricks day stickers for kids,2,2025-02;2025-03,82123,,False
节日场合扩展,advent calendar,sock advent calendar,1,2025-11,82218,,False
节日场合扩展,st patrick*,st patricks day leggings for women,2,2025-02;2025-03,82311,,False
节日场合扩展,advent calendar,escape room advent calendar,1,2025-11,82311,,False
节日场合扩展,advent calendar,fnaf advent calendar,2,2025-11;2025-12,82311,,False
节日场合扩展,advent calendar,lego christmas advent calendar,2,2025-10;2025-11,82409,,False
节日场合扩展,advent calendar,advent calendar 2025 for men,1,2025-11,82433,,False
节日场合扩展,st patrick*,st patrick's day accessories,1,2025-03,82766,,False
节日场合扩展,advent calendar,snoopy advent calendar,1,2025-11,82792,,False
节日场合扩展,prom,prom balloons,2,2025-04;2025-05,82857,,False
节日场合扩展,mardi gras,kids mardi gras shirt,1,2025-02,82891,,False
节日场合扩展,advent calendar,star wars lego advent calendar 2025,2,2025-10;2025-11,83087,,False
节日场合扩展,advent calendar,womens advent calendar,1,2025-11,83114,,False
节日场合扩展,advent calendar,keurig advent calendar 2025,2,2025-10;2025-11,83193,,False
节日场合扩展,advent calendar,christmas vacation advent calendar,2,2025-10;2025-11,83241,,False
节日场合扩展,advent calendar,cadbury advent calendar 2025,1,2025-11,83475,,False
节日场合扩展,advent calendar,nedoh advent calendar 2025,2,2025-11;2025-12,83829,,False
节日场合扩展,st patrick*,st patricks day dog collar,1,2025-02,83925,,False
节日场合扩展,advent calendar,advent calendar for boys 10-12 years,1,2025-11,84702,,False
节日场合扩展,advent calendar,science advent calendar 2025,1,2025-11,84750,,False
节日场合扩展,advent calendar,guitar pick advent calendar 2025,1,2025-11,84914,,False
节日场合扩展,st patrick*,st patricks day pants,2,2025-02;2025-03,85040,,False
节日场合扩展,advent calendar,lps advent calendar 2025,2,2025-11;2025-12,85309,,False
节日场合扩展,advent calendar,advent calendar mini toys,1,2025-11,85361,,False
节日场合扩展,advent calendar,advent calendar stuffers,1,2025-11,85361,,False
节日场合扩展,advent calendar,teen advent calendar 2025 girls,1,2025-11,85384,,False
节日场合扩展,advent calendar,snack advent calendar,1,2025-11,85404,,False
节日场合扩展,prom,one shoulder prom dress,2,2025-03;2025-04,85565,,False
节日场合扩展,prom,plus size prom dresses,5,2025-01;2025-02;2025-03;2025-04;2025-05,85565,,False
节日场合扩展,st patrick*,baby boy st patricks day outfit,2,2025-02;2025-03,85637,,False
节日场合扩展,advent calendar,advent calendar jewelry,1,2025-11,86048,,True
节日场合扩展,advent calendar,harry potter lego advent calendar,1,2025-11,86154,,False
节日场合扩展,st patrick*,st patricks day sweater,2,2025-02;2025-03,86526,,False
节日场合扩展,mardi gras,mardi gras mask for men,1,2025-02,86700,,False
节日场合扩展,mardi gras,mardi gras sprinkles,2,2025-01;2025-02,87140,,False
节日场合扩展,advent calendar,football advent calendar,1,2025-11,87197,,False
节日场合扩展,advent calendar,buldak ramen advent calendar,1,2025-12,87515,,False
节日场合扩展,advent calendar,advent calendar for adults women,1,2025-11,87809,,False
节日场合扩展,st patrick*,st patricks day coins,1,2025-03,87821,,False
节日场合扩展,st patrick*,st patricks day crafts,2,2025-02;2025-03,87975,,False
节日场合扩展,advent calendar,lip gloss advent calendar 2025,1,2025-11,88038,,False
节日场合扩展,advent calendar,advent calendar skincare,2,2025-11;2025-12,88059,,False
节日场合扩展,advent calendar,playmobil advent calendar 2025,2,2025-10;2025-11,88082,,False
节日场合扩展,advent calendar,christmas advent calendar 2025 kids,1,2025-11,88140,,False
节日场合扩展,advent calendar,adult advent calendar 2025 for women,2,2025-10;2025-11,88193,,False
节日场合扩展,st patrick*,green tops for women st patricks day,1,2025-03,88308,,False
节日场合扩展,advent calendar,capybara advent calendar,1,2025-11,88411,,False
节日场合扩展,advent calendar,highland cow advent calendar,3,2025-09;2025-10;2025-11,88495,,False
节日场合扩展,advent calendar,make your own advent calendar,1,2025-11,88582,,False
节日场合扩展,advent calendar,candle advent calendar,1,2025-11,88672,,False
节日场合扩展,prom,prom suits for young men,3,2025-03;2025-04;2025-05,88717,,False
节日场合扩展,advent calendar,schleich advent calendar,2,2025-10;2025-11,89197,,False
节日场合扩展,advent calendar,advent calendar￼,1,2025-11,89302,,False
节日场合扩展,advent calendar,polaroid advent calendar,1,2025-11,89357,,False
节日场合扩展,st patrick*,st patricks day hoodie,2,2025-02;2025-03,89569,,False
节日场合扩展,advent calendar,make up advent calendar,1,2025-11,89706,,False
节日场合扩展,mardi gras,mardi gras patches,1,2025-02,89729,,False
节日场合扩展,st patrick*,st patricks day cups,2,2025-02;2025-03,89903,,False
节日场合扩展,mardi gras,mardi gras table decorations,2,2025-01;2025-02,89929,,False
节日场合扩展,st patrick*,long sleeve st patricks day shirt women,1,2025-03,90025,,False
节日场合扩展,advent calendar,chocolate advent calendar 2025 kids,1,2025-11,90112,,False
节日场合扩展,st patrick*,st patrick's day wreath,1,2025-02,90200,,False
节日场合扩展,st patrick*,st patricks day placemats,1,2025-02,90347,,False
节日场合扩展,advent calendar,kid advent calendar,1,2025-11,90423,,False
节日场合扩展,advent calendar,frozen advent calendar,1,2025-11,90587,,False
节日场合扩展,st patrick*,toddler boy st patricks day shirt,1,2025-03,90609,,False
节日场合扩展,advent calendar,beef jerky advent calendar 2025,1,2025-11,91468,,False
节日场合扩展,advent calendar,fnaf advent calendar 2025,1,2025-11,91594,,False
节日场合扩展,advent calendar,wooden advent calendar with drawers,1,2025-11,91594,,False
节日场合扩展,advent calendar,advent calendar slime,1,2025-11,91773,,False
节日场合扩展,advent calendar,flower knows advent calendar,1,2025-12,91774,,False
节日场合扩展,st patrick*,sexy st patricks day shirt women,1,2025-03,92145,,False
节日场合扩展,mardi gras,mardi gras top,1,2025-02,92301,,False
节日场合扩展,mardi gras,mardi gras beads necklaces,1,2025-02,92375,,True
节日场合扩展,advent calendar,national parks advent calendar,3,2025-09;2025-10;2025-11,92470,,False
节日场合扩展,advent calendar,cheese advent calendar 2025,1,2025-11,92497,,False
节日场合扩展,advent calendar,bath bomb advent calendar 2025,1,2025-11,92520,,False
节日场合扩展,mardi gras,mardi gras headpiece,1,2025-02,92582,,False
节日场合扩展,advent calendar,advent calendar adult,1,2025-11,92663,,False
节日场合扩展,advent calendar,book ornament advent calendar,1,2025-10,92780,,False
节日场合扩展,mardi gras,mardi gras plates and napkins,1,2025-02,92858,,False
节日场合扩展,mardi gras,mardi gras hats for men,1,2025-02,92994,,False
节日场合扩展,prom,prom dresses plus size,2,2025-03;2025-04,93173,,False
节日场合扩展,st patrick*,women st patricks day shirt,1,2025-03,93417,,False
节日场合扩展,advent calendar,lego nativity advent calendar,2,2025-10;2025-11,93434,,False
节日场合扩展,mardi gras,mardi gras decorations for party,1,2025-02,93486,,False
节日场合扩展,st patrick*,st patricks day backdrop,2,2025-02;2025-03,93566,,False
节日场合扩展,mardi gras,mardi gras banner,1,2025-02,93604,,False
节日场合扩展,prom,silver prom shoes,2,2025-03;2025-04,93685,,False
节日场合扩展,prom,prom bouquet,1,2025-04,93751,,False
节日场合扩展,advent calendar,advent calendar minecraft,1,2025-11,93828,,False
节日场合扩展,advent calendar,sports advent calendar,1,2025-11,93951,,False
节日场合扩展,advent calendar,advent calendar tea,1,2025-11,94425,,False
节日场合扩展,prom,long prom dresses,5,2025-01;2025-02;2025-03;2025-04;2025-09,94713,,False
节日场合扩展,st patrick*,st patricks day necklace,2,2025-02;2025-03,94886,,True
节日场合扩展,prom,short prom dresses,5,2025-01;2025-03;2025-04;2025-05;2025-09,95021,,False
节日场合扩展,advent calendar,bourbon advent calendar,1,2025-11,95827,,False
节日场合扩展,st patrick*,womens st patrick's day outfit,2,2025-02;2025-03,95854,,False
节日场合扩展,mardi gras,mardi gras socks women,1,2025-02,95971,,False
节日场合扩展,advent calendar,diamond painting advent calendar,2,2025-11;2025-12,96013,,False
节日场合扩展,advent calendar,cologne advent calendar,1,2025-11,96247,,False
节日场合扩展,advent calendar,cvs advent calendar,1,2025-11,96698,,False
节日场合扩展,advent calendar,advent calendar 2025 tea,1,2025-11,96870,,False
节日场合扩展,advent calendar,advent calendar 2025 for kids,1,2025-11,96898,,False
节日场合扩展,prom,prom corsage,2,2025-04;2025-05,97122,,False
节日场合扩展,mardi gras,mardi gras gowns,2,2025-01;2025-02,97364,,False
节日场合扩展,mardi gras,mardi gras jewelry for women,1,2025-02,97397,,True
节日场合扩展,st patrick*,st patricks day cookie cutters,2,2025-02;2025-03,97724,,False
节日场合扩展,st patrick*,st patricks day toys,2,2025-02;2025-03,97835,,False
节日场合扩展,st patrick*,st patricks day bracelets,1,2025-03,98111,,True
节日场合扩展,st patrick*,st patricks day accessories kids,1,2025-03,98224,,False
节日场合扩展,advent calendar,vaseline advent calendar,1,2025-12,98667,,False
节日场合扩展,st patrick*,st patricks day ornaments,1,2025-02,98811,,False
节日场合扩展,advent calendar,advent calendar reusable,1,2025-11,98922,,False
节日场合扩展,advent calendar,gabby dollhouse advent calendar 2025,2,2025-10;2025-11,98957,,False
节日场合扩展,advent calendar,lego nativity advent calendar 2025,2,2025-10;2025-11,98963,,False
节日场合扩展,st patrick*,st patricks day chocolate coins,1,2025-03,98980,,False
节日场合扩展,advent calendar,soccer advent calendar,1,2025-11,99096,,False
节日场合扩展,advent calendar,dice advent calendar 2025,1,2025-11,99176,,False
节日场合扩展,st patrick*,st patricks day dresses for women,2,2025-02;2025-03,99390,,False
节日场合扩展,advent calendar,emotional support advent calendar 2025,2,2025-10;2025-11,99477,,False
节日场合扩展,mardi gras,mardi gras face glitter,1,2025-02,99627,,False
节日场合扩展,advent calendar,disney princess advent calendar,3,2025-09;2025-10;2025-11,99627,,False
节日场合扩展,advent calendar,one piece advent calendar 2025,1,2025-11,99627,,False
节日场合扩展,mardi gras,mardi gras shorts for women,1,2025-02,99866,,False
节日场合扩展,st patrick*,st patricks day party decorations,2,2025-02;2025-03,100101,,False
节日场合扩展,advent calendar,train advent calendar,1,2025-11,100218,,False
节日场合扩展,advent calendar,2025 advent calendar kids,3,2025-09;2025-10;2025-11,100253,,False
节日场合扩展,st patrick*,st patricks day shirts for women,2,2025-02;2025-03,100335,,False
节日场合扩展,advent calendar,loreal advent calendar 2025,1,2025-11,100558,,False
节日场合扩展,advent calendar,24 day advent calendar,1,2025-11,100761,,False
节日场合扩展,st patrick*,st patricks day toddler,2,2025-02;2025-03,100785,,False
节日场合扩展,advent calendar,wwe advent calendar 2025,2,2025-10;2025-11,101279,,False
节日场合扩展,mardi gras,mardi gras skirts for women,1,2025-02,101488,,False
节日场合扩展,advent calendar,hans gruber advent calendar,1,2025-12,101746,,False
节日场合扩展,advent calendar,hockey advent calendar 2025,1,2025-11,101783,,False
节日场合扩展,mardi gras,mardi gras hair accessories,1,2025-02,102104,,False
节日场合扩展,st patrick*,st patricks day book,1,2025-03,102198,,False
节日场合扩展,advent calendar,adopt me advent calendar,2,2025-11;2025-12,102744,,False
节日场合扩展,advent calendar,advent calendar perfume,1,2025-11,102744,,False
节日场合扩展,advent calendar,minecraft lego advent calendar 2025,2,2025-10;2025-11,102928,,False
节日场合扩展,advent calendar,die hard advent calendar,2,2025-11;2025-12,102948,,False
节日场合扩展,advent calendar,advent calendar for couples,1,2025-11,102963,,False
节日场合扩展,st patrick*,st patricks day treats,1,2025-03,102973,,False
节日场合扩展,mardi gras,mardi gras tree skirt,1,2025-01,103023,,False
节日场合扩展,st patrick*,st patricks day socks for women,1,2025-03,103093,,False
节日场合扩展,prom,gold prom jewelry sets,2,2025-04;2025-05,103112,,True
节日场合扩展,mardi gras,mardi gras lights outdoor,1,2025-01,103236,,False
节日场合扩展,advent calendar,friends advent calendar,1,2025-11,103615,,False
节日场合扩展,advent calendar,wine advent calendar,1,2025-11,103823,,False
节日场合扩展,advent calendar,car advent calendar,1,2025-11,103931,,False
节日场合扩展,st patrick*,st patricks shirt,1,2025-03,104096,,False
节日场合扩展,advent calendar,advent calendar teen,1,2025-11,104299,,False
节日场合扩展,mardi gras,mardi gras jersey,1,2025-02,104391,,False
节日场合扩展,prom,silver prom earrings,2,2025-03;2025-04,104728,,True
节日场合扩展,mardi gras,mardi gras garden flag,2,2025-01;2025-02,104944,,False
节日场合扩展,advent calendar,advent calendar puzzle 2025,1,2025-11,105231,,False
节日场合扩展,advent calendar,elf on the shelf advent calendar,1,2025-11,105382,,False
节日场合扩展,prom,prom dress short,4,2025-03;2025-04;2025-05;2025-09,105395,,False
节日场合扩展,prom,sage green prom dress,2,2025-03;2025-04,105547,,False
节日场合扩展,advent calendar,disney doorables advent calendar,1,2025-11,105632,,False
节日场合扩展,st patrick*,st patricks day outfit baby girl,2,2025-02;2025-03,105731,,False
节日场合扩展,prom,pink prom dresses,4,2025-01;2025-02;2025-03;2025-04,105962,,False
节日场合扩展,advent calendar,laneige advent calendar,1,2025-11,106016,,False
节日场合扩展,advent calendar,sol de janeiro advent calendar,1,2025-11,106070,,False
节日场合扩展,st patrick*,trump st patricks day shirt,1,2025-03,106196,,False
节日场合扩展,st patrick*,st patrick,1,2025-03,106375,,False
节日场合扩展,advent calendar,peanuts advent calendar,1,2025-11,106426,,False
节日场合扩展,st patrick*,st patricks day throw blanket,1,2025-02,106820,,False
节日场合扩展,st patrick*,green shirts for women st patricks day,1,2025-03,106948,,False
节日场合扩展,st patrick*,st patricks day decorations banners,2,2025-02;2025-03,106948,,False
节日场合扩展,advent calendar,jam advent calendar 2025,1,2025-11,107278,,False
节日场合扩展,advent calendar,lego harry potter advent calendar,2,2025-10;2025-11,107278,,False
节日场合扩展,st patrick*,st patricks day men,1,2025-03,107337,,False
节日场合扩展,st patrick*,st patricks earrings,1,2025-03,107381,,True
节日场合扩展,mardi gras,mardi gras leggings,2,2025-01;2025-02,107515,,False
节日场合扩展,prom,burgundy prom dress,2,2025-03;2025-04,107662,,False
节日场合扩展,advent calendar,ornament advent calendar 2025,1,2025-11,108001,,False
节日场合扩展,advent calendar,teen boys advent calendar 2025,1,2025-11,108334,,False
节日场合扩展,mardi gras,mardi gras men,1,2025-02,108395,,False
节日场合扩展,advent calendar,city lego advent calendar,1,2025-11,108494,,False
节日场合扩展,st patrick*,st patricks hat,1,2025-03,108614,,False
节日场合扩展,advent calendar,advent calendar fishing,1,2025-11,108659,,False
节日场合扩展,advent calendar,escape room advent calendar 2025,1,2025-11,108932,,False
节日场合扩展,prom,silver prom jewelry set,1,2025-03,108963,,True
节日场合扩展,advent calendar,frozen advent calendar 2025,1,2025-11,109040,,False
节日场合扩展,advent calendar,national park advent calendar 2025,2,2025-10;2025-11,109065,,False
节日场合扩展,mardi gras,mardi gras bracelets,1,2025-02,109203,,True
节日场合扩展,prom,prom tuxedos for men 2025,2,2025-03;2025-04,109230,,False
节日场合扩展,advent calendar,family advent calendar,1,2025-11,109309,,False
节日场合扩展,advent calendar,advent calendar disney,1,2025-11,109384,,False
节日场合扩展,advent calendar,rubber duck advent calendar,1,2025-11,109681,,False
节日场合扩展,prom,prom 2025 decorations,2,2025-04;2025-05,109892,,False
节日场合扩展,mardi gras,mardi gras costumes for women,1,2025-02,109973,,False
节日场合扩展,st patrick*,st patricks day dress,2,2025-02;2025-03,110038,,False
节日场合扩展,advent calendar,advent calendar 2025 for boys,1,2025-11,110042,,False
节日场合扩展,prom,prom jewelry silver,1,2025-04,110073,,True
节日场合扩展,mardi gras,mardi gras mens shirt,1,2025-02,110081,,False
节日场合扩展,advent calendar,ramadan advent calendar,1,2025-02,110490,,False
节日场合扩展,advent calendar,advent calendar squishmallow,2,2025-10;2025-11,110504,,False
节日场合扩展,advent calendar,jurassic world advent calendar,1,2025-11,110504,,False
节日场合扩展,advent calendar,horse advent calendar,1,2025-11,110753,,False
节日场合扩展,advent calendar,teenage boy advent calendar,1,2025-11,110841,,False
节日场合扩展,st patrick*,st patricks candy,2,2025-02;2025-03,110857,,False
节日场合扩展,mardi gras,boys mardi gras shirt,1,2025-02,110905,,False
节日场合扩展,advent calendar,men's advent calendar 2025,1,2025-11,111192,,False
节日场合扩展,advent calendar,advent calendar 2025 harry potter,1,2025-11,111433,,False
节日场合扩展,advent calendar,advent calendar 2025 pokemon,1,2025-11,111433,,False
节日场合扩展,mardi gras,mardi gras flag,2,2025-01;2025-02,111516,,False
节日场合扩展,advent calendar,loreal advent calendar,1,2025-11,111842,,False
节日场合扩展,advent calendar,refillable advent calendar,1,2025-11,111890,,False
节日场合扩展,advent calendar,rock advent calendar 2025,1,2025-11,111933,,False
节日场合扩展,st patrick*,st patricks day pillow,1,2025-02,111948,,False
节日场合扩展,advent calendar,survival kit advent calendar,1,2025-11,112104,,False
节日场合扩展,advent calendar,national park advent calendar,2,2025-10;2025-11,112201,,False
节日场合扩展,advent calendar,halloween lego advent calendar 2025,1,2025-09,112498,,False
节日场合扩展,advent calendar,advent calendar for toddler boy,1,2025-11,112523,,False
节日场合扩展,advent calendar,advent calendar stranger things,2,2025-11;2025-12,112744,,False
节日场合扩展,advent calendar,duck advent calendar,1,2025-11,112744,,False
节日场合扩展,advent calendar,advent calendar box,1,2025-11,113106,,False
节日场合扩展,advent calendar,nail advent calendar 2025,1,2025-11,113273,,False
节日场合扩展,advent calendar,dragon advent calendar,1,2025-11,113391,,False
节日场合扩展,advent calendar,sonic advent calendar,1,2025-11,113391,,False
节日场合扩展,advent calendar,elf makeup advent calendar,2,2025-10;2025-11,113476,,False
节日场合扩展,advent calendar,cars advent calendar,2,2025-10;2025-11,113867,,False
节日场合扩展,st patrick*,st patricks day nail stickers,2,2025-02;2025-03,113868,,False
节日场合扩展,prom,long sleeve prom dress,4,2025-01;2025-02;2025-03;2025-04,113910,,False
节日场合扩展,advent calendar,advent calendar for girls 8-10,1,2025-11,114031,,False
节日场合扩展,st patrick*,st patrick 's day decorations,1,2025-02,114422,,False
节日场合扩展,st patrick*,st patricks day table decor,2,2025-02;2025-03,114707,,False
节日场合扩展,prom,sequin prom dresses,2,2025-04;2025-05,114808,,False
节日场合扩展,advent calendar,lindt chocolate advent calendar,1,2025-11,114808,,False
节日场合扩展,advent calendar,dungeons and dragons advent calendar,2,2025-09;2025-11,114943,,False
节日场合扩展,advent calendar,book lovers advent calendar 2025,1,2025-11,115193,,False
节日场合扩展,advent calendar,schleich advent calendar 2025,1,2025-11,115228,,False
节日场合扩展,mardi gras,mardi gras sunglasses,1,2025-02,115253,,False
节日场合扩展,mardi gras,mardi gras door mat,1,2025-01,115338,,False
节日场合扩展,st patrick*,st patricks day costume,1,2025-03,115388,,False
节日场合扩展,advent calendar,glow recipe advent calendar,1,2025-11,115440,,False
节日场合扩展,advent calendar,hot sauce advent calendar 2025,1,2025-11,115522,,False
节日场合扩展,advent calendar,advent calendar needoh,1,2025-11,115575,,False
节日场合扩展,st patrick*,st patricks day inflatables,2,2025-01;2025-02,115598,,False
节日场合扩展,advent calendar,charm bracelet advent calendar,1,2025-11,115613,,True
节日场合扩展,st patrick*,st patricks day shirt toddler boy,1,2025-03,115642,,False
节日场合扩展,advent calendar,women advent calendar,1,2025-11,115712,,False
节日场合扩展,advent calendar,dog treat advent calendar,1,2025-11,115847,,False
节日场合扩展,advent calendar,science advent calendar,1,2025-11,115895,,False
节日场合扩展,mardi gras,mardi gras ball gowns for women,2,2025-01;2025-02,115984,,False
节日场合扩展,st patrick*,st patricks day dog bandana,2,2025-02;2025-03,116076,,False
节日场合扩展,advent calendar,burts bees advent calendar 2025,1,2025-11,116298,,False
节日场合扩展,advent calendar,kpop demon hunter advent calendar,1,2025-11,116661,,False
节日场合扩展,st patrick*,st patricks day outdoor decorations,1,2025-02,116814,,False
节日场合扩展,advent calendar,advent calendar bags,1,2025-11,117360,,False
节日场合扩展,advent calendar,3d printed advent calendar 2025,1,2025-11,117552,,False
节日场合扩展,st patrick*,st patricks day shirt men funny,1,2025-03,117677,,False
节日场合扩展,advent calendar,advent calendar 2025 for girls,1,2025-11,117717,,False
节日场合扩展,advent calendar,porsche advent calendar,3,2025-09;2025-10;2025-11,117883,,False
节日场合扩展,mardi gras,mardi gras umbrella,1,2025-02,117902,,False
节日场合扩展,advent calendar,fun advent calendar,1,2025-11,118346,,False
节日场合扩展,advent calendar,peppa pig advent calendar,1,2025-11,118388,,False
节日场合扩展,advent calendar,hanging advent calendar,1,2025-11,118741,,False
节日场合扩展,mardi gras,mardi gras stickers,1,2025-02,118756,,False
节日场合扩展,mardi gras,mardi gras costumes,1,2025-02,119076,,False
节日场合扩展,st patrick*,st patricks day teacher shirt,2,2025-02;2025-03,119144,,False
节日场合扩展,advent calendar,lego halloween advent calendar 2025,2,2025-08;2025-09,119298,,False
节日场合扩展,prom,hot pink prom dress,3,2025-02;2025-03;2025-04,119401,,False
节日场合扩展,advent calendar,advent calendar fidget,1,2025-11,119405,,False
节日场合扩展,advent calendar,princess advent calendar,2,2025-09;2025-11,119449,,False
节日场合扩展,st patrick*,st patricks day dress girls,1,2025-03,119570,,False
节日场合扩展,advent calendar,chocolate advent calendar 2025 for adults,1,2025-11,119635,,False
节日场合扩展,st patrick*,st patricks day pillows,1,2025-02,119768,,False
节日场合扩展,advent calendar,teen girls advent calendar 2025,1,2025-11,119989,,False
节日场合扩展,mardi gras,mardi gras sweater for women,1,2025-02,120160,,False
节日场合扩展,advent calendar,religious advent calendar 2025,1,2025-11,120400,,False
节日场合扩展,prom,gold prom necklace,1,2025-04,120737,,True
节日场合扩展,prom,80s prom dress,3,2025-01;2025-09;2025-10,120987,,False
节日场合扩展,st patrick*,st patricks day womens clothing,2,2025-02;2025-03,121050,,False
节日场合扩展,advent calendar,mini brand advent calendar 2025,1,2025-11,121084,,False
节日场合扩展,advent calendar,exit the game advent calendar,1,2025-11,121176,,False
节日场合扩展,mardi gras,mardi gras masks for women,1,2025-02,121480,,False
节日场合扩展,prom,purple prom dresses,4,2025-01;2025-02;2025-03;2025-04,121939,,False
节日场合扩展,mardi gras,mardi gras shirt for women,1,2025-02,122036,,False
节日场合扩展,advent calendar,spa advent calendar,1,2025-11,122101,,False
节日场合扩展,mardi gras,mardi gras face jewels,1,2025-02,122830,,False
节日场合扩展,advent calendar,advent calendar anime,1,2025-11,122870,,False
节日场合扩展,advent calendar,advent calendar books,2,2025-10;2025-11,122917,,False
节日场合扩展,mardi gras,mardi gras throws bulk clearance,1,2025-02,122973,,False
节日场合扩展,advent calendar,toy advent calendar,1,2025-11,123016,,False
节日场合扩展,advent calendar,reeses advent calendar 2025,1,2025-11,123058,,False
节日场合扩展,advent calendar,bigfoot advent calendar 2025,3,2025-09;2025-10;2025-11,123127,,False
节日场合扩展,mardi gras,mardi gras glasses,1,2025-02,123257,,False
节日场合扩展,st patrick*,st patricks headband,1,2025-03,123310,,False
节日场合扩展,mardi gras,mardi gras earrings for women dangle,1,2025-02,123334,,True
节日场合扩展,advent calendar,basketball advent calendar,1,2025-11,123592,,False
节日场合扩展,st patrick*,toddler st patricks day outfit boy,2,2025-02;2025-03,123697,,False
节日场合扩展,advent calendar,sea glass christmas tree advent calendar,3,2025-09;2025-10;2025-11,123703,,False
节日场合扩展,advent calendar,advent calendar socks,1,2025-11,124021,,False
节日场合扩展,advent calendar,guitar advent calendar,1,2025-11,124021,,False
节日场合扩展,advent calendar,advent calendar for cats,1,2025-11,124192,,False
节日场合扩展,advent calendar,peppa pig advent calendar 2025,1,2025-11,124337,,False
节日场合扩展,advent calendar,advent calendar craft,2,2025-10;2025-11,124455,,False
节日场合扩展,mardi gras,mardi gras boots,1,2025-02,124522,,False
节日场合扩展,st patrick*,newborn st patricks day outfit girl,1,2025-03,124672,,False
节日场合扩展,prom,prom night,6,2025-03;2025-04;2025-05;2025-08;2025-09;2025-10,124751,1.273,False
节日场合扩展,st patrick*,st patrick's day shirt men,1,2025-03,124832,,False
节日场合扩展,prom,a-line prom dresses,2,2025-04;2025-05,125180,,False
节日场合扩展,advent calendar,nfl advent calendar,1,2025-11,125316,,False
节日场合扩展,advent calendar,ghibli advent calendar,2,2025-11;2025-12,125808,,False
节日场合扩展,advent calendar,book lovers advent calendar,1,2025-11,125882,,False
节日场合扩展,advent calendar,couples advent calendar,1,2025-11,125882,,False
节日场合扩展,st patrick*,st patricks sweatshirt,2,2025-02;2025-03,125917,,False
节日场合扩展,advent calendar,popcorn advent calendar,1,2025-11,126074,,False
节日场合扩展,advent calendar,advent calendar funko,1,2025-11,126308,,False
节日场合扩展,st patrick*,st patricks decor,2,2025-02;2025-03,126523,,False
节日场合扩展,advent calendar,advent calendar for teen boy,1,2025-11,126575,,False
节日场合扩展,advent calendar,netflix advent calendar 2025,2,2025-11;2025-12,126710,,False
节日场合扩展,advent calendar,puzzle advent calendar 2025 adult,1,2025-11,126801,,False
节日场合扩展,mardi gras,mardi gras necklace,1,2025-02,127309,,True
节日场合扩展,st patrick*,st patricks day kids gifts,1,2025-03,127392,,False
节日场合扩展,advent calendar,advent calendar for girls teen,1,2025-11,127447,,False
节日场合扩展,st patrick*,st patricks day tank tops for women,1,2025-03,127457,,False
节日场合扩展,mardi gras,mardi gras costumes women,1,2025-02,127506,,False
节日场合扩展,st patrick*,st patricks day tiered tray decor,1,2025-02,127730,,False
节日场合扩展,st patrick*,st patricks day shirt teacher,1,2025-03,128007,,False
节日场合扩展,advent calendar,book advent calendar 2025 adult,2,2025-10;2025-11,128018,,False
节日场合扩展,advent calendar,christian advent calendar for kids,1,2025-11,128316,,False
节日场合扩展,advent calendar,diamond art advent calendar,2,2025-11;2025-12,128364,,False
节日场合扩展,prom,prom king and queen crown set with sashes,1,2025-04,128408,,False
节日场合扩展,advent calendar,spiderman advent calendar,1,2025-11,128425,,False
节日场合扩展,advent calendar,dachshund advent calendar 2025,2,2025-10;2025-11,129074,,False
节日场合扩展,st patrick*,st patricks table runner,1,2025-02,129078,,False
节日场合扩展,st patrick*,st patricks day sweatshirt men,1,2025-03,129347,,False
节日场合扩展,st patrick*,st patricks day ribbon,1,2025-02,129369,,False
节日场合扩展,advent calendar,2025 advent calendar teens,1,2025-11,129716,,False
节日场合扩展,st patrick*,st patricks day for kids,1,2025-03,129744,,False
节日场合扩展,mardi gras,sexy mardi gras outfit for women,1,2025-02,129778,,False
节日场合扩展,advent calendar,flower advent calendar,1,2025-11,129893,,False
节日场合扩展,advent calendar,hockey advent calendar,1,2025-11,129893,,False
节日场合扩展,advent calendar,sanrio advent calendar,1,2025-11,130240,,False
节日场合扩展,prom,prom dress 2025,3,2025-01;2025-03;2025-04,130339,,False
节日场合扩展,advent calendar,advent calendar hot wheels,1,2025-11,130463,,False
节日场合扩展,st patrick*,mens st patricks day sweatshirt,1,2025-03,130471,,False
节日场合扩展,prom,heels for prom,2,2025-03;2025-04,130680,,False
节日场合扩展,advent calendar,unusual advent calendar for adults,1,2025-11,130968,,False
节日场合扩展,mardi gras,mardi gras glitter,1,2025-02,131006,,False
节日场合扩展,st patrick*,st patricks day face tattoos,1,2025-03,131157,,False
节日场合扩展,mardi gras,mardi gras costume,1,2025-02,131352,,False
节日场合扩展,advent calendar,men's advent calendar,1,2025-11,131470,,False
节日场合扩展,advent calendar,k pop advent calendar 2025,1,2025-11,131713,,False
节日场合扩展,mardi gras,mardi gras throws bulk,1,2025-02,131733,,False
节日场合扩展,advent calendar,pokemon card advent calendar,1,2025-11,131840,,False
节日场合扩展,advent calendar,tween girl advent calendar 2025,1,2025-11,131840,,False
节日场合扩展,prom,prom queen costume,1,2025-10,131869,,False
节日场合扩展,mardi gras,mardi gras fringe,1,2025-02,131903,,False
节日场合扩展,st patrick*,st patricks day hats for women,1,2025-03,132093,,False
节日场合扩展,advent calendar,beer advent calendar,1,2025-11,132139,,False
节日场合扩展,advent calendar,toddler advent calendar 2025 girls,1,2025-11,132247,,False
节日场合扩展,st patrick*,st patrick shirts for women,1,2025-03,132308,,False
节日场合扩展,st patrick*,st patricks day toddler boy,1,2025-03,132308,,False
节日场合扩展,prom,red prom dresses for women,2,2025-01;2025-02,132456,,False
节日场合扩展,advent calendar,advent calendar 2025 adults,1,2025-11,132723,,False
节日场合扩展,st patrick*,white st patricks day shirt women,1,2025-03,132724,,False
节日场合扩展,mardi gras,mardi gras clothes,1,2025-02,132746,,False
节日场合扩展,prom,prom 2025,2,2025-04;2025-05,132815,,False
节日场合扩展,mardi gras,mardi gras shirts for women plus size,1,2025-02,132887,,False
节日场合扩展,st patrick*,dog st patricks day outfit,1,2025-03,132943,,False
节日场合扩展,mardi gras,mardi gras candy,1,2025-02,132958,,False
节日场合扩展,st patrick*,st patricks day tshirt,1,2025-03,133024,,False
节日场合扩展,prom,green prom dresses,2,2025-03;2025-04,133205,,False
节日场合扩展,st patrick*,st patricks day mens shirt,2,2025-02;2025-03,133502,,False
节日场合扩展,advent calendar,baseball card advent calendar,1,2025-11,133506,,False
节日场合扩展,prom,tulle prom dress,3,2025-02;2025-03;2025-04,133524,,False
节日场合扩展,advent calendar,beer advent calendar 2025,1,2025-11,133573,,False
节日场合扩展,advent calendar,bookish advent calendar,1,2025-11,133755,,False
节日场合扩展,advent calendar,nail polish advent calendar,1,2025-11,133873,,False
节日场合扩展,advent calendar,whiskey advent calendar for adults,1,2025-11,134119,,False
节日场合扩展,prom,gold prom heels,2,2025-03;2025-04,134152,,False
节日场合扩展,st patrick*,st patricks garland,1,2025-02,134206,,False
节日场合扩展,prom,off the shoulder prom dress,2,2025-03;2025-04,134344,,False
节日场合扩展,st patrick*,st patricks day long sleeve shirt women,1,2025-03,134344,,False
节日场合扩展,advent calendar,teenymates advent calendar 2025,1,2025-11,134401,,False
节日场合扩展,mardi gras,mardi gras party favors,1,2025-02,134534,,False
节日场合扩展,advent calendar,vegan advent calendar,1,2025-11,134652,,False
节日场合扩展,advent calendar,minecraft lego advent calendar,1,2025-11,134894,,False
节日场合扩展,advent calendar,advent calendar boxes empty,1,2025-11,134966,,False
节日场合扩展,st patrick*,st patricks day decorations hanging decorations,2,2025-02;2025-03,135158,,False
节日场合扩展,advent calendar,2025 lego advent calendar,1,2025-09,135299,,False
节日场合扩展,advent calendar,advent calendar toys,1,2025-11,135418,,False
节日场合扩展,advent calendar,spongebob advent calendar,1,2025-11,135418,,False
节日场合扩展,advent calendar,lego advent calendar for boys,1,2025-11,135464,,False
节日场合扩展,advent calendar,spa advent calendar 2025,1,2025-11,135654,,False
节日场合扩展,mardi gras,mardi gras balloon arch,1,2025-02,135668,,False
节日场合扩展,advent calendar,disney princess advent calendar 2025,1,2025-11,135915,,False
节日场合扩展,mardi gras,mardi gras shirt men,1,2025-02,135993,,False
节日场合扩展,st patrick*,girls st patricks day dress,1,2025-03,136006,,False
节日场合扩展,prom,black prom heels,1,2025-04,136346,,False
节日场合扩展,st patrick*,gold coins st patricks day chocolate,1,2025-03,136726,,False
节日场合扩展,advent calendar,national lampoon's advent calendar,1,2025-11,136830,,False
节日场合扩展,advent calendar,advent calendar 2025 toddler,1,2025-11,136900,,False
节日场合扩展,advent calendar,survival kit advent calendar 2025,1,2025-11,137011,,False
节日场合扩展,advent calendar,advent calendar for boys 5-7,1,2025-11,137070,,False
节日场合扩展,advent calendar,five nights at freddy's advent calendar,1,2025-11,137070,,False
节日场合扩展,advent calendar,wwii aircraft advent calendar,2,2025-10;2025-11,137070,,False
节日场合扩展,prom,ruffle prom dress,3,2025-02;2025-03;2025-04,137072,,False
节日场合扩展,advent calendar,mini brand advent calendar,1,2025-11,137186,,False
节日场合扩展,st patrick*,st patricks day decorations for tree,1,2025-02,137232,,False
节日场合扩展,prom,wrist corsages for prom,2,2025-04;2025-05,137366,,False
节日场合扩展,advent calendar,advent calendar hello kitty,1,2025-11,137377,,False
节日场合扩展,advent calendar,advent calendar for mom,1,2025-11,137499,,False
节日场合扩展,advent calendar,catholic advent calendar,1,2025-11,137684,,False
节日场合扩展,st patrick*,st patricks day home decor,1,2025-02,137873,,False
节日场合扩展,st patrick*,st patricks wreath,1,2025-02,137873,,False
节日场合扩展,advent calendar,advent calendar 2025 perfume,1,2025-11,137879,,False
节日场合扩展,st patrick*,st patricks day t shirt,1,2025-03,137907,,False
节日场合扩展,prom,blue prom dresses,2,2025-03;2025-04,138086,,False
节日场合扩展,advent calendar,advent calendar toddler girl,1,2025-11,138134,,False
节日场合扩展,st patrick*,women's st patrick's day shirts,1,2025-03,138191,,False
节日场合扩展,st patrick*,st patricks day trucker hat,1,2025-03,138388,,False
节日场合扩展,advent calendar,advent calendar bluey,1,2025-11,138476,,False
节日场合扩展,prom,gold prom shoes,1,2025-04,138481,,False
节日场合扩展,advent calendar,peanuts advent calendar 2025,1,2025-11,138547,,False
节日场合扩展,advent calendar,squishmallows advent calendar 2025,2,2025-10;2025-11,138547,,False
节日场合扩展,st patrick*,st patricks day pajamas,2,2025-02;2025-03,138656,,False
节日场合扩展,mardi gras,mardi gras outdoor decorations,1,2025-01,139032,,False
节日场合扩展,advent calendar,mario advent calendar,1,2025-11,139111,,False
节日场合扩展,prom,prom flower wrist corsage,1,2025-04,139436,,False
节日场合扩展,advent calendar,kpop demon hunters advent calendar 2025,1,2025-11,139604,,False
节日场合扩展,advent calendar,advent calendar sephora,1,2025-11,139912,,False
节日场合扩展,st patrick*,st patricks day pants for women,1,2025-03,139946,,False
节日场合扩展,advent calendar,advent calendar 2025 skincare,1,2025-11,139967,,False
节日场合扩展,mardi gras,mardi gras women,1,2025-02,140045,,False
节日场合扩展,st patrick*,st patricks baby tee,1,2025-03,140265,,False
节日场合扩展,mardi gras,mardi gras tshirt,1,2025-02,140374,,False
节日场合扩展,advent calendar,funny advent calendar 2025,1,2025-11,140477,,False
节日场合扩展,advent calendar,12 days advent calendar,1,2025-12,140576,,False
节日场合扩展,advent calendar,advent calendar for adults men,1,2025-11,140655,,False
节日场合扩展,advent calendar,gabby dollhouse advent calendar,1,2025-11,140655,,False
节日场合扩展,advent calendar,mens cologne advent calendar 2025,1,2025-11,140717,,False
节日场合扩展,prom,prom dresses short,2,2025-04;2025-05,140757,,False
节日场合扩展,advent calendar,sanrio advent calendar 2025,1,2025-11,140998,,False
节日场合扩展,advent calendar,advent calendar 2025 for teen girls,1,2025-11,141219,,False
节日场合扩展,advent calendar,advent calendar roblox,1,2025-11,141414,,False
节日场合扩展,st patrick*,st patricks day door wreath,1,2025-02,141491,,False
节日场合扩展,advent calendar,gemstone advent calendar 2025,1,2025-11,141739,,False
节日场合扩展,prom,prom decor,2,2025-04;2025-05,141745,,False
节日场合扩展,st patrick*,st patricks decorations,2,2025-02;2025-03,141770,,False
节日场合扩展,prom,prom dresses for women 2025,1,2025-01,142012,,False
节日场合扩展,advent calendar,sugarfina advent calendar 2025,1,2025-11,142134,,False
节日场合扩展,prom,prom sign,2,2025-04;2025-05,142171,,False
节日场合扩展,st patrick*,st patricks day table decorations,2,2025-02;2025-03,142252,,False
节日场合扩展,advent calendar,christmas tree advent calendar,1,2025-11,142266,,False
节日场合扩展,advent calendar,eos advent calendar 2025,1,2025-11,142818,,False
节日场合扩展,advent calendar,universal yums advent calendar,1,2025-11,142818,,False
节日场合扩展,advent calendar,horror advent calendar,1,2025-11,142988,,False
节日场合扩展,advent calendar,advent calendar teens,1,2025-11,143057,,False
节日场合扩展,prom,prom necklace silver,1,2025-04,143074,,True
节日场合扩展,advent calendar,hamilton advent calendar,1,2025-11,143123,,False
节日场合扩展,prom,silver necklace prom,1,2025-04,143344,,True
节日场合扩展,advent calendar,jurassic park advent calendar 2025,1,2025-11,143498,,False
节日场合扩展,advent calendar,lip gloss advent calendar,1,2025-11,143617,,False
节日场合扩展,advent calendar,stray kids advent calendar,1,2025-11,143617,,False
节日场合扩展,prom,lavender prom dress,2,2025-03;2025-04,143664,,False
节日场合扩展,advent calendar,advent calendar for babies,1,2025-11,143687,,False
节日场合扩展,advent calendar,little girl advent calendar 2025,1,2025-11,143757,,False
节日场合扩展,advent calendar,bitty pop advent calendar,1,2025-11,143975,,False
节日场合扩展,advent calendar,advent calendar lego 2025,1,2025-11,144242,,False
节日场合扩展,advent calendar,train advent calendar 2025,1,2025-11,144242,,False
节日场合扩展,advent calendar,advent calendar boy,1,2025-11,144441,,False
节日场合扩展,advent calendar,stationery advent calendar 2025,2,2025-10;2025-11,144441,,False
节日场合扩展,st patrick*,st patricks day overalls,2,2025-02;2025-03,144514,,False
节日场合扩展,st patrick*,st patricks day craft,1,2025-03,144667,,False
节日场合扩展,advent calendar,blank advent calendar,1,2025-11,144841,,False
节日场合扩展,mardi gras,mardi gras for men,1,2025-02,144869,,False
节日场合扩展,prom,corsage for prom,2,2025-04;2025-05,145006,,False
节日场合扩展,advent calendar,advent calendar ornaments,1,2025-11,145059,,False
节日场合扩展,st patrick*,st patrick's day earrings,1,2025-03,145086,,True
节日场合扩展,advent calendar,mystery advent calendar 2025,1,2025-11,145142,,False
节日场合扩展,advent calendar,bigfoot advent calendar,3,2025-09;2025-10;2025-11,145354,,False
节日场合扩展,st patrick*,men st patricks day shirt,1,2025-03,145501,,False
节日场合扩展,advent calendar,advent calendar 2025 minecraft,1,2025-11,145649,,False
节日场合扩展,advent calendar,bath bomb advent calendar,1,2025-11,145785,,False
节日场合扩展,st patrick*,st patricks day party,1,2025-03,145839,,False
节日场合扩展,prom,silver prom heels,1,2025-04,146050,,False
节日场合扩展,st patrick*,st patricks day outfits for toddlers,2,2025-02;2025-03,146086,,False
节日场合扩展,advent calendar,charm bracelet advent calendar 2025,1,2025-11,146131,,True
节日场合扩展,prom,black carpet runner for prom,1,2025-05,146223,,False
节日场合扩展,prom,prom accessories for women,1,2025-04,146278,,False
节日场合扩展,st patrick*,st patricks day jewelry,1,2025-03,146330,,True
节日场合扩展,prom,modest prom dresses,2,2025-03;2025-04,146497,,False
节日场合扩展,mardi gras,toddler mardi gras outfit,1,2025-02,146499,,False
节日场合扩展,advent calendar,godzilla advent calendar,2,2025-09;2025-11,146577,,False
节日场合扩展,advent calendar,jerky advent calendar 2025,1,2025-11,146647,,False
节日场合扩展,advent calendar,tequila advent calendar,2,2025-10;2025-11,146671,,False
节日场合扩展,advent calendar,tool advent calendar,1,2025-11,146780,,False
节日场合扩展,advent calendar,lego harry potter advent calendar 2025,1,2025-11,146927,,False
节日场合扩展,prom,prom dress black,1,2025-04,147089,,False
节日场合扩展,advent calendar,demon slayer advent calendar 2025,1,2025-11,147152,,False
节日场合扩展,advent calendar,advent calendar for women adults,1,2025-11,147207,,False
节日场合扩展,advent calendar,jesus advent calendar 2025,1,2025-11,147207,,False
节日场合扩展,st patrick*,st patricks day gold coins,1,2025-03,147497,,False
节日场合扩展,advent calendar,advent calendar funko pop,1,2025-11,147785,,False
节日场合扩展,prom,mens prom suits,1,2025-04,147791,,False
节日场合扩展,advent calendar,play doh advent calendar,1,2025-11,147924,,False
节日场合扩展,advent calendar,simpsons advent calendar,1,2025-11,148076,,False
节日场合扩展,st patrick*,st patricks day crop tops for women,1,2025-03,148129,,False
节日场合扩展,advent calendar,precious moments advent calendar,1,2025-10,148406,,False
节日场合扩展,advent calendar,football card advent calendar 2025,1,2025-11,148580,,False
节日场合扩展,st patrick*,st patricks day outfits for girls,1,2025-03,148709,,False
节日场合扩展,advent calendar,unique advent calendar,1,2025-11,148713,,False
节日场合扩展,st patrick*,st patrick's day table runner,1,2025-02,148770,,False
节日场合扩展,advent calendar,boys advent calendar 2025 christmas,1,2025-11,148779,,False
节日场合扩展,advent calendar,advent calendar adults,1,2025-11,149309,,False
节日场合扩展,advent calendar,pokemon card advent calendar 2025,1,2025-11,149463,,False
节日场合扩展,advent calendar,wera advent calendar 2025,2,2025-11;2025-12,149605,,False
节日场合扩展,advent calendar,pandora advent calendar,1,2025-11,149675,,False
节日场合扩展,mardi gras,mardi gras tops,1,2025-02,149688,,False
节日场合扩展,advent calendar,adult advent calendar 2025 for couples,1,2025-11,149752,,False
节日场合扩展,advent calendar,mini book advent calendar,1,2025-09,149752,,False
节日场合扩展,prom,baby blue prom dress,2,2025-03;2025-04,149846,,False
节日场合扩展,prom,silver prom necklace,1,2025-04,149846,,True
节日场合扩展,st patrick*,my first st patricks day baby boy outfit,1,2025-03,150276,,False
节日场合扩展,st patrick*,st patricks day crewneck,1,2025-03,150276,,False
节日场合扩展,advent calendar,advent calendar nativity,1,2025-11,150277,,False
节日场合扩展,prom,sparkly prom dress,2,2025-03;2025-04,150459,,False
节日场合扩展,advent calendar,american girl advent calendar,1,2025-11,150481,,False
节日场合扩展,advent calendar,clue advent calendar,1,2025-11,150481,,False
节日场合扩展,prom,vintage prom dress,2,2025-03;2025-04,150628,,False
节日场合扩展,advent calendar,wine advent calendar 2025 adult,1,2025-11,150785,,False
节日场合扩展,advent calendar,advent calendar for kids 2025,1,2025-11,150920,,False
节日场合扩展,advent calendar,advent calendar toddler boy,1,2025-11,150920,,False
节日场合扩展,prom,prom dresses with sleeves,2,2025-03;2025-04,151321,,False
节日场合扩展,mardi gras,mardi gras sequin top,1,2025-02,151447,,False
节日场合扩展,st patrick*,st patricks baby girl outfit,1,2025-03,151596,,False
节日场合扩展,mardi gras,girls mardi gras shirt,1,2025-02,151742,,False
节日场合扩展,prom,silver jewelry set for prom,1,2025-04,151884,,True
节日场合扩展,advent calendar,ferrero rocher advent calendar,1,2025-11,152171,,False
节日场合扩展,mardi gras,mardi gras outfit for girls,1,2025-02,152451,,False
节日场合扩展,advent calendar,reeses advent calendar,1,2025-11,152556,,False
节日场合扩展,st patrick*,st patricks tattoos,1,2025-03,152558,,False
节日场合扩展,mardi gras,mardi gras outfit for women plus size,1,2025-02,152640,,False
节日场合扩展,prom,silver purse for prom,1,2025-05,152670,,False
节日场合扩展,advent calendar,magnatile advent calendar,1,2025-08,152718,,False
节日场合扩展,prom,dark purple prom dress,2,2025-03;2025-04,152837,,False
节日场合扩展,st patrick*,funny st patricks day shirts for men,1,2025-03,152930,,False
节日场合扩展,advent calendar,elf on the shelf advent calendar 2025,1,2025-11,153139,,False
节日场合扩展,mardi gras,mardi gras door decorations,2,2025-01;2025-02,153341,,False
节日场合扩展,advent calendar,advent calendar empty boxes to fill,1,2025-11,153449,,False
节日场合扩展,advent calendar,unicorn advent calendar 2025,1,2025-11,153634,,False
节日场合扩展,mardi gras,mardi gras party decorations,1,2025-02,153691,,False
节日场合扩展,prom,dark green prom dress,2,2025-03;2025-04,153725,,False
节日场合扩展,advent calendar,ramen advent calendar,1,2025-12,153939,,False
节日场合扩展,prom,flowy prom dress,2,2025-03;2025-04,154217,,False
节日场合扩展,prom,prom letters,2,2025-04;2025-05,154326,,False
节日场合扩展,advent calendar,hershey advent calendar 2025,1,2025-11,154619,,False
节日场合扩展,mardi gras,mardi gras overalls,1,2025-02,154724,,False
节日场合扩展,st patrick*,st patricks day tops for women,1,2025-03,154729,,False
节日场合扩展,advent calendar,legos advent calendar 2025,1,2025-11,154793,,False
节日场合扩展,advent calendar,wood advent calendar,1,2025-11,154793,,False
节日场合扩展,st patrick*,green necklaces for st patricks day,1,2025-03,155010,,True
节日场合扩展,advent calendar,advent calendar legos,1,2025-11,155090,,False
节日场合扩展,mardi gras,mardi gras fanny pack,1,2025-02,155136,,False
节日场合扩展,advent calendar,mini book ornament advent calendar 2025,1,2025-07,155193,,False
节日场合扩展,advent calendar,building block advent calendar 2025,1,2025-11,155235,,False
节日场合扩展,prom,simple prom dress,2,2025-03;2025-04,155335,,False
节日场合扩展,advent calendar,kitsch advent calendar 2025,1,2025-11,155437,,False
节日场合扩展,advent calendar,moriah elizabeth advent calendar,1,2025-11,155437,,False
节日场合扩展,mardi gras,mardi gras tree topper,1,2025-01,155463,,False
节日场合扩展,advent calendar,tween advent calendar,1,2025-11,155498,,False
节日场合扩展,advent calendar,bird advent calendar,1,2025-11,155654,,False
节日场合扩展,st patrick*,st patricks day flags 28 x 40 double sided,1,2025-02,155875,,False
节日场合扩展,prom,light pink prom dress,2,2025-03;2025-04,155935,,False
节日场合扩展,mardi gras,mardi gras patches iron on,1,2025-02,156096,,False
节日场合扩展,advent calendar,nail polish advent calendar 2025,1,2025-11,156166,,False
节日场合扩展,advent calendar,advent calendar christmas,1,2025-11,156557,,False
节日场合扩展,st patrick*,my first st patricks day baby girl outfit,1,2025-03,156751,,False
节日场合扩展,advent calendar,video game advent calendar,1,2025-11,157360,,False
节日场合扩展,advent calendar,hamilton advent calendar 2025,1,2025-11,157506,,False
节日场合扩展,advent calendar,funny advent calendar,1,2025-11,157586,,False
节日场合扩展,advent calendar,advent calendar 2025 needoh,1,2025-11,157905,,False
节日场合扩展,st patrick*,st patricks day top,1,2025-03,157987,,False
节日场合扩展,prom,short prom dresses for teens,1,2025-04,158363,,False
节日场合扩展,st patrick*,st patricks pillow covers 18x18,1,2025-02,158514,,False
节日场合扩展,advent calendar,bibliophile advent calendar,1,2025-11,158572,,False
节日场合扩展,advent calendar,mystery advent calendar,1,2025-11,158636,,False
节日场合扩展,st patrick*,st patricks window clings,1,2025-02,158961,,False
节日场合扩展,advent calendar,korean skincare advent calendar,1,2025-11,159270,,False
节日场合扩展,advent calendar,advent calendar fillers for kids,1,2025-11,159664,,False
节日场合扩展,advent calendar,lord of the rings advent calendar,1,2025-11,159749,,False
节日场合扩展,advent calendar,advent calendar 2025 mini brands,1,2025-11,159835,,False
节日场合扩展,advent calendar,stationery advent calendar,1,2025-11,159835,,False
节日场合扩展,advent calendar,advent calendar 2025 puzzle,1,2025-11,159979,,False
节日场合扩展,advent calendar,jerky advent calendar,1,2025-11,159979,,False
节日场合扩展,advent calendar,needo advent calendar,1,2025-11,160068,,False
节日场合扩展,st patrick*,st patricks day confetti,1,2025-03,160358,,False
节日场合扩展,advent calendar,starwars advent calendar 2025,1,2025-11,160424,,False
节日场合扩展,advent calendar,murder mystery advent calendar,1,2025-11,160516,,False
节日场合扩展,st patrick*,green beads st patricks day,1,2025-03,160640,,False
节日场合扩展,advent calendar,hot cocoa advent calendar,1,2025-11,160773,,False
节日场合扩展,advent calendar,music advent calendar 2025,1,2025-11,160858,,False
节日场合扩展,advent calendar,halloween lego advent calendar,1,2025-09,160901,,False
节日场合扩展,advent calendar,teenage girl advent calendar 2025,1,2025-11,161026,,False
节日场合扩展,advent calendar,studio ghibli advent calendar 2025,1,2025-10,161110,,False
节日场合扩展,st patrick*,st patricks day runner,1,2025-02,161598,,False
节日场合扩展,advent calendar,cookie advent calendar,1,2025-11,161630,,False
节日场合扩展,advent calendar,l oreal advent calendar,1,2025-11,161781,,False
节日场合扩展,st patrick*,st patrick's day garland,1,2025-02,161908,,False
节日场合扩展,advent calendar,25 days of christmas advent calendar,1,2025-11,162122,,False
节日场合扩展,advent calendar,makeup advent calendar 2025 sephora,1,2025-11,162122,,False
节日场合扩展,advent calendar,barkbox advent calendar,1,2025-11,162217,,False
节日场合扩展,prom,gold necklace prom,1,2025-04,162387,,True
节日场合扩展,st patrick*,st patricks day shirt toddler,1,2025-03,162714,,False
节日场合扩展,advent calendar,alcohol advent calendar,1,2025-11,162889,,False
节日场合扩展,advent calendar,cheese advent calendar,1,2025-11,162986,,False
节日场合扩展,prom,gold prom dresses,2,2025-03;2025-04,163046,,False
节日场合扩展,st patrick*,st patrick day candy,1,2025-03,163429,,False
节日场合扩展,st patrick*,st patricks day shirts for men,1,2025-03,163630,,False
节日场合扩展,advent calendar,advent calendar puzzles,1,2025-11,163750,,False
节日场合扩展,advent calendar,cologne advent calendar 2025,1,2025-11,164278,,False
节日场合扩展,advent calendar,advent calendar coffee,1,2025-11,164617,,False
节日场合扩展,st patrick*,st patricks day leggings,1,2025-03,164686,,False
节日场合扩展,prom,prom hair accessories silver,1,2025-04,164738,,False
节日场合扩展,mardi gras,mardi gras tights for women,1,2025-02,165102,,False
节日场合扩展,prom,black prom suit,1,2025-04,165174,,False
节日场合扩展,advent calendar,advent calendar 2026,1,2025-11,165227,,False
节日场合扩展,advent calendar,american girl advent calendar 2025,1,2025-11,165551,,False
节日场合扩展,advent calendar,hotwheels advent calendar,1,2025-11,165742,,False
节日场合扩展,prom,prom backdrop 2025,1,2025-04,165750,,False
节日场合扩展,advent calendar,sheglam advent calendar,1,2025-11,165908,,False
节日场合扩展,advent calendar,empty advent calendar boxes,1,2025-11,166087,,False
节日场合扩展,advent calendar,gamer advent calendar,1,2025-11,166347,,False
节日场合扩展,advent calendar,woobles advent calendar,1,2025-11,166538,,False
节日场合扩展,prom,zombie prom queen costume,1,2025-10,166554,,False
节日场合扩展,advent calendar,cute advent calendar,1,2025-11,166632,,False
节日场合扩展,advent calendar,nativity advent calendar 2025 kids,2,2025-10;2025-11,166657,,False
节日场合扩展,advent calendar,advent calendar cars,1,2025-11,166719,,False
节日场合扩展,advent calendar,candy advent calendar 2025 kids,1,2025-11,166894,,False
节日场合扩展,advent calendar,fabric advent calendar,1,2025-11,167091,,False
节日场合扩展,advent calendar,nutcracker advent calendar,1,2025-11,167091,,False
节日场合扩展,st patrick*,st patrick day,1,2025-03,167177,,False
节日场合扩展,st patrick*,st patricks stickers,1,2025-03,167177,,False
节日场合扩展,mardi gras,mardi gras float decorations,1,2025-02,167495,,False
节日场合扩展,prom,long prom dress,1,2025-04,167639,,False
节日场合扩展,mardi gras,womens mardi gras clothing,1,2025-02,167857,,False
节日场合扩展,st patrick*,green lights for st patrick's day,2,2025-02;2025-03,167857,,False
节日场合扩展,advent calendar,baseball card advent calendar 2025,1,2025-11,167976,,False
节日场合扩展,prom,prom dresses 2025 plus size,1,2025-04,167988,,False
节日场合扩展,mardi gras,mardi gras music,1,2025-03,168070,,False
节日场合扩展,advent calendar,my hero academia advent calendar,1,2025-11,168153,,False
节日场合扩展,st patrick*,st patricks day shirt toddler girl,1,2025-03,168286,,False
节日场合扩展,prom,prom dress corset,1,2025-04,168448,,False
节日场合扩展,st patrick*,st patrick's day gifts,1,2025-03,168619,,False
节日场合扩展,st patrick*,st patrick's day garden flag,1,2025-02,168851,,False
节日场合扩展,advent calendar,socks advent calendar,1,2025-11,168970,,False
节日场合扩展,advent calendar,playdoh advent calendar,1,2025-11,169047,,False
节日场合扩展,advent calendar,stikbot advent calendar 2025,1,2025-11,169547,,False
节日场合扩展,advent calendar,makeup advent calendar for girls,1,2025-11,169664,,False
节日场合扩展,advent calendar,gemstone advent calendar,1,2025-11,169767,,False
节日场合扩展,advent calendar,step 2 advent calendar,1,2025-11,169848,,False
节日场合扩展,prom,champagne prom dress,1,2025-04,169966,,False
节日场合扩展,st patrick*,st patricks day shirt women baby tee,1,2025-03,170228,,False
节日场合扩展,st patrick*,st patricks day hoodie men,1,2025-03,170431,,False
节日场合扩展,st patrick*,st patricks tablecloth,2,2025-02;2025-03,170462,,False
节日场合扩展,advent calendar,advent calendar girl,1,2025-11,170480,,False
节日场合扩展,mardi gras,mardi gras tshirts women,1,2025-02,170601,,False
节日场合扩展,advent calendar,play doh advent calendar 2025,1,2025-11,171246,,False
节日场合扩展,mardi gras,mardi gras headpiece for women,1,2025-02,171345,,False
节日场合扩展,st patrick*,st patricks day centerpiece,1,2025-02,171345,,False
节日场合扩展,mardi gras,mardi gras bracelets for women,1,2025-02,171480,,True
节日场合扩展,st patrick*,st patricks day goodie bags,1,2025-03,171508,,False
节日场合扩展,advent calendar,advent calendar stitch,1,2025-11,171631,,False
节日场合扩展,advent calendar,bird advent calendar 2025,1,2025-11,171631,,False
节日场合扩展,mardi gras,mardi gras boots for women,1,2025-02,171728,,False
节日场合扩展,advent calendar,axolotl advent calendar 2025,1,2025-11,171832,,False
节日场合扩展,st patrick*,st patricks day party supplies,1,2025-03,171947,,False
节日场合扩展,advent calendar,animal advent calendar,1,2025-11,172103,,False
节日场合扩展,advent calendar,nespresso advent calendar 2025,1,2025-11,172103,,False
节日场合扩展,advent calendar,airplane advent calendar,1,2025-11,172190,,False
节日场合扩展,advent calendar,advent calendar for girls 10-12 years,1,2025-11,172298,,False
节日场合扩展,mardi gras,kids mardi gras outfit,1,2025-02,172735,,False
节日场合扩展,mardi gras,mardi gras outfits for women,1,2025-02,173005,,False
节日场合扩展,advent calendar,bracelet advent calendar,1,2025-11,173339,,True
节日场合扩展,st patrick*,st patricks accessories,1,2025-03,173476,,False
节日场合扩展,advent calendar,home alone advent calendar,1,2025-11,173665,,False
节日场合扩展,prom,silver necklace for women prom,1,2025-04,173717,,True
节日场合扩展,advent calendar,d&d advent calendar 2025,1,2025-11,173743,,False
节日场合扩展,advent calendar,wwe advent calendar,1,2025-11,173848,,False
节日场合扩展,advent calendar,building blocks advent calendar,1,2025-11,174050,,False
节日场合扩展,advent calendar,nba advent calendar 2025,1,2025-11,174358,,False
节日场合扩展,advent calendar,bts advent calendar,1,2025-11,174457,,False
节日场合扩展,advent calendar,lindt chocolate advent calendar 2025,1,2025-11,174457,,False
节日场合扩展,prom,prom earrings silver,1,2025-04,174496,,True
节日场合扩展,prom,white prom heels,1,2025-04,174496,,False
节日场合扩展,advent calendar,advent calendar boxes to fill,1,2025-11,174718,,False
节日场合扩展,st patrick*,st patrick's day hat,1,2025-03,174780,,False
节日场合扩展,st patrick*,st patricks day games,1,2025-03,174780,,False
节日场合扩展,advent calendar,transformers advent calendar,1,2025-11,174916,,False
节日场合扩展,prom,prom earrings gold,1,2025-04,175391,,True
节日场合扩展,advent calendar,haribo advent calendar,1,2025-11,175666,,False
节日场合扩展,st patrick*,st patricks day candy dish,1,2025-02,175893,,False
节日场合扩展,st patrick*,men's st patrick's day shirt,1,2025-03,175979,,False
节日场合扩展,mardi gras,mardi gras party supplies,1,2025-02,176049,,False
节日场合扩展,advent calendar,doorables advent calendar 2025,1,2025-11,176280,,False
节日场合扩展,advent calendar,hanging advent calendar with pockets,1,2025-11,176463,,False
节日场合扩展,mardi gras,mardi gras outfit for women sexy,1,2025-02,176590,,False
节日场合扩展,mardi gras,mardi gras sequin shorts,1,2025-02,176721,,False
节日场合扩展,mardi gras,mardi gras decorations outdoor,1,2025-01,176778,,False
节日场合扩展,mardi gras,mardi gras purse,1,2025-02,177122,,False
节日场合扩展,st patrick*,st patricks garden flag,1,2025-02,177122,,False
节日场合扩展,advent calendar,self care advent calendar,1,2025-11,177162,,False
节日场合扩展,mardi gras,mardi gras pillow covers,1,2025-01,177247,,False
节日场合扩展,mardi gras,mardi gras centerpieces for tables,1,2025-02,177262,,False
节日场合扩展,st patrick*,st patricks day hand towels,1,2025-02,177409,,False
节日场合扩展,advent calendar,lindor advent calendar 2025,1,2025-11,177461,,False
节日场合扩展,st patrick*,st patricks day tree topper,1,2025-02,177540,,False
节日场合扩展,advent calendar,cow advent calendar 2025,1,2025-11,177937,,False
节日场合扩展,st patrick*,green wigs for women st patricks day,1,2025-03,178063,,False
节日场合扩展,advent calendar,advent calendar 2025 slime,1,2025-11,178333,,False
节日场合扩展,advent calendar,advent calendar for book lovers,1,2025-11,178603,,False
节日场合扩展,advent calendar,axolotl advent calendar,1,2025-11,178723,,False
节日场合扩展,mardi gras,mardi gras wig,1,2025-02,178799,,False
节日场合扩展,advent calendar,christmas vacation advent calendar 2025,1,2025-11,178934,,False
节日场合扩展,prom,gothic prom dress,1,2025-04,179074,,False
节日场合扩展,prom,purple prom dresses 2025,1,2025-04,179207,,False
节日场合扩展,advent calendar,gummy advent calendar,1,2025-11,179589,,False
节日场合扩展,advent calendar,advent calendar wicked,1,2025-11,179703,,False
节日场合扩展,advent calendar,advent calendar 2025 squishmallows,1,2025-11,179905,,False
节日场合扩展,advent calendar,book lover advent calendar,1,2025-11,179905,,False
节日场合扩展,mardi gras,mardi gras decorations clearance,1,2025-02,180092,,False
节日场合扩展,prom,dark blue prom dress,2,2025-03;2025-04,180173,,False
节日场合扩展,advent calendar,cookie advent calendar 2025,1,2025-11,180700,,False
节日场合扩展,advent calendar,kendra scott advent calendar 2025,1,2025-11,180700,,False
节日场合扩展,st patrick*,st patricks day cookies,1,2025-03,180730,,False
节日场合扩展,advent calendar,brain teaser advent calendar,1,2025-11,180805,,False
节日场合扩展,advent calendar,star wars lego advent calendar,1,2025-11,181014,,False
节日场合扩展,advent calendar,advent calendar with chocolate,1,2025-11,181312,,False
节日场合扩展,advent calendar,religious advent calendar,1,2025-11,181408,,False
节日场合扩展,advent calendar,toddler boy advent calendar,1,2025-11,181408,,False
节日场合扩展,st patrick*,st patrick day wreath,1,2025-02,181457,,False
节日场合扩展,prom,yellow prom dresses,2,2025-03;2025-04,181501,,False
节日场合扩展,mardi gras,mardi gras clothes for women,1,2025-02,181610,,False
节日场合扩展,advent calendar,toddler advent calendar 2025 boys,1,2025-11,181922,,False
节日场合扩展,advent calendar,advent calendar snacks,1,2025-11,182021,,False
节日场合扩展,st patrick*,st patricks day window decorations,1,2025-02,182150,,False
节日场合扩展,prom,prom queen sash and tiara set,1,2025-10,182233,,False
节日场合扩展,advent calendar,advent calendar 2025 disney,1,2025-11,182347,,False
节日场合扩展,mardi gras,mardi gras shirt for men,1,2025-02,182442,,False
节日场合扩展,advent calendar,corgi advent calendar 2025,1,2025-10,182488,,False
节日场合扩展,advent calendar,gamer advent calendar 2025,1,2025-11,182581,,False
节日场合扩展,advent calendar,book advent calendar 2025 kids,1,2025-11,182679,,False
节日场合扩展,advent calendar,woman advent calendar 2025,1,2025-11,182679,,False
节日场合扩展,advent calendar,monster jam mini advent calendar,1,2025-10,182736,,False
节日场合扩展,st patrick*,st patricks day placemats set of 4,1,2025-02,183045,,False
节日场合扩展,st patrick*,newborn st patricks day outfit boy,1,2025-03,183198,,False
节日场合扩展,advent calendar,broadway advent calendar,1,2025-11,183200,,False
节日场合扩展,advent calendar,topps advent calendar baseball 2025,1,2025-11,183200,,False
节日场合扩展,advent calendar,pusheen advent calendar,1,2025-11,183312,,False
节日场合扩展,st patrick*,st patricks day birthday decorations,1,2025-03,183448,,False
节日场合扩展,advent calendar,advent calendar 2025 girls 8-12,1,2025-11,183520,,False
节日场合扩展,advent calendar,sesame street advent calendar,1,2025-11,183648,,False
节日场合扩展,advent calendar,halloween advent calendar lego,1,2025-09,183695,,False
节日场合扩展,advent calendar,sex advent calendar,1,2025-11,183984,,False
节日场合扩展,advent calendar,baking advent calendar,1,2025-11,184334,,False
节日场合扩展,mardi gras,toddler mardi gras shirt,1,2025-02,184586,,False
节日场合扩展,st patrick*,st patricks day table cloth,1,2025-02,184909,,False
节日场合扩展,st patrick*,st patricks day wall decor,1,2025-02,185076,,False
节日场合扩展,mardi gras,mardi gras inflatable,1,2025-01,185480,,False
节日场合扩展,st patrick*,st patricks day onesie,1,2025-03,185488,,False
节日场合扩展,st patrick*,st patricks day rug,1,2025-02,185511,,False
节日场合扩展,advent calendar,fidget toy advent calendar,1,2025-11,185570,,False
节日场合扩展,advent calendar,national geographic advent calendar 2025,1,2025-11,185781,,False
节日场合扩展,advent calendar,advent calendar 12 days,1,2025-12,185894,,False
节日场合扩展,mardi gras,mardi gras tights,1,2025-02,185972,,False
节日场合扩展,st patrick*,drinks well with others st patricks day shirt,1,2025-03,186180,,False
节日场合扩展,advent calendar,candy advent calendar 2025 christmas,1,2025-11,186353,,False
节日场合扩展,mardi gras,mardi gras tutus for women,1,2025-02,186568,,False
节日场合扩展,st patrick*,st patricks day badge reel,1,2025-02,186568,,False
节日场合扩展,prom,goth prom dress,1,2025-04,186948,,False
节日场合扩展,advent calendar,advent calendar make up,1,2025-11,187110,,False
节日场合扩展,st patrick*,st patricks day kids clothes,1,2025-03,187121,,False
节日场合扩展,advent calendar,bracelet advent calendar 2025,1,2025-11,187225,,True
节日场合扩展,st patrick*,st patricks day towels,1,2025-02,187464,,False
节日场合扩展,st patrick*,st patricks day books for kids 3-5,1,2025-03,187527,,False
节日场合扩展,advent calendar,building block advent calendar,1,2025-11,187655,,False
节日场合扩展,advent calendar,pokémon advent calendar,1,2025-11,187776,,False
节日场合扩展,st patrick*,kids st patricks day,1,2025-03,187936,,False
节日场合扩展,st patrick*,st patrick day shirt,1,2025-03,187936,,False
节日场合扩展,mardi gras,mardi gras tutu,1,2025-02,188652,,False
节日场合扩展,advent calendar,studio ghibli advent calendar,1,2025-11,188671,,False
节日场合扩展,st patrick*,st patricks beads,1,2025-03,188924,,False
节日场合扩展,advent calendar,nakatomi plaza advent calendar,1,2025-12,188937,,False
节日场合扩展,prom,silver earrings prom,1,2025-04,189066,,True
节日场合扩展,advent calendar,cadbury advent calendar,1,2025-11,189106,,False
节日场合扩展,advent calendar,advent calendar 2025 teen,1,2025-11,189224,,False
节日场合扩展,advent calendar,horror advent calendar 2025,1,2025-11,189454,,False
节日场合扩展,advent calendar,men advent calendar for adults,1,2025-11,189454,,False
节日场合扩展,st patrick*,st patricks day hats for men,1,2025-03,189470,,False
节日场合扩展,st patrick*,st patricks day shot glass necklace,1,2025-03,189470,,True
节日场合扩展,advent calendar,diamond art advent calendar 2025,1,2025-11,190102,,False
节日场合扩展,st patrick*,st patricks day girls,1,2025-03,190386,,False
节日场合扩展,advent calendar,advent calendar for girls 6-8,1,2025-11,190409,,False
节日场合扩展,prom,brown prom dress,2,2025-03;2025-04,190772,,False
节日场合扩展,prom,pink prom dresses 2025,1,2025-04,191075,,False
节日场合扩展,advent calendar,advent calendar star wars,1,2025-11,191143,,False
节日场合扩展,advent calendar,magic advent calendar,1,2025-11,191381,,False
节日场合扩展,mardi gras,girls mardi gras outfit,1,2025-02,191739,,False
节日场合扩展,advent calendar,advent calendar kinder,1,2025-11,191917,,False
节日场合扩展,advent calendar,preteen advent calendar,1,2025-11,192039,,False
节日场合扩展,mardi gras,mardi gras crown,1,2025-02,192053,,False
节日场合扩展,st patrick*,st patricks day inflatables outdoor decorations,1,2025-02,192053,,False
节日场合扩展,advent calendar,socks advent calendar 2025,1,2025-11,192170,,False
节日场合扩展,advent calendar,advent calendar 2025 fishing,1,2025-11,192282,,False
节日场合扩展,advent calendar,toddler girl advent calendar,1,2025-11,192282,,False
节日场合扩展,advent calendar,women's advent calendar 2025,1,2025-11,192396,,False
节日场合扩展,st patrick*,st patrick's day window clings,1,2025-02,192524,,False
节日场合扩展,st patrick*,st patricks day dish towels,1,2025-02,192524,,False
节日场合扩展,advent calendar,advent calendar squishy,1,2025-11,192958,,False
节日场合扩展,mardi gras,mardi gras shirt women,1,2025-02,193186,,False
节日场合扩展,mardi gras,mardi gras vest for men,1,2025-02,193317,,False
节日场合扩展,advent calendar,gummy advent calendar 2025,1,2025-11,193482,,False
节日场合扩展,advent calendar,advent calendar teen boys,1,2025-11,193724,,False
节日场合扩展,advent calendar,pusheen advent calendar 2025,1,2025-11,194200,,False
节日场合扩展,advent calendar,self care advent calendar 2025,1,2025-11,194200,,False
节日场合扩展,st patrick*,st patricks day gift,1,2025-03,194215,,False
节日场合扩展,advent calendar,liquor advent calendar 2025,1,2025-11,194312,,False
节日场合扩展,advent calendar,mickey mouse advent calendar,1,2025-11,194567,,False
节日场合扩展,advent calendar,tool advent calendar 2025,1,2025-11,194810,,False
节日场合扩展,mardi gras,mardi gras long sleeve shirt for women,1,2025-02,194823,,False
节日场合扩展,advent calendar,playdough advent calendar 2025,1,2025-11,195169,,False
节日场合扩展,advent calendar,mini gifts to put in advent calendar,1,2025-11,195391,,False
节日场合扩展,st patrick*,st patricks day pins,1,2025-03,195554,,False
节日场合扩展,advent calendar,advent calendar candles,1,2025-11,195626,,False
节日场合扩展,prom,sequin prom dress,1,2025-03,196487,,False
节日场合扩展,prom,prom dress red,1,2025-04,196724,,False
节日场合扩展,advent calendar,spongebob advent calendar 2025,1,2025-11,196808,,False
节日场合扩展,advent calendar,fill your own advent calendar,1,2025-11,196941,,False
节日场合扩展,advent calendar,fishing advent calendar 2026,1,2025-11,196941,,False
节日场合扩展,advent calendar,wera advent calendar,1,2025-11,196941,,False
节日场合扩展,advent calendar,gluten free advent calendar,1,2025-11,197067,,False
节日场合扩展,advent calendar,brain teaser advent calendar 2025,1,2025-11,197320,,False
节日场合扩展,mardi gras,plus size mardi gras shirt,1,2025-02,197660,,False
节日场合扩展,advent calendar,spidey advent calendar 2025,1,2025-11,197668,,False
节日场合扩展,st patrick*,st patricks day gift bags,1,2025-03,197791,,False
节日场合扩展,st patrick*,st patricks day outfit baby boy,1,2025-03,197791,,False
节日场合扩展,advent calendar,jurassic world advent calendar 2025,1,2025-11,197918,,False
节日场合扩展,advent calendar,stem advent calendar 2025,1,2025-11,198437,,False
节日场合扩展,advent calendar,fallout advent calendar 2025,1,2025-11,198543,,False
节日场合扩展,mardi gras,mardi gras scarf,1,2025-02,198601,,False
节日场合扩展,advent calendar,magic the gathering advent calendar,1,2025-11,198677,,False
节日场合扩展,advent calendar,tea advent calendar 2025 adult,1,2025-11,198677,,False
节日场合扩展,advent calendar,batman advent calendar,1,2025-11,198793,,False
节日场合扩展,prom,teal prom dress,2,2025-03;2025-04,198799,,False
节日场合扩展,advent calendar,bath and body advent calendar,1,2025-11,199317,,False
节日场合扩展,advent calendar,burts bees advent calendar,1,2025-11,199317,,False
节日场合扩展,advent calendar,loccitane advent calendar 2025,1,2025-11,199445,,False
节日场合扩展,prom,kids prom dresses,1,2025-05,199931,,False
身份仪式,communion,first communion gifts for girls,5,2025-02;2025-03;2025-04;2025-05;2025-06,3670,,False
身份仪式,communion,first communion gifts for boys,4,2025-02;2025-03;2025-04;2025-05,6448,,False
身份仪式,sweet 16,sweet 16 party decorations,12,2025-01;2025-02;2025-03;2025-04;2025-05;2025-06;2025-07;2025-08;2025-09;2025-10;2025-11;2025-12,9019,1.653,False
身份仪式,quincea*,quinceanera dresses,12,2025-01;2025-02;2025-03;2025-04;2025-05;2025-06;2025-07;2025-08;2025-09;2025-10;2025-11;2025-12,9451,2.898,False
身份仪式,communion,communion cups and wafer set,12,2025-01;2025-02;2025-03;2025-04;2025-05;2025-06;2025-07;2025-08;2025-09;2025-10;2025-11;2025-12,9465,1.492,False
身份仪式,communion,first communion dress for girls,7,2025-01;2025-02;2025-03;2025-04;2025-05;2025-09;2025-10,11213,7.554,False
身份仪式,communion,first communion decorations,4,2025-02;2025-03;2025-04;2025-05,11264,,False
身份仪式,baptism,baptism gifts for girl,12,2025-01;2025-02;2025-03;2025-04;2025-05;2025-06;2025-07;2025-08;2025-09;2025-10;2025-11;2025-12,14704,1.446,False
身份仪式,quincea*,vestidos de 15 a?os quincea?era,4,2025-01;2025-02;2025-03;2025-07,15365,,False
身份仪式,confirmation,confirmation gifts for teen girls,7,2025-01;2025-02;2025-03;2025-04;2025-05;2025-06;2025-10,17357,1.535,False
身份仪式,baptism,baptism gifts for boys,12,2025-01;2025-02;2025-03;2025-04;2025-05;2025-06;2025-07;2025-08;2025-09;2025-10;2025-11;2025-12,19412,1.339,False
身份仪式,communion,communion wafers,12,2025-01;2025-02;2025-03;2025-04;2025-05;2025-06;2025-07;2025-08;2025-09;2025-10;2025-11;2025-12,19531,1.369,False
身份仪式,sweet 16,sweet 16 gifts for girls,12,2025-01;2025-02;2025-03;2025-04;2025-05;2025-06;2025-07;2025-08;2025-09;2025-10;2025-11;2025-12,22019,1.786,False
身份仪式,quincea*,vestidos de 15 años quinceañera,8,2025-04;2025-05;2025-06;2025-08;2025-09;2025-10;2025-11;2025-12,22824,1.56,False
身份仪式,communion,communion cups,12,2025-01;2025-02;2025-03;2025-04;2025-05;2025-06;2025-07;2025-08;2025-09;2025-10;2025-11;2025-12,27756,1.262,False
身份仪式,confirmation,confirmation gifts for teenage boys,4,2025-02;2025-03;2025-04;2025-05,29383,,False
身份仪式,baptism,baptism decorations,12,2025-01;2025-02;2025-03;2025-04;2025-05;2025-06;2025-07;2025-08;2025-09;2025-10;2025-11;2025-12,30732,1.894,False
身份仪式,communion,first communion veil,3,2025-03;2025-04;2025-05,30957,,False
身份仪式,sweet 16,sweet 16,12,2025-01;2025-02;2025-03;2025-04;2025-05;2025-06;2025-07;2025-08;2025-09;2025-10;2025-11;2025-12,36699,1.698,False
身份仪式,communion,1st communion gifts for girls,2,2025-04;2025-05,40170,,False
身份仪式,communion,first communion gifts,3,2025-03;2025-04;2025-05,41706,,False
身份仪式,communion,first communion dress,5,2025-01;2025-02;2025-03;2025-04;2025-05,42552,,False
身份仪式,communion,communion gifts for girls,2,2025-04;2025-05,43508,,False
身份仪式,communion,first communion card,2,2025-04;2025-05,44655,,False
身份仪式,communion,first communion cake topper,2,2025-04;2025-05,49588,,False
身份仪式,communion,first communion banner kit,3,2025-02;2025-03;2025-04,51366,,False
身份仪式,communion,communion,12,2025-01;2025-02;2025-03;2025-04;2025-05;2025-06;2025-07;2025-08;2025-09;2025-10;2025-11;2025-12,52859,1.686,False
身份仪式,baptism,baptism outfits for boys,12,2025-01;2025-02;2025-03;2025-04;2025-05;2025-06;2025-07;2025-08;2025-09;2025-10;2025-11;2025-12,54554,1.907,False
身份仪式,communion,1st communion gifts for boys,2,2025-04;2025-05,54566,,False
身份仪式,confirmation,confirmation decorations,4,2025-02;2025-03;2025-04;2025-05,55131,,False
身份仪式,baptism,baptism dresses for baby girls,12,2025-01;2025-02;2025-03;2025-04;2025-05;2025-06;2025-07;2025-08;2025-09;2025-10;2025-11;2025-12,55412,2.855,False
身份仪式,communion,first communion,3,2025-03;2025-04;2025-05,57353,,False
身份仪式,confirmation,confirmation gifts,3,2025-03;2025-04;2025-05,58312,,False
身份仪式,quincea*,recuerdos para 15 a?os quincea?eras,4,2025-01;2025-02;2025-03;2025-07,59187,,False
身份仪式,communion,communion dress,4,2025-01;2025-02;2025-03;2025-04,59463,,False
身份仪式,confirmation,confirmation card,3,2025-03;2025-04;2025-05,60610,,False
身份仪式,quincea*,vestido de 15 años quinceañera,7,2025-04;2025-05;2025-06;2025-08;2025-09;2025-10;2025-11,66034,1.283,False
身份仪式,quincea*,vestido de 15 a?os quincea?era,4,2025-01;2025-02;2025-03;2025-07,66139,,False
身份仪式,communion,1st communion gifts,1,2025-04,68045,,False
身份仪式,quincea*,recuerdos para 15 años quinceañeras,7,2025-04;2025-05;2025-06;2025-08;2025-09;2025-10;2025-11,69628,1.372,False
身份仪式,baptism,baptism gifts,11,2025-01;2025-02;2025-03;2025-04;2025-05;2025-06;2025-07;2025-08;2025-09;2025-10;2025-11,70861,0.858,False
身份仪式,quincea*,quinceanera decorations,10,2025-01;2025-02;2025-03;2025-04;2025-05;2025-06;2025-07;2025-08;2025-09;2025-10,72809,1.624,False
身份仪式,baptism,baptism gifts for women,6,2025-04;2025-05;2025-08;2025-09;2025-10;2025-11,73208,0.987,False
身份仪式,baptism,baptism favors,11,2025-01;2025-02;2025-03;2025-04;2025-05;2025-06;2025-07;2025-08;2025-09;2025-10;2025-11,73463,0.546,False
身份仪式,communion,boys first communion gifts,1,2025-04,74236,,False
身份仪式,sweet 16,sweet 16 cake topper,12,2025-01;2025-02;2025-03;2025-04;2025-05;2025-06;2025-07;2025-08;2025-09;2025-10;2025-11;2025-12,78636,1.847,False
身份仪式,communion,first communion banner,2,2025-04;2025-05,78994,,False
身份仪式,sweet 16,sweet 16 dresses,11,2025-01;2025-02;2025-03;2025-04;2025-05;2025-06;2025-07;2025-08;2025-09;2025-10;2025-11,81089,1.646,False
身份仪式,baptism,baptism dress for women,10,2025-01;2025-02;2025-03;2025-04;2025-05;2025-06;2025-07;2025-08;2025-09;2025-10,81164,0.951,False
身份仪式,confirmation,confirmation dresses,4,2025-01;2025-02;2025-03;2025-04,81390,,False
身份仪式,communion,first holy communion gifts for girls,2,2025-04;2025-05,81434,,False
身份仪式,sweet 16,sweet 16 decorations,11,2025-01;2025-02;2025-03;2025-04;2025-05;2025-06;2025-07;2025-08;2025-09;2025-10;2025-11,81805,0.968,False
身份仪式,communion,first communion veil for girls catholic,2,2025-03;2025-04,85374,,False
身份仪式,communion,communion gifts for boys,2,2025-04;2025-05,87501,,False
身份仪式,communion,first communion shoes for girls,2,2025-03;2025-04,92123,,False
身份仪式,baptism,baptism card,11,2025-01;2025-02;2025-03;2025-04;2025-05;2025-06;2025-07;2025-08;2025-09;2025-10;2025-11,95994,0.632,False
身份仪式,communion,communion bread,8,2025-01;2025-02;2025-03;2025-04;2025-08;2025-09;2025-10;2025-12,97006,0.996,False
身份仪式,communion,1st communion dress,4,2025-01;2025-02;2025-03;2025-04,97084,,False
身份仪式,communion,first communion cards girl,1,2025-04,98153,,False
身份仪式,communion,communion decorations,2,2025-04;2025-05,101898,,False
身份仪式,communion,first communion favors,2,2025-04;2025-05,102818,,False
身份仪式,confirmation,confirmation gifts for boys,3,2025-04;2025-05;2025-10,104225,,False
身份仪式,communion,communion card,2,2025-04;2025-05,104741,,False
身份仪式,baptism,baby boy baptism outfit,10,2025-01;2025-02;2025-03;2025-04;2025-05;2025-06;2025-07;2025-08;2025-09;2025-10,106443,0.991,False
身份仪式,communion,first holy communion decorations,1,2025-04,107381,,False
身份仪式,quincea*,quinceanera gifts,9,2025-02;2025-03;2025-04;2025-05;2025-06;2025-07;2025-08;2025-09;2025-10,107615,0.86,False
身份仪式,communion,first communion favors for guests,1,2025-04,108694,,False
身份仪式,communion,1st communion decorations,1,2025-04,120153,,False
身份仪式,baptism,baptism candle,2,2025-04;2025-05,122279,,False
身份仪式,communion,first communion decorations for girls,1,2025-04,127047,,False
身份仪式,quincea*,quinceanera dresses for guest,7,2025-03;2025-04;2025-05;2025-06;2025-07;2025-08;2025-09,128735,0.769,False
身份仪式,communion,first communion plates,1,2025-04,132162,,False
身份仪式,confirmation,confirmation dresses for teen girls,2,2025-03;2025-04,132524,,False
身份仪式,sweet 16,sweet 16 sash,9,2025-01;2025-02;2025-03;2025-04;2025-05;2025-06;2025-07;2025-08;2025-09,134274,1.109,False
身份仪式,communion,first communion gift,1,2025-04,137928,,False
身份仪式,quincea*,vestidos de quincea?era,1,2025-01,138523,,False
身份仪式,communion,first communion plates and napkins,1,2025-04,139107,,False
身份仪式,sweet 16,sweet 16 gifts,2,2025-01;2025-09,140422,,False
身份仪式,communion,communion veil for girls,1,2025-04,140532,,False
身份仪式,communion,first communion balloons,1,2025-04,141745,,False
身份仪式,sweet sixteen,sweet sixteen party decorations,3,2025-01;2025-02;2025-03,142095,,False
身份仪式,communion,holy communion gifts for girls,1,2025-04,142599,,False
身份仪式,communion,girls first communion gifts,1,2025-04,145231,,False
身份仪式,communion,first communion candle,1,2025-04,145311,,False
身份仪式,communion,communion veil,1,2025-04,147468,,False
身份仪式,quincea*,quinceanera crown,3,2025-01;2025-02;2025-03,152631,,False
身份仪式,baptism,bird baptism brine,1,2025-11,152786,,False
身份仪式,communion,first communion decorations for boys,1,2025-04,157084,,False
身份仪式,communion,1st communion gift ideas,1,2025-04,157196,,False
身份仪式,communion,first holy communion gifts boy,1,2025-04,157298,,False
身份仪式,communion,first communion party favors,1,2025-04,158464,,False
身份仪式,quincea*,quinceanera,6,2025-01;2025-02;2025-03;2025-04;2025-06;2025-09,158642,1.213,False
身份仪式,bat mitzvah,bat mitzvah cards for girls,1,2025-05,159463,,False
身份仪式,communion,holy communion bread and wine,3,2025-01;2025-04;2025-09,159676,,False
身份仪式,communion,1st communion dresses for girls,2,2025-03;2025-04,159945,,False
身份仪式,communion,first communion headpiece for girls,1,2025-04,161770,,False
身份仪式,quincea*,quinceanera card,4,2025-05;2025-06;2025-09;2025-10,162007,,False
身份仪式,communion,girls first communion dress,1,2025-04,162733,,False
身份仪式,confirmation,confirmation gifts for girls,2,2025-04;2025-05,163153,,False
身份仪式,communion,first communion napkins,1,2025-04,165421,,False
身份仪式,sweet 16,sweet 16 party favors,5,2025-01;2025-02;2025-03;2025-08;2025-09,165638,,False
身份仪式,baptism,baptism favors for guests,3,2025-03;2025-04;2025-05,165835,,False
身份仪式,baptism,meat church bird baptism brine,1,2025-11,167181,,False
身份仪式,communion,first communion cake decorations,1,2025-04,172442,,False
身份仪式,communion,first communion cards boys,1,2025-04,172668,,False
身份仪式,baptism,boy baptism outfit,8,2025-01;2025-03;2025-04;2025-05;2025-06;2025-07;2025-08;2025-09,176517,1.003,False
身份仪式,quincea*,pink quinceanera dresses,2,2025-01;2025-03,177495,,False
身份仪式,baptism,baptism gift,3,2025-04;2025-05;2025-09,179765,,False
身份仪式,communion,first communion dresses,1,2025-04,182978,,False
身份仪式,sweet 16,sweet 16 dress,2,2025-01;2025-04,183907,,False
身份仪式,communion,first communion bracelets for girls,1,2025-04,185361,,True
身份仪式,baptism,baptism,1,2025-04,186405,,False
身份仪式,sweet 16,my super sweet 16,1,2025-04,186554,,False
身份仪式,baptism,baptism cake topper,4,2025-04;2025-05;2025-06;2025-09,186820,,False
身份仪式,quincea*,dama dresses for quinceanera,5,2025-01;2025-02;2025-03;2025-06;2025-07,188615,,False
身份仪式,bar mitzvah,bar mitzvah cards for boys,1,2025-05,190804,,False
身份仪式,communion,first communion candle set for girl,1,2025-04,193274,,False
身份仪式,communion,first communion cupcake toppers,1,2025-04,196280,,False
身份仪式,communion,first communion gifts for boys catholic,1,2025-04,199686,,False
身体珠宝穿孔,belly button,belly button ring,12,2025-01;2025-02;2025-03;2025-04;2025-05;2025-06;2025-07;2025-08;2025-09;2025-10;2025-11;2025-12,1357,1.826,True
身体珠宝穿孔,septum,septum rings,12,2025-01;2025-02;2025-03;2025-04;2025-05;2025-06;2025-07;2025-08;2025-09;2025-10;2025-11;2025-12,4976,1.243,True
身体珠宝穿孔,nose ring,fake nose ring,12,2025-01;2025-02;2025-03;2025-04;2025-05;2025-06;2025-07;2025-08;2025-09;2025-10;2025-11;2025-12,5882,1.629,True
身体珠宝穿孔,nose ring,nose ring,12,2025-01;2025-02;2025-03;2025-04;2025-05;2025-06;2025-07;2025-08;2025-09;2025-10;2025-11;2025-12,6092,1.109,True
身体珠宝穿孔,cartilage,cartilage earrings for women,12,2025-01;2025-02;2025-03;2025-04;2025-05;2025-06;2025-07;2025-08;2025-09;2025-10;2025-11;2025-12,6616,2.09,True
身体珠宝穿孔,arm cuff,arm cuff,12,2025-01;2025-02;2025-03;2025-04;2025-05;2025-06;2025-07;2025-08;2025-09;2025-10;2025-11;2025-12,7655,0.915,True
身体珠宝穿孔,arm cuff,gold arm cuff,12,2025-01;2025-02;2025-03;2025-04;2025-05;2025-06;2025-07;2025-08;2025-09;2025-10;2025-11;2025-12,8386,1.561,True
身体珠宝穿孔,waist chain,waist chain,12,2025-01;2025-02;2025-03;2025-04;2025-05;2025-06;2025-07;2025-08;2025-09;2025-10;2025-11;2025-12,10573,1.042,True
身体珠宝穿孔,nose ring,essence nose ring diffuser,7,2025-04;2025-05;2025-06;2025-09;2025-10;2025-11;2025-12,11024,1.081,True
身体珠宝穿孔,arm cuff,silver arm cuff,9,2025-02;2025-03;2025-04;2025-05;2025-06;2025-07;2025-08;2025-09;2025-10,11866,0.442,True
身体珠宝穿孔,waist chain,gold waist chain,12,2025-01;2025-02;2025-03;2025-04;2025-05;2025-06;2025-07;2025-08;2025-09;2025-10;2025-11;2025-12,13475,1.322,True
身体珠宝穿孔,nose ring,gold nose ring,12,2025-01;2025-02;2025-03;2025-04;2025-05;2025-06;2025-07;2025-08;2025-09;2025-10;2025-11;2025-12,13995,1.388,True
身体珠宝穿孔,ear cuff,ear cuff,12,2025-01;2025-02;2025-03;2025-04;2025-05;2025-06;2025-07;2025-08;2025-09;2025-10;2025-11;2025-12,14690,0.969,True
身体珠宝穿孔,belly button,belly button piercing,12,2025-01;2025-02;2025-03;2025-04;2025-05;2025-06;2025-07;2025-08;2025-09;2025-10;2025-11;2025-12,14892,1.055,False
身体珠宝穿孔,belly button,gold belly button ring,12,2025-01;2025-02;2025-03;2025-04;2025-05;2025-06;2025-07;2025-08;2025-09;2025-10;2025-11;2025-12,16295,1.632,True
身体珠宝穿孔,septum,septum jewelry,12,2025-01;2025-02;2025-03;2025-04;2025-05;2025-06;2025-07;2025-08;2025-09;2025-10;2025-11;2025-12,17284,0.635,True
身体珠宝穿孔,nose ring,horseshoe nose ring,12,2025-01;2025-02;2025-03;2025-04;2025-05;2025-06;2025-07;2025-08;2025-09;2025-10;2025-11;2025-12,17429,0.644,True
身体珠宝穿孔,belly button,castor oil belly button patch,12,2025-01;2025-02;2025-03;2025-04;2025-05;2025-06;2025-07;2025-08;2025-09;2025-10;2025-11;2025-12,21655,3.281,False
身体珠宝穿孔,body chain,body chain,12,2025-01;2025-02;2025-03;2025-04;2025-05;2025-06;2025-07;2025-08;2025-09;2025-10;2025-11;2025-12,21827,1.988,True
身体珠宝穿孔,toe ring,toe ring,12,2025-01;2025-02;2025-03;2025-04;2025-05;2025-06;2025-07;2025-08;2025-09;2025-10;2025-11;2025-12,22065,1.502,True
身体珠宝穿孔,arm cuff,arm cuff jewelry for women,9,2025-01;2025-02;2025-03;2025-04;2025-05;2025-06;2025-07;2025-08;2025-09,22294,0.381,True
身体珠宝穿孔,septum,septum nose rings for women,7,2025-01;2025-02;2025-03;2025-04;2025-05;2025-06;2025-07,23988,1.139,True
身体珠宝穿孔,arm cuff,arm cuff gold,9,2025-04;2025-05;2025-06;2025-07;2025-08;2025-09;2025-10;2025-11;2025-12,27215,1.74,True
身体珠宝穿孔,body chain,body chain jewelry for women,12,2025-01;2025-02;2025-03;2025-04;2025-05;2025-06;2025-07;2025-08;2025-09;2025-10;2025-11;2025-12,33548,3.215,True
身体珠宝穿孔,belly button,dangle belly button rings,12,2025-01;2025-02;2025-03;2025-04;2025-05;2025-06;2025-07;2025-08;2025-09;2025-10;2025-11;2025-12,37338,1.689,True
身体珠宝穿孔,septum,fake septum,12,2025-01;2025-02;2025-03;2025-04;2025-05;2025-06;2025-07;2025-08;2025-09;2025-10;2025-11;2025-12,38471,1.393,False
身体珠宝穿孔,nose ring,essence nose ring,1,2025-04,38821,,True
身体珠宝穿孔,septum,gold septum ring,12,2025-01;2025-02;2025-03;2025-04;2025-05;2025-06;2025-07;2025-08;2025-09;2025-10;2025-11;2025-12,40399,1.511,True
身体珠宝穿孔,belly button,floating belly button rings,10,2025-01;2025-02;2025-03;2025-04;2025-05;2025-06;2025-07;2025-08;2025-09;2025-10,41246,1.023,True
身体珠宝穿孔,nose ring,titanium nose ring,12,2025-01;2025-02;2025-03;2025-04;2025-05;2025-06;2025-07;2025-08;2025-09;2025-10;2025-11;2025-12,41762,1.549,True
身体珠宝穿孔,belly button,belly button piercing kit,12,2025-01;2025-02;2025-03;2025-04;2025-05;2025-06;2025-07;2025-08;2025-09;2025-10;2025-11;2025-12,42653,1.793,False
身体珠宝穿孔,nose ring,double hoop nose ring,12,2025-01;2025-02;2025-03;2025-04;2025-05;2025-06;2025-07;2025-08;2025-09;2025-10;2025-11;2025-12,42980,2.051,True
身体珠宝穿孔,cartilage,cartilage earring,12,2025-01;2025-02;2025-03;2025-04;2025-05;2025-06;2025-07;2025-08;2025-09;2025-10;2025-11;2025-12,45386,0.883,True
身体珠宝穿孔,belly button,surgical steel belly button rings,12,2025-01;2025-02;2025-03;2025-04;2025-05;2025-06;2025-07;2025-08;2025-09;2025-10;2025-11;2025-12,45990,2.277,True
身体珠宝穿孔,cartilage,cartilage hoop earrings for women,9,2025-01;2025-02;2025-03;2025-04;2025-05;2025-06;2025-07;2025-08;2025-09,49106,1.486,True
身体珠宝穿孔,nose ring,nasal diffuser nose ring,4,2025-03;2025-04;2025-10;2025-11,50192,,True
身体珠宝穿孔,body chain,gold body chain,10,2025-01;2025-02;2025-03;2025-04;2025-05;2025-06;2025-07;2025-08;2025-09;2025-10,50624,0.595,True
身体珠宝穿孔,nose ring,surgical steel nose ring,12,2025-01;2025-02;2025-03;2025-04;2025-05;2025-06;2025-07;2025-08;2025-09;2025-10;2025-11;2025-12,51068,1.563,True
身体珠宝穿孔,belly button,titanium belly button rings,12,2025-01;2025-02;2025-03;2025-04;2025-05;2025-06;2025-07;2025-08;2025-09;2025-10;2025-11;2025-12,51217,1.37,True
身体珠宝穿孔,belly button,belly button ring gold,12,2025-01;2025-02;2025-03;2025-04;2025-05;2025-06;2025-07;2025-08;2025-09;2025-10;2025-11;2025-12,54500,1.427,True
身体珠宝穿孔,belly button,fake belly button piercing for women swarovski,3,2025-01;2025-06;2025-07,55069,,False
身体珠宝穿孔,belly button,belly button patch,7,2025-01;2025-02;2025-03;2025-04;2025-05;2025-06;2025-07,56617,1.537,False
身体珠宝穿孔,belly button,belly button rings,12,2025-01;2025-02;2025-03;2025-04;2025-05;2025-06;2025-07;2025-08;2025-09;2025-10;2025-11;2025-12,58124,1.369,True
身体珠宝穿孔,arm cuff,gold arm cuff for women,8,2025-03;2025-04;2025-05;2025-06;2025-07;2025-08;2025-09;2025-10,58252,1.52,True
身体珠宝穿孔,septum,deviated septum corrector,12,2025-01;2025-02;2025-03;2025-04;2025-05;2025-06;2025-07;2025-08;2025-09;2025-10;2025-11;2025-12,62535,2.927,False
身体珠宝穿孔,septum,septum ring,12,2025-01;2025-02;2025-03;2025-04;2025-05;2025-06;2025-07;2025-08;2025-09;2025-10;2025-11;2025-12,63048,1.193,True
身体珠宝穿孔,nose ring,dangle nose ring,12,2025-01;2025-02;2025-03;2025-04;2025-05;2025-06;2025-07;2025-08;2025-09;2025-10;2025-11;2025-12,64980,1.685,True
身体珠宝穿孔,belly button,belly button rings for women,1,2025-01,66579,,True
身体珠宝穿孔,belly button,clip on belly button rings,10,2025-01;2025-02;2025-03;2025-04;2025-05;2025-06;2025-07;2025-08;2025-09;2025-10,67540,1.438,True
身体珠宝穿孔,toe ring,gold toe ring,8,2025-02;2025-03;2025-04;2025-05;2025-06;2025-07;2025-08;2025-09,67664,0.723,True
身体珠宝穿孔,septum,septum stretching kit,12,2025-01;2025-02;2025-03;2025-04;2025-05;2025-06;2025-07;2025-08;2025-09;2025-10;2025-11;2025-12,68017,1.274,False
身体珠宝穿孔,ear cuff,ear cuff earrings for women,12,2025-01;2025-02;2025-03;2025-04;2025-05;2025-06;2025-07;2025-08;2025-09;2025-10;2025-11;2025-12,70065,1.364,True
身体珠宝穿孔,belly button,fake belly button piercing,11,2025-01;2025-02;2025-03;2025-04;2025-05;2025-06;2025-07;2025-08;2025-09;2025-10;2025-12,70732,1.092,False
身体珠宝穿孔,nose ring,20g nose ring,12,2025-01;2025-02;2025-03;2025-04;2025-05;2025-06;2025-07;2025-08;2025-09;2025-10;2025-11;2025-12,71189,1.385,True
身体珠宝穿孔,arm cuff,snake arm cuff,1,2025-10,71544,,True
身体珠宝穿孔,nose ring,nose ring hoop,12,2025-01;2025-02;2025-03;2025-04;2025-05;2025-06;2025-07;2025-08;2025-09;2025-10;2025-11;2025-12,73088,1.291,True
身体珠宝穿孔,waist chain,waist chain belt,7,2025-05;2025-06;2025-07;2025-08;2025-09;2025-10;2025-12,73369,0.597,True
身体珠宝穿孔,septum,septum rings 16g,12,2025-01;2025-02;2025-03;2025-04;2025-05;2025-06;2025-07;2025-08;2025-09;2025-10;2025-11;2025-12,73973,0.968,True
身体珠宝穿孔,nose ring,silver nose ring,12,2025-01;2025-02;2025-03;2025-04;2025-05;2025-06;2025-07;2025-08;2025-09;2025-10;2025-11;2025-12,76281,1.083,True
身体珠宝穿孔,belly button,belly button patch cover for castor oil,3,2025-03;2025-07;2025-08,76891,,False
身体珠宝穿孔,belly button,belly button ring dangle,12,2025-01;2025-02;2025-03;2025-04;2025-05;2025-06;2025-07;2025-08;2025-09;2025-10;2025-11;2025-12,81888,1.554,True
身体珠宝穿孔,nose ring,black nose ring,12,2025-01;2025-02;2025-03;2025-04;2025-05;2025-06;2025-07;2025-08;2025-09;2025-10;2025-11;2025-12,82622,1.435,True
身体珠宝穿孔,body chain,pearl body chain,1,2025-10,82646,,True
身体珠宝穿孔,nose ring,18 gauge nose ring,12,2025-01;2025-02;2025-03;2025-04;2025-05;2025-06;2025-07;2025-08;2025-09;2025-10;2025-11;2025-12,83410,1.254,True
身体珠宝穿孔,arm cuff,arm cuff silver,7,2025-04;2025-05;2025-06;2025-07;2025-08;2025-09;2025-10,83697,1.162,True
身体珠宝穿孔,waist chain,silver waist chain,8,2025-03;2025-04;2025-05;2025-06;2025-07;2025-08;2025-09;2025-10,85252,0.772,True
身体珠宝穿孔,belly button,fake belly button piercing for women pura vida,1,2025-10,85307,,False
身体珠宝穿孔,waist chain,pearl waist chain,1,2025-10,88696,,True
身体珠宝穿孔,septum,septum,12,2025-01;2025-02;2025-03;2025-04;2025-05;2025-06;2025-07;2025-08;2025-09;2025-10;2025-11;2025-12,89240,1.084,False
身体珠宝穿孔,belly button,castor oil patches belly button,6,2025-02;2025-03;2025-04;2025-05;2025-06;2025-07,89325,1.233,False
身体珠宝穿孔,nose ring,halloween nose ring,3,2025-08;2025-09;2025-10,91584,,True
身体珠宝穿孔,nose ring,faux nose ring,6,2025-01;2025-02;2025-03;2025-04;2025-06;2025-07,93907,1.314,True
身体珠宝穿孔,cartilage,cartilage piercing jewelry,11,2025-01;2025-02;2025-03;2025-05;2025-06;2025-07;2025-08;2025-09;2025-10;2025-11;2025-12,94767,0.988,True
身体珠宝穿孔,nose ring,gold hoop nose ring,12,2025-01;2025-02;2025-03;2025-04;2025-05;2025-06;2025-07;2025-08;2025-09;2025-10;2025-11;2025-12,95629,1.544,True
身体珠宝穿孔,waist chain,pirate waist chain,1,2025-10,95703,,True
身体珠宝穿孔,arm cuff,padme arm cuff,1,2025-10,99772,,True
身体珠宝穿孔,septum,16g septum ring,12,2025-01;2025-02;2025-03;2025-04;2025-05;2025-06;2025-07;2025-08;2025-09;2025-10;2025-11;2025-12,103537,1.376,True
身体珠宝穿孔,ear cuff,gold ear cuff,12,2025-01;2025-02;2025-03;2025-04;2025-05;2025-06;2025-07;2025-08;2025-09;2025-10;2025-11;2025-12,105785,1.422,True
身体珠宝穿孔,septum,septum piercing,12,2025-01;2025-02;2025-03;2025-04;2025-05;2025-06;2025-07;2025-08;2025-09;2025-10;2025-11;2025-12,106490,1.211,False
身体珠宝穿孔,septum,septum piercing kit,12,2025-01;2025-02;2025-03;2025-04;2025-05;2025-06;2025-07;2025-08;2025-09;2025-10;2025-11;2025-12,109175,1.096,False
身体珠宝穿孔,cartilage,cartilage revive plus,3,2025-07;2025-08;2025-09,109292,,False
身体珠宝穿孔,cartilage,cartilage hoop,12,2025-01;2025-02;2025-03;2025-04;2025-05;2025-06;2025-07;2025-08;2025-09;2025-10;2025-11;2025-12,114631,0.837,False
身体珠宝穿孔,nose ring,magnetic nose ring,11,2025-01;2025-02;2025-03;2025-04;2025-05;2025-06;2025-07;2025-08;2025-09;2025-10;2025-12,115272,1.263,True
身体珠宝穿孔,arm cuff,upper arm cuff jewelry,5,2025-04;2025-05;2025-06;2025-07;2025-08,115597,,True
身体珠宝穿孔,cartilage,cartilage earrings,12,2025-01;2025-02;2025-03;2025-04;2025-05;2025-06;2025-07;2025-08;2025-09;2025-10;2025-11;2025-12,117575,1.353,True
身体珠宝穿孔,nose ring,20 gauge nose ring,12,2025-01;2025-02;2025-03;2025-04;2025-05;2025-06;2025-07;2025-08;2025-09;2025-10;2025-11;2025-12,119326,1.355,True
身体珠宝穿孔,nose ring,double nose ring,12,2025-01;2025-02;2025-03;2025-04;2025-05;2025-06;2025-07;2025-08;2025-09;2025-10;2025-11;2025-12,120745,0.819,True
身体珠宝穿孔,septum,fake septum ring,11,2025-01;2025-02;2025-03;2025-04;2025-05;2025-06;2025-07;2025-08;2025-09;2025-10;2025-12,120997,0.953,True
身体珠宝穿孔,belly button,sterling silver belly button ring,9,2025-01;2025-02;2025-03;2025-04;2025-05;2025-06;2025-07;2025-08;2025-09,121325,1.288,True
身体珠宝穿孔,belly button,belly button ring surgical steel,9,2025-01;2025-02;2025-03;2025-04;2025-05;2025-06;2025-07;2025-08;2025-09,123556,1.256,True
身体珠宝穿孔,septum,14g septum ring,11,2025-01;2025-02;2025-03;2025-04;2025-05;2025-06;2025-07;2025-08;2025-09;2025-10;2025-12,124867,1.406,True
身体珠宝穿孔,septum,fake septum piercing,12,2025-01;2025-02;2025-03;2025-04;2025-05;2025-06;2025-07;2025-08;2025-09;2025-10;2025-11;2025-12,125394,1.156,False
身体珠宝穿孔,belly button,dangly belly button piercing,8,2025-01;2025-02;2025-03;2025-04;2025-05;2025-06;2025-07;2025-09,126032,1.043,False
身体珠宝穿孔,nose ring,20g nose ring hoop,9,2025-01;2025-02;2025-03;2025-04;2025-05;2025-06;2025-07;2025-08;2025-09,128379,1.373,True
身体珠宝穿孔,belly button,fake belly button piercing for women magenergy,1,2025-04,128408,,False
身体珠宝穿孔,belly button,belly button cleaner,1,2025-12,128442,,False
身体珠宝穿孔,nose ring,22 gauge nose ring,12,2025-01;2025-02;2025-03;2025-04;2025-05;2025-06;2025-07;2025-08;2025-09;2025-10;2025-11;2025-12,130146,1.37,True
身体珠宝穿孔,belly button,mistletoe belly button ring,2,2025-11;2025-12,131925,,True
身体珠宝穿孔,arm cuff,gold arm cuff upper arm,3,2025-04;2025-09;2025-10,132062,,True
身体珠宝穿孔,cartilage,gold cartilage earring,9,2025-01;2025-02;2025-03;2025-04;2025-05;2025-06;2025-07;2025-08;2025-09,132219,1.332,True
身体珠宝穿孔,nose ring,heart nose ring,3,2025-01;2025-02;2025-03,133373,,True
身体珠宝穿孔,nose ring,nose ring stud,12,2025-01;2025-02;2025-03;2025-04;2025-05;2025-06;2025-07;2025-08;2025-09;2025-10;2025-11;2025-12,134919,1.133,True
身体珠宝穿孔,septum,mustache septum ring,1,2025-01,140111,,True
身体珠宝穿孔,belly button,fake belly button piercing for women secret,1,2025-05,141006,,False
身体珠宝穿孔,belly button,stainless steel belly button rings,8,2025-01;2025-02;2025-03;2025-04;2025-05;2025-06;2025-07;2025-08,144334,1.077,True
身体珠宝穿孔,belly button,long belly button rings,9,2025-01;2025-02;2025-03;2025-04;2025-05;2025-06;2025-07;2025-08;2025-09,146897,1.147,True
身体珠宝穿孔,septum,deviated septum corrector magnet,1,2025-03,150276,,False
身体珠宝穿孔,cartilage,16 gauge cartilage earrings,8,2025-01;2025-02;2025-03;2025-04;2025-05;2025-06;2025-07;2025-08,151230,1.075,True
身体珠宝穿孔,septum,faux septum piercings,3,2025-01;2025-02;2025-04,151974,,False
身体珠宝穿孔,body chain,silver body chain,6,2025-04;2025-05;2025-06;2025-07;2025-09;2025-10,154165,1.038,True
身体珠宝穿孔,belly button,hoop belly button ring,2,2025-05;2025-06,157343,,True
身体珠宝穿孔,arm cuff,mermaid arm cuff,1,2025-10,157648,,True
身体珠宝穿孔,nose ring,bull nose ring,1,2025-11,158230,,True
身体珠宝穿孔,belly button,silver belly button rings,6,2025-02;2025-03;2025-04;2025-05;2025-06;2025-07,160255,1.018,True
身体珠宝穿孔,toe ring,toe ring sandals,3,2025-05;2025-06;2025-07,163260,,True
身体珠宝穿孔,belly button,fake belly button ring,2,2025-04;2025-06,166982,,True
身体珠宝穿孔,belly button,small belly button ring,5,2025-03;2025-04;2025-05;2025-06;2025-07,168883,,True
身体珠宝穿孔,arm cuff,silver upper arm cuff,1,2025-10,169178,,True
身体珠宝穿孔,ear cuff,silver ear cuff,6,2025-04;2025-05;2025-06;2025-08;2025-09;2025-10,169311,1.015,True
身体珠宝穿孔,nose ring,rose gold nose ring,4,2025-02;2025-03;2025-04;2025-09,169979,,True
身体珠宝穿孔,nose ring,hoop nose ring,2,2025-02;2025-09,170482,,True
身体珠宝穿孔,cartilage,cartilage piercing kit,5,2025-01;2025-02;2025-03;2025-04;2025-08,172103,,False
身体珠宝穿孔,nose ring,stainless steel nose ring,8,2025-01;2025-02;2025-03;2025-04;2025-06;2025-07;2025-08;2025-09,172508,1.076,True
身体珠宝穿孔,nose ring,nose ring gold,5,2025-02;2025-04;2025-07;2025-08;2025-09,172530,,True
身体珠宝穿孔,belly button,hypoallergenic belly button rings,4,2025-04;2025-05;2025-06;2025-07,173387,,True
身体珠宝穿孔,belly button,plastic belly button rings,8,2025-02;2025-03;2025-04;2025-05;2025-06;2025-07;2025-08;2025-09,174065,1.067,True
身体珠宝穿孔,belly button,gold belly button piercing,2,2025-02;2025-03,176721,,False
身体珠宝穿孔,septum,septum retainer,1,2025-09,177771,,False
身体珠宝穿孔,waist chain,mermaid waist chain,1,2025-10,179158,,True
身体珠宝穿孔,nose ring,clear nose ring,1,2025-08,180699,,True
身体珠宝穿孔,nose ring,14k gold nose ring,3,2025-02;2025-03;2025-04,181897,,True
身体珠宝穿孔,arm cuff,starfish arm cuff,1,2025-10,182123,,True
身体珠宝穿孔,nose ring,6mm nose ring hoop,1,2025-03,182414,,True
身体珠宝穿孔,septum,black septum ring,1,2025-09,184335,,True
身体珠宝穿孔,septum,titanium septum ring,4,2025-01;2025-02;2025-08;2025-09,184972,,True
身体珠宝穿孔,nose ring,horseshoe nose ring 20g,1,2025-03,186044,,True
身体珠宝穿孔,belly button,belly button ring titanium,4,2025-04;2025-05;2025-06;2025-07,188534,,True
身体珠宝穿孔,waist chain,gold waist chain belt,1,2025-10,193657,,True
身体珠宝穿孔,belly button,pregnancy belly button rings,1,2025-02,195458,,True
身体珠宝穿孔,nose ring,diamond nose ring,1,2025-02,196460,,True
身体珠宝穿孔,arm cuff,blood pressure monitor arm cuff monitors,1,2025-02,197158,,True
身体珠宝穿孔,septum,gold septum,1,2025-08,197402,,False
身体珠宝穿孔,nose ring,essence scented nose ring,1,2025-04,197628,,True
运动兴趣,basketball,basketball,12,2025-01;2025-02;2025-03;2025-04;2025-05;2025-06;2025-07;2025-08;2025-09;2025-10;2025-11;2025-12,503,0.424,False
运动兴趣,football,football,12,2025-01;2025-02;2025-03;2025-04;2025-05;2025-06;2025-07;2025-08;2025-09;2025-10;2025-11;2025-12,830,0.289,False
运动兴趣,basketball,basketball hoop,12,2025-01;2025-02;2025-03;2025-04;2025-05;2025-06;2025-07;2025-08;2025-09;2025-10;2025-11;2025-12,1039,0.604,False
运动兴趣,soccer,soccer ball,12,2025-01;2025-02;2025-03;2025-04;2025-05;2025-06;2025-07;2025-08;2025-09;2025-10;2025-11;2025-12,1184,0.439,False
运动兴趣,basketball,silent basketball,12,2025-01;2025-02;2025-03;2025-04;2025-05;2025-06;2025-07;2025-08;2025-09;2025-10;2025-11;2025-12,1303,0.605,False
运动兴趣,volleyball,volleyball,12,2025-01;2025-02;2025-03;2025-04;2025-05;2025-06;2025-07;2025-08;2025-09;2025-10;2025-11;2025-12,1510,0.63,False
运动兴趣,football,football gloves,12,2025-01;2025-02;2025-03;2025-04;2025-05;2025-06;2025-07;2025-08;2025-09;2025-10;2025-11;2025-12,1802,0.576,False
运动兴趣,football,football cards,12,2025-01;2025-02;2025-03;2025-04;2025-05;2025-06;2025-07;2025-08;2025-09;2025-10;2025-11;2025-12,1872,0.758,False
运动兴趣,football,fantasy football draft board 2025,2,2025-07;2025-08,2004,,False
运动兴趣,fantasy football,fantasy football draft board 2025,2,2025-07;2025-08,2004,,False
运动兴趣,baseball,baseball cards,12,2025-01;2025-02;2025-03;2025-04;2025-05;2025-06;2025-07;2025-08;2025-09;2025-10;2025-11;2025-12,2048,0.487,False
运动兴趣,volleyball,volleyball knee pads,12,2025-01;2025-02;2025-03;2025-04;2025-05;2025-06;2025-07;2025-08;2025-09;2025-10;2025-11;2025-12,2486,1.472,False
运动兴趣,baseball,baseball bag,12,2025-01;2025-02;2025-03;2025-04;2025-05;2025-06;2025-07;2025-08;2025-09;2025-10;2025-11;2025-12,2490,4.188,False
运动兴趣,football,football cleats,12,2025-01;2025-02;2025-03;2025-04;2025-05;2025-06;2025-07;2025-08;2025-09;2025-10;2025-11;2025-12,2549,1.92,False
运动兴趣,basketball,basketball shoes,12,2025-01;2025-02;2025-03;2025-04;2025-05;2025-06;2025-07;2025-08;2025-09;2025-10;2025-11;2025-12,2864,0.9,False
运动兴趣,soccer,soccer cleats,12,2025-01;2025-02;2025-03;2025-04;2025-05;2025-06;2025-07;2025-08;2025-09;2025-10;2025-11;2025-12,2864,2.749,False
运动兴趣,football,football party decorations,12,2025-01;2025-02;2025-03;2025-04;2025-05;2025-06;2025-07;2025-08;2025-09;2025-10;2025-11;2025-12,2894,4.46,False
运动兴趣,baseball,baseball,12,2025-01;2025-02;2025-03;2025-04;2025-05;2025-06;2025-07;2025-08;2025-09;2025-10;2025-11;2025-12,2947,0.574,False
运动兴趣,volleyball,volleyball shoes,12,2025-01;2025-02;2025-03;2025-04;2025-05;2025-06;2025-07;2025-08;2025-09;2025-10;2025-11;2025-12,3234,1.417,False
运动兴趣,volleyball,volleyball net,12,2025-01;2025-02;2025-03;2025-04;2025-05;2025-06;2025-07;2025-08;2025-09;2025-10;2025-11;2025-12,3264,0.729,False
运动兴趣,basketball,pool basketball hoop,12,2025-01;2025-02;2025-03;2025-04;2025-05;2025-06;2025-07;2025-08;2025-09;2025-10;2025-11;2025-12,3469,1.346,False
运动兴趣,soccer,soccer goal,12,2025-01;2025-02;2025-03;2025-04;2025-05;2025-06;2025-07;2025-08;2025-09;2025-10;2025-11;2025-12,3534,0.407,False
运动兴趣,soccer,soccer,12,2025-01;2025-02;2025-03;2025-04;2025-05;2025-06;2025-07;2025-08;2025-09;2025-10;2025-11;2025-12,3540,0.482,False
运动兴趣,baseball,baseball accessories,12,2025-01;2025-02;2025-03;2025-04;2025-05;2025-06;2025-07;2025-08;2025-09;2025-10;2025-11;2025-12,3927,2.262,False
运动兴趣,football,football mouth guard,12,2025-01;2025-02;2025-03;2025-04;2025-05;2025-06;2025-07;2025-08;2025-09;2025-10;2025-11;2025-12,4006,0.866,False
运动兴趣,volleyball,volleyball net for backyard,12,2025-01;2025-02;2025-03;2025-04;2025-05;2025-06;2025-07;2025-08;2025-09;2025-10;2025-11;2025-12,4039,0.506,False
运动兴趣,softball,softball bag,12,2025-01;2025-02;2025-03;2025-04;2025-05;2025-06;2025-07;2025-08;2025-09;2025-10;2025-11;2025-12,4078,5.71,False
运动兴趣,football,mouth guard football,12,2025-01;2025-02;2025-03;2025-04;2025-05;2025-06;2025-07;2025-08;2025-09;2025-10;2025-11;2025-12,4794,1.203,False
运动兴趣,football,football gear,12,2025-01;2025-02;2025-03;2025-04;2025-05;2025-06;2025-07;2025-08;2025-09;2025-10;2025-11;2025-12,4830,0.412,False
运动兴趣,baseball,baseball cleats,12,2025-01;2025-02;2025-03;2025-04;2025-05;2025-06;2025-07;2025-08;2025-09;2025-10;2025-11;2025-12,5049,5.314,False
运动兴趣,basketball,basketball wives,12,2025-01;2025-02;2025-03;2025-04;2025-05;2025-06;2025-07;2025-08;2025-09;2025-10;2025-11;2025-12,5097,1.213,False
运动兴趣,baseball,baseball glove,12,2025-01;2025-02;2025-03;2025-04;2025-05;2025-06;2025-07;2025-08;2025-09;2025-10;2025-11;2025-12,5255,1.191,False
运动兴趣,football,football accessories,12,2025-01;2025-02;2025-03;2025-04;2025-05;2025-06;2025-07;2025-08;2025-09;2025-10;2025-11;2025-12,5392,0.55,False
运动兴趣,basketball,basketball gifts,11,2025-01;2025-02;2025-03;2025-04;2025-05;2025-06;2025-08;2025-09;2025-10;2025-11;2025-12,5447,0.149,False
运动兴趣,basketball,basketball shorts,12,2025-01;2025-02;2025-03;2025-04;2025-05;2025-06;2025-07;2025-08;2025-09;2025-10;2025-11;2025-12,5480,1.271,False
运动兴趣,soccer,soccer socks,12,2025-01;2025-02;2025-03;2025-04;2025-05;2025-06;2025-07;2025-08;2025-09;2025-10;2025-11;2025-12,5483,1.993,False
运动兴趣,basketball,indoor basketball hoop,12,2025-01;2025-02;2025-03;2025-04;2025-05;2025-06;2025-07;2025-08;2025-09;2025-10;2025-11;2025-12,5512,0.53,False
运动兴趣,basketball,basketball cards,12,2025-01;2025-02;2025-03;2025-04;2025-05;2025-06;2025-07;2025-08;2025-09;2025-10;2025-11;2025-12,6048,0.646,False
运动兴趣,football,fantasy football trophy,9,2025-01;2025-02;2025-06;2025-07;2025-08;2025-09;2025-10;2025-11;2025-12,6178,0.61,False
运动兴趣,fantasy football,fantasy football trophy,9,2025-01;2025-02;2025-06;2025-07;2025-08;2025-09;2025-10;2025-11;2025-12,6178,0.61,False
运动兴趣,basketball,basketball hoop indoor,12,2025-01;2025-02;2025-03;2025-04;2025-05;2025-06;2025-07;2025-08;2025-09;2025-10;2025-11;2025-12,6358,0.798,False
运动兴趣,baseball,baseball bat,12,2025-01;2025-02;2025-03;2025-04;2025-05;2025-06;2025-07;2025-08;2025-09;2025-10;2025-11;2025-12,6445,1.134,False
运动兴趣,baseball,baseball pants,12,2025-01;2025-02;2025-03;2025-04;2025-05;2025-06;2025-07;2025-08;2025-09;2025-10;2025-11;2025-12,6538,7.078,False
运动兴趣,baseball,baseball cap,12,2025-01;2025-02;2025-03;2025-04;2025-05;2025-06;2025-07;2025-08;2025-09;2025-10;2025-11;2025-12,6545,1.312,False
运动兴趣,soccer,size 3 soccer ball,12,2025-01;2025-02;2025-03;2025-04;2025-05;2025-06;2025-07;2025-08;2025-09;2025-10;2025-11;2025-12,6848,2.67,False
运动兴趣,basketball,basketball hoop outdoor,12,2025-01;2025-02;2025-03;2025-04;2025-05;2025-06;2025-07;2025-08;2025-09;2025-10;2025-11;2025-12,6922,0.474,False
运动兴趣,baseball,baseball gifts,12,2025-01;2025-02;2025-03;2025-04;2025-05;2025-06;2025-07;2025-08;2025-09;2025-10;2025-11;2025-12,7217,0.107,False
运动兴趣,soccer,size 4 soccer ball,12,2025-01;2025-02;2025-03;2025-04;2025-05;2025-06;2025-07;2025-08;2025-09;2025-10;2025-11;2025-12,7383,1.356,False
运动兴趣,baseball,youth baseball pants,10,2025-01;2025-02;2025-03;2025-04;2025-05;2025-06;2025-07;2025-08;2025-09;2025-10,7443,1.844,False
运动兴趣,basketball,basketball hoop for kids,12,2025-01;2025-02;2025-03;2025-04;2025-05;2025-06;2025-07;2025-08;2025-09;2025-10;2025-11;2025-12,7503,0.098,False
运动兴趣,baseball,baseball necklaces for boys,12,2025-01;2025-02;2025-03;2025-04;2025-05;2025-06;2025-07;2025-08;2025-09;2025-10;2025-11;2025-12,7558,1.041,True
运动兴趣,softball,softball,12,2025-01;2025-02;2025-03;2025-04;2025-05;2025-06;2025-07;2025-08;2025-09;2025-10;2025-11;2025-12,7575,1.368,False
运动兴趣,soccer,grip socks soccer,12,2025-01;2025-02;2025-03;2025-04;2025-05;2025-06;2025-07;2025-08;2025-09;2025-10;2025-11;2025-12,7649,0.582,False
运动兴趣,baseball,boys baseball cleats,11,2025-01;2025-02;2025-03;2025-04;2025-05;2025-06;2025-07;2025-08;2025-09;2025-10;2025-12,7745,8.989,False
运动兴趣,baseball,baseball party favors,12,2025-01;2025-02;2025-03;2025-04;2025-05;2025-06;2025-07;2025-08;2025-09;2025-10;2025-11;2025-12,8055,0.778,False
运动兴趣,football,nerf football,12,2025-01;2025-02;2025-03;2025-04;2025-05;2025-06;2025-07;2025-08;2025-09;2025-10;2025-11;2025-12,8323,0.317,False
运动兴趣,volleyball,volleyball arm sleeves,12,2025-01;2025-02;2025-03;2025-04;2025-05;2025-06;2025-07;2025-08;2025-09;2025-10;2025-11;2025-12,8343,1.813,False
运动兴趣,soccer,soccer cleats boys,12,2025-01;2025-02;2025-03;2025-04;2025-05;2025-06;2025-07;2025-08;2025-09;2025-10;2025-11;2025-12,8395,2.187,False
运动兴趣,volleyball,volleyball shorts,12,2025-01;2025-02;2025-03;2025-04;2025-05;2025-06;2025-07;2025-08;2025-09;2025-10;2025-11;2025-12,8637,1.82,False
运动兴趣,soccer,soccer goodie bags,12,2025-01;2025-02;2025-03;2025-04;2025-05;2025-06;2025-07;2025-08;2025-09;2025-10;2025-11;2025-12,8680,0.282,False
运动兴趣,football,college football 26,8,2025-05;2025-06;2025-07;2025-08;2025-09;2025-10;2025-11;2025-12,8824,0.425,False
运动兴趣,basketball,basketball shorts men,12,2025-01;2025-02;2025-03;2025-04;2025-05;2025-06;2025-07;2025-08;2025-09;2025-10;2025-11;2025-12,8898,0.566,False
运动兴趣,soccer,shin guards soccer kids 4-6,9,2025-02;2025-03;2025-04;2025-05;2025-06;2025-07;2025-08;2025-09;2025-10,9372,0.62,False
运动兴趣,volleyball,volleyball rebounder,12,2025-01;2025-02;2025-03;2025-04;2025-05;2025-06;2025-07;2025-08;2025-09;2025-10;2025-11;2025-12,9444,0.258,False
运动兴趣,basketball,mens basketball shorts,12,2025-01;2025-02;2025-03;2025-04;2025-05;2025-06;2025-07;2025-08;2025-09;2025-10;2025-11;2025-12,9504,0.949,False
运动兴趣,basketball,basketball net,12,2025-01;2025-02;2025-03;2025-04;2025-05;2025-06;2025-07;2025-08;2025-09;2025-10;2025-11;2025-12,9580,0.836,False
运动兴趣,baseball,boys baseball pants,10,2025-01;2025-02;2025-03;2025-04;2025-05;2025-06;2025-07;2025-08;2025-09;2025-10,9612,1.754,False
运动兴趣,softball,softball bat,12,2025-01;2025-02;2025-03;2025-04;2025-05;2025-06;2025-07;2025-08;2025-09;2025-10;2025-11;2025-12,9711,2.773,False
运动兴趣,baseball,baseball easter basket stuffers,2,2025-03;2025-04,9719,,False
运动兴趣,basketball,basketball goal,12,2025-01;2025-02;2025-03;2025-04;2025-05;2025-06;2025-07;2025-08;2025-09;2025-10;2025-11;2025-12,9820,0.356,False
运动兴趣,basketball,indoor basketball,12,2025-01;2025-02;2025-03;2025-04;2025-05;2025-06;2025-07;2025-08;2025-09;2025-10;2025-11;2025-12,9972,0.462,False
运动兴趣,volleyball,pool volleyball net,7,2025-03;2025-04;2025-05;2025-06;2025-07;2025-08;2025-09,10031,1.053,False
运动兴趣,softball,softball cleats,12,2025-01;2025-02;2025-03;2025-04;2025-05;2025-06;2025-07;2025-08;2025-09;2025-10;2025-11;2025-12,10082,6.145,False
运动兴趣,football,youth football gloves,12,2025-01;2025-02;2025-03;2025-04;2025-05;2025-06;2025-07;2025-08;2025-09;2025-10;2025-11;2025-12,10102,0.59,False
运动兴趣,soccer,kids soccer cleats,12,2025-01;2025-02;2025-03;2025-04;2025-05;2025-06;2025-07;2025-08;2025-09;2025-10;2025-11;2025-12,10310,4.692,False
运动兴趣,soccer,soccer net,12,2025-01;2025-02;2025-03;2025-04;2025-05;2025-06;2025-07;2025-08;2025-09;2025-10;2025-11;2025-12,10364,0.406,False
运动兴趣,volleyball,volleyball gifts,11,2025-01;2025-02;2025-03;2025-04;2025-05;2025-06;2025-08;2025-09;2025-10;2025-11;2025-12,10442,0.281,False
运动兴趣,football,football visor,12,2025-01;2025-02;2025-03;2025-04;2025-05;2025-06;2025-07;2025-08;2025-09;2025-10;2025-11;2025-12,10495,0.876,False
运动兴趣,soccer,soccer goals for backyard,12,2025-01;2025-02;2025-03;2025-04;2025-05;2025-06;2025-07;2025-08;2025-09;2025-10;2025-11;2025-12,10532,0.34,False
运动兴趣,soccer,soccer ball size 5,12,2025-01;2025-02;2025-03;2025-04;2025-05;2025-06;2025-07;2025-08;2025-09;2025-10;2025-11;2025-12,10557,0.591,False
运动兴趣,basketball,basketball party favors,12,2025-01;2025-02;2025-03;2025-04;2025-05;2025-06;2025-07;2025-08;2025-09;2025-10;2025-11;2025-12,10665,4.586,False
运动兴趣,football,youth mouth guard football,11,2025-01;2025-02;2025-03;2025-04;2025-05;2025-06;2025-07;2025-08;2025-09;2025-10;2025-11,10672,0.397,False
运动兴趣,soccer,soccer ball size 4,12,2025-01;2025-02;2025-03;2025-04;2025-05;2025-06;2025-07;2025-08;2025-09;2025-10;2025-11;2025-12,10784,0.641,False
运动兴趣,football,football plates,6,2025-01;2025-02;2025-08;2025-09;2025-10;2025-11,10851,2.56,False
运动兴趣,softball,softball gifts,12,2025-01;2025-02;2025-03;2025-04;2025-05;2025-06;2025-07;2025-08;2025-09;2025-10;2025-11;2025-12,10998,0.22,False
运动兴趣,football,football cards 2025,12,2025-01;2025-02;2025-03;2025-04;2025-05;2025-06;2025-07;2025-08;2025-09;2025-10;2025-11;2025-12,11022,0.342,False
运动兴趣,basketball,toddler basketball hoop,12,2025-01;2025-02;2025-03;2025-04;2025-05;2025-06;2025-07;2025-08;2025-09;2025-10;2025-11;2025-12,11252,0.371,False
运动兴趣,soccer,soccer gifts,12,2025-01;2025-02;2025-03;2025-04;2025-05;2025-06;2025-07;2025-08;2025-09;2025-10;2025-11;2025-12,11357,0.287,False
运动兴趣,softball,softball pants,10,2025-01;2025-02;2025-03;2025-04;2025-05;2025-06;2025-07;2025-08;2025-09;2025-10,11380,1.72,False
运动兴趣,soccer,soccer socks kids,12,2025-01;2025-02;2025-03;2025-04;2025-05;2025-06;2025-07;2025-08;2025-09;2025-10;2025-11;2025-12,11394,2.02,False
运动兴趣,baseball,baseball card binder,12,2025-01;2025-02;2025-03;2025-04;2025-05;2025-06;2025-07;2025-08;2025-09;2025-10;2025-11;2025-12,12017,0.631,False
运动兴趣,football,football girdle,7,2025-04;2025-05;2025-06;2025-07;2025-08;2025-09;2025-10,12052,0.478,False
运动兴趣,basketball,mini basketball hoop,12,2025-01;2025-02;2025-03;2025-04;2025-05;2025-06;2025-07;2025-08;2025-09;2025-10;2025-11;2025-12,12134,0.981,False
运动兴趣,baseball,baseball pants youth boys,10,2025-01;2025-02;2025-03;2025-04;2025-05;2025-06;2025-07;2025-08;2025-09;2025-10,12176,2.389,False
运动兴趣,baseball,baseball gifts for boys 8-12,12,2025-01;2025-02;2025-03;2025-04;2025-05;2025-06;2025-07;2025-08;2025-09;2025-10;2025-11;2025-12,12202,0.277,False
运动兴趣,basketball,pool basketball,7,2025-03;2025-04;2025-05;2025-06;2025-07;2025-08;2025-09,12252,1.393,False
运动兴趣,soccer,boys soccer cleats,12,2025-01;2025-02;2025-03;2025-04;2025-05;2025-06;2025-07;2025-08;2025-09;2025-10;2025-11;2025-12,12369,4.337,False
运动兴趣,baseball,baseball tee,12,2025-01;2025-02;2025-03;2025-04;2025-05;2025-06;2025-07;2025-08;2025-09;2025-10;2025-11;2025-12,12378,1.547,False
运动兴趣,soccer,girls soccer cleats,10,2025-01;2025-02;2025-03;2025-04;2025-05;2025-06;2025-07;2025-08;2025-09;2025-10,12526,0.519,False
运动兴趣,baseball,topps baseball cards 2025,11,2025-02;2025-03;2025-04;2025-05;2025-06;2025-07;2025-08;2025-09;2025-10;2025-11;2025-12,12620,0.972,False
运动兴趣,baseball,hat organizer for baseball caps,12,2025-01;2025-02;2025-03;2025-04;2025-05;2025-06;2025-07;2025-08;2025-09;2025-10;2025-11;2025-12,12767,1.147,False
运动兴趣,football,youth football pants,5,2025-06;2025-07;2025-08;2025-09;2025-10,12863,,False
运动兴趣,softball,girls softball cleats,9,2025-01;2025-02;2025-03;2025-04;2025-05;2025-06;2025-07;2025-08;2025-09,13100,1.82,False
运动兴趣,basketball,basketball bag,12,2025-01;2025-02;2025-03;2025-04;2025-05;2025-06;2025-07;2025-08;2025-09;2025-10;2025-11;2025-12,13112,0.511,False
运动兴趣,baseball,youth baseball cleats,10,2025-01;2025-02;2025-03;2025-04;2025-05;2025-06;2025-07;2025-08;2025-09;2025-10,13120,1.628,False
运动兴趣,soccer,hover soccer ball,12,2025-01;2025-02;2025-03;2025-04;2025-05;2025-06;2025-07;2025-08;2025-09;2025-10;2025-11;2025-12,13132,0.242,False
运动兴趣,soccer,kids soccer socks,11,2025-01;2025-02;2025-03;2025-04;2025-05;2025-06;2025-07;2025-08;2025-09;2025-10;2025-11,13133,1.465,False
运动兴趣,football,football party favors,12,2025-01;2025-02;2025-03;2025-04;2025-05;2025-06;2025-07;2025-08;2025-09;2025-10;2025-11;2025-12,13300,1.553,False
运动兴趣,football,football shirts for women,6,2025-01;2025-02;2025-07;2025-08;2025-09;2025-10,13304,0.196,False
运动兴趣,basketball,over the door basketball hoop,12,2025-01;2025-02;2025-03;2025-04;2025-05;2025-06;2025-07;2025-08;2025-09;2025-10;2025-11;2025-12,13434,0.385,False
运动兴趣,football,pink football accessories,2,2025-09;2025-10,13492,,False
运动兴趣,baseball,baseball cleats youth boys,10,2025-01;2025-02;2025-03;2025-04;2025-05;2025-06;2025-07;2025-08;2025-09;2025-10,13609,1.879,False
运动兴趣,soccer,soccer bag,12,2025-01;2025-02;2025-03;2025-04;2025-05;2025-06;2025-07;2025-08;2025-09;2025-10;2025-11;2025-12,13714,1.266,False
运动兴趣,football,football cleats men,12,2025-01;2025-02;2025-03;2025-04;2025-05;2025-06;2025-07;2025-08;2025-09;2025-10;2025-11;2025-12,14080,1.633,False
运动兴趣,baseball,womens baseball caps,12,2025-01;2025-02;2025-03;2025-04;2025-05;2025-06;2025-07;2025-08;2025-09;2025-10;2025-11;2025-12,14092,2.727,False
运动兴趣,soccer,indoor soccer ball,12,2025-01;2025-02;2025-03;2025-04;2025-05;2025-06;2025-07;2025-08;2025-09;2025-10;2025-11;2025-12,14252,0.211,False
运动兴趣,softball,girls softball pants,9,2025-01;2025-02;2025-03;2025-04;2025-05;2025-06;2025-07;2025-08;2025-09,14608,1.37,False
运动兴趣,basketball,basketball accessories,12,2025-01;2025-02;2025-03;2025-04;2025-05;2025-06;2025-07;2025-08;2025-09;2025-10;2025-11;2025-12,14725,1.183,False
运动兴趣,soccer,soccer rebounder,12,2025-01;2025-02;2025-03;2025-04;2025-05;2025-06;2025-07;2025-08;2025-09;2025-10;2025-11;2025-12,14726,0.274,False
运动兴趣,basketball,kids basketball hoop,12,2025-01;2025-02;2025-03;2025-04;2025-05;2025-06;2025-07;2025-08;2025-09;2025-10;2025-11;2025-12,14968,0.533,False
运动兴趣,soccer,shin guards soccer kids 10-12,12,2025-01;2025-02;2025-03;2025-04;2025-05;2025-06;2025-07;2025-08;2025-09;2025-10;2025-11;2025-12,15144,1.557,False
运动兴趣,baseball,baseball net,12,2025-01;2025-02;2025-03;2025-04;2025-05;2025-06;2025-07;2025-08;2025-09;2025-10;2025-11;2025-12,15365,0.903,False
运动兴趣,football,youth football cleats,10,2025-01;2025-02;2025-03;2025-04;2025-05;2025-06;2025-07;2025-08;2025-09;2025-10,15375,0.334,False
运动兴趣,baseball,baseball sunglasses,12,2025-01;2025-02;2025-03;2025-04;2025-05;2025-06;2025-07;2025-08;2025-09;2025-10;2025-11;2025-12,15517,1.797,False
运动兴趣,softball,softball glove,12,2025-01;2025-02;2025-03;2025-04;2025-05;2025-06;2025-07;2025-08;2025-09;2025-10;2025-11;2025-12,15649,2.487,False
运动兴趣,softball,softball socks,12,2025-01;2025-02;2025-03;2025-04;2025-05;2025-06;2025-07;2025-08;2025-09;2025-10;2025-11;2025-12,15812,5.822,False
运动兴趣,football,football jersey,12,2025-01;2025-02;2025-03;2025-04;2025-05;2025-06;2025-07;2025-08;2025-09;2025-10;2025-11;2025-12,15822,1.178,False
运动兴趣,football,football nfl,1,2025-01,15853,,False
运动兴趣,soccer,soccer cards,12,2025-01;2025-02;2025-03;2025-04;2025-05;2025-06;2025-07;2025-08;2025-09;2025-10;2025-11;2025-12,15971,1.1,False
运动兴趣,basketball,boys basketball shoes,12,2025-01;2025-02;2025-03;2025-04;2025-05;2025-06;2025-07;2025-08;2025-09;2025-10;2025-11;2025-12,16058,0.288,False
运动兴趣,football,nfl live football games on prime 2023,7,2025-01;2025-02;2025-08;2025-09;2025-10;2025-11;2025-12,16128,0.653,False
运动兴趣,baseball,eye black baseball,9,2025-02;2025-03;2025-04;2025-05;2025-06;2025-07;2025-09;2025-10;2025-12,16154,4.428,False
运动兴趣,soccer,indoor soccer shoes,12,2025-01;2025-02;2025-03;2025-04;2025-05;2025-06;2025-07;2025-08;2025-09;2025-10;2025-11;2025-12,16213,0.966,False
运动兴趣,football,football earrings,7,2025-01;2025-02;2025-07;2025-08;2025-09;2025-10;2025-11,16216,0.557,True
运动兴趣,football,football socks,12,2025-01;2025-02;2025-03;2025-04;2025-05;2025-06;2025-07;2025-08;2025-09;2025-10;2025-11;2025-12,16224,0.953,False
运动兴趣,basketball,outdoor basketball,12,2025-01;2025-02;2025-03;2025-04;2025-05;2025-06;2025-07;2025-08;2025-09;2025-10;2025-11;2025-12,16226,0.739,False
运动兴趣,football,flag football belts,12,2025-01;2025-02;2025-03;2025-04;2025-05;2025-06;2025-07;2025-08;2025-09;2025-10;2025-11;2025-12,16381,0.665,False
运动兴趣,football,football towel,12,2025-01;2025-02;2025-03;2025-04;2025-05;2025-06;2025-07;2025-08;2025-09;2025-10;2025-11;2025-12,16496,0.676,False
运动兴趣,soccer,toddler soccer cleats,10,2025-01;2025-02;2025-03;2025-04;2025-05;2025-06;2025-07;2025-08;2025-09;2025-10,16532,0.65,False
运动兴趣,football,raise the flags: 50 years of buccaneers football,1,2025-12,16656,,False
运动兴趣,football,glow in the dark football,12,2025-01;2025-02;2025-03;2025-04;2025-05;2025-06;2025-07;2025-08;2025-09;2025-10;2025-11;2025-12,16669,0.147,False
运动兴趣,baseball,baseball mom shirts,10,2025-01;2025-02;2025-03;2025-04;2025-05;2025-06;2025-07;2025-08;2025-09;2025-10,16776,3.327,False
运动兴趣,baseball,baseball necklace,12,2025-01;2025-02;2025-03;2025-04;2025-05;2025-06;2025-07;2025-08;2025-09;2025-10;2025-11;2025-12,16802,0.705,True
运动兴趣,baseball,baseball lifestyle 101,9,2025-04;2025-05;2025-06;2025-07;2025-08;2025-09;2025-10;2025-11;2025-12,16870,0.142,False
运动兴趣,soccer,soccer training equipment,12,2025-01;2025-02;2025-03;2025-04;2025-05;2025-06;2025-07;2025-08;2025-09;2025-10;2025-11;2025-12,16872,0.581,False
运动兴趣,soccer,soccer cleats mens,12,2025-01;2025-02;2025-03;2025-04;2025-05;2025-06;2025-07;2025-08;2025-09;2025-10;2025-11;2025-12,16920,1.161,False
运动兴趣,soccer,soccer party favors,12,2025-01;2025-02;2025-03;2025-04;2025-05;2025-06;2025-07;2025-08;2025-09;2025-10;2025-11;2025-12,17032,0.773,False
运动兴趣,volleyball,knee pads volleyball girls,12,2025-01;2025-02;2025-03;2025-04;2025-05;2025-06;2025-07;2025-08;2025-09;2025-10;2025-11;2025-12,17105,0.61,False
运动兴趣,soccer,soccer shin guards,12,2025-01;2025-02;2025-03;2025-04;2025-05;2025-06;2025-07;2025-08;2025-09;2025-10;2025-11;2025-12,17108,1.655,False
运动兴趣,basketball,girls basketball shoes,10,2025-01;2025-02;2025-03;2025-06;2025-07;2025-08;2025-09;2025-10;2025-11;2025-12,17124,0.215,False
运动兴趣,basketball,wilson evolution basketball,12,2025-01;2025-02;2025-03;2025-04;2025-05;2025-06;2025-07;2025-08;2025-09;2025-10;2025-11;2025-12,17132,0.67,False
运动兴趣,football,football tablecloth,7,2025-01;2025-02;2025-07;2025-08;2025-09;2025-10;2025-11,17270,1.636,False
运动兴趣,soccer,toddler soccer socks,10,2025-01;2025-02;2025-03;2025-04;2025-05;2025-06;2025-07;2025-08;2025-09;2025-10,17302,0.329,False
运动兴趣,football,pink football socks,2,2025-09;2025-10,17425,,False
运动兴趣,baseball,baseball movie,4,2025-01;2025-02;2025-03;2025-04,17491,,False
运动兴趣,football,football gloves youth,12,2025-01;2025-02;2025-03;2025-04;2025-05;2025-06;2025-07;2025-08;2025-09;2025-10;2025-11;2025-12,17584,0.264,False
运动兴趣,soccer,soccer ball size 3,12,2025-01;2025-02;2025-03;2025-04;2025-05;2025-06;2025-07;2025-08;2025-09;2025-10;2025-11;2025-12,17614,1.396,False
运动兴趣,baseball,baseball drip,12,2025-01;2025-02;2025-03;2025-04;2025-05;2025-06;2025-07;2025-08;2025-09;2025-10;2025-11;2025-12,17790,0.521,False
运动兴趣,football,football mom shirt,4,2025-07;2025-08;2025-09;2025-10,17877,,False
运动兴趣,basketball,mens basketball shoes,12,2025-01;2025-02;2025-03;2025-04;2025-05;2025-06;2025-07;2025-08;2025-09;2025-10;2025-11;2025-12,17923,0.789,False
运动兴趣,basketball,basketball shoes for men,12,2025-01;2025-02;2025-03;2025-04;2025-05;2025-06;2025-07;2025-08;2025-09;2025-10;2025-11;2025-12,18097,0.624,False
运动兴趣,football,football helmet,12,2025-01;2025-02;2025-03;2025-04;2025-05;2025-06;2025-07;2025-08;2025-09;2025-10;2025-11;2025-12,18183,0.558,False
运动兴趣,football,ncaa football 26,7,2025-06;2025-07;2025-08;2025-09;2025-10;2025-11;2025-12,18379,0.802,False
运动兴趣,baseball,red baseball cap,9,2025-02;2025-03;2025-04;2025-05;2025-06;2025-07;2025-08;2025-09;2025-10,18407,0.429,False
运动兴趣,football,college football 26 ps5,6,2025-07;2025-08;2025-09;2025-10;2025-11;2025-12,18472,0.283,False
运动兴趣,football,light up football,11,2025-01;2025-02;2025-03;2025-04;2025-05;2025-06;2025-07;2025-09;2025-10;2025-11;2025-12,18493,0.144,False
运动兴趣,basketball,basketball pump,12,2025-01;2025-02;2025-03;2025-04;2025-05;2025-06;2025-07;2025-08;2025-09;2025-10;2025-11;2025-12,18731,0.775,False
运动兴趣,soccer,youth soccer socks,10,2025-01;2025-02;2025-03;2025-04;2025-05;2025-06;2025-07;2025-08;2025-09;2025-10,18932,0.267,False
运动兴趣,football,football mom,4,2025-07;2025-08;2025-09;2025-10,19116,,False
运动兴趣,baseball,champro baseball pants youth,10,2025-01;2025-02;2025-03;2025-04;2025-05;2025-06;2025-07;2025-08;2025-09;2025-10,19146,1.742,False
运动兴趣,baseball,baseball bats,12,2025-01;2025-02;2025-03;2025-04;2025-05;2025-06;2025-07;2025-08;2025-09;2025-10;2025-11;2025-12,19312,1.322,False
运动兴趣,football,football decor,8,2025-01;2025-02;2025-07;2025-08;2025-09;2025-10;2025-11;2025-12,19459,1.85,False
运动兴趣,volleyball,volleyball shoes women,12,2025-01;2025-02;2025-03;2025-04;2025-05;2025-06;2025-07;2025-08;2025-09;2025-10;2025-11;2025-12,19527,1.027,False
运动兴趣,soccer,soccer gifts for boys,4,2025-09;2025-10;2025-11;2025-12,19843,,False
运动兴趣,volleyball,pool volleyball,6,2025-03;2025-04;2025-05;2025-06;2025-07;2025-08,19899,0.383,False
运动兴趣,football,football card binder,12,2025-01;2025-02;2025-03;2025-04;2025-05;2025-06;2025-07;2025-08;2025-09;2025-10;2025-11;2025-12,19942,0.715,False
运动兴趣,football,boys football cleats,10,2025-01;2025-02;2025-03;2025-04;2025-05;2025-06;2025-07;2025-08;2025-09;2025-10,20105,0.281,False
运动兴趣,baseball,baseball snack bags,6,2025-02;2025-03;2025-04;2025-05;2025-09;2025-10,20274,2.119,False
运动兴趣,baseball,baseball goodie bags,10,2025-02;2025-03;2025-04;2025-05;2025-06;2025-07;2025-08;2025-09;2025-10;2025-11,20401,2.234,False
运动兴趣,football,lineman gloves football,7,2025-04;2025-05;2025-06;2025-07;2025-08;2025-09;2025-10,20654,0.213,False
运动兴趣,baseball,mens baseball pants,10,2025-01;2025-02;2025-03;2025-04;2025-05;2025-06;2025-07;2025-08;2025-09;2025-10,20677,2.239,False
运动兴趣,basketball,basketball backpack,12,2025-01;2025-02;2025-03;2025-04;2025-05;2025-06;2025-07;2025-08;2025-09;2025-10;2025-11;2025-12,20739,0.536,False
运动兴趣,soccer,soccer cones,12,2025-01;2025-02;2025-03;2025-04;2025-05;2025-06;2025-07;2025-08;2025-09;2025-10;2025-11;2025-12,20827,1.024,False
运动兴趣,soccer,soccer jersey,12,2025-01;2025-02;2025-03;2025-04;2025-05;2025-06;2025-07;2025-08;2025-09;2025-10;2025-11;2025-12,20927,0.783,False
运动兴趣,basketball,basketball jersey,12,2025-01;2025-02;2025-03;2025-04;2025-05;2025-06;2025-07;2025-08;2025-09;2025-10;2025-11;2025-12,20960,1.626,False
运动兴趣,basketball,glow in the dark basketball,11,2025-01;2025-02;2025-03;2025-04;2025-05;2025-06;2025-07;2025-09;2025-10;2025-11;2025-12,21059,0.23,False
运动兴趣,baseball,baseball helmet,12,2025-01;2025-02;2025-03;2025-04;2025-05;2025-06;2025-07;2025-08;2025-09;2025-10;2025-11;2025-12,21116,2.793,False
运动兴趣,football,youth football,12,2025-01;2025-02;2025-03;2025-04;2025-05;2025-06;2025-07;2025-08;2025-09;2025-10;2025-11;2025-12,21217,0.281,False
运动兴趣,football,football gifts,6,2025-01;2025-08;2025-09;2025-10;2025-11;2025-12,21331,0.314,False
运动兴趣,baseball,toddler baseball hat,12,2025-01;2025-02;2025-03;2025-04;2025-05;2025-06;2025-07;2025-08;2025-09;2025-10;2025-11;2025-12,21357,2.251,False
运动兴趣,volleyball,volleyball elbow pads,12,2025-01;2025-02;2025-03;2025-04;2025-05;2025-06;2025-07;2025-08;2025-09;2025-10;2025-11;2025-12,21397,0.728,False
运动兴趣,football,football pants,9,2025-02;2025-03;2025-04;2025-05;2025-06;2025-07;2025-08;2025-09;2025-10,21640,0.247,False
运动兴趣,soccer,size 5 soccer ball,12,2025-01;2025-02;2025-03;2025-04;2025-05;2025-06;2025-07;2025-08;2025-09;2025-10;2025-11;2025-12,21745,0.871,False
运动兴趣,football,football cookie cutter,6,2025-01;2025-02;2025-08;2025-09;2025-10;2025-11,21961,2.519,False
运动兴趣,tennis bracelet,tennis bracelet,12,2025-01;2025-02;2025-03;2025-04;2025-05;2025-06;2025-07;2025-08;2025-09;2025-10;2025-11;2025-12,21973,0.665,True
运动兴趣,baseball,mens baseball cleats,10,2025-01;2025-02;2025-03;2025-04;2025-05;2025-06;2025-07;2025-08;2025-09;2025-10,22241,1.42,False
运动兴趣,baseball,baseball socks,12,2025-01;2025-02;2025-03;2025-04;2025-05;2025-06;2025-07;2025-08;2025-09;2025-10;2025-11;2025-12,22254,3.085,False
运动兴趣,football,visor football,9,2025-03;2025-04;2025-05;2025-06;2025-07;2025-08;2025-09;2025-10;2025-11,22268,0.707,False
运动兴趣,volleyball,nike knee pads volleyball,12,2025-01;2025-02;2025-03;2025-04;2025-05;2025-06;2025-07;2025-08;2025-09;2025-10;2025-11;2025-12,22367,1.393,False
运动兴趣,soccer,soccer cleats girls,10,2025-01;2025-02;2025-03;2025-04;2025-05;2025-06;2025-07;2025-08;2025-09;2025-10,22545,0.438,False
运动兴趣,baseball,kids baseball cleats,8,2025-01;2025-02;2025-03;2025-04;2025-05;2025-06;2025-08;2025-09,22621,1.754,False
运动兴趣,soccer,soccer mom shirt,9,2025-02;2025-03;2025-04;2025-05;2025-06;2025-07;2025-08;2025-09;2025-10,22664,1.191,False
运动兴趣,football,nike football cleats,12,2025-01;2025-02;2025-03;2025-04;2025-05;2025-06;2025-07;2025-08;2025-09;2025-10;2025-11;2025-12,22812,2.12,False
运动兴趣,soccer,soccer grip socks,12,2025-01;2025-02;2025-03;2025-04;2025-05;2025-06;2025-07;2025-08;2025-09;2025-10;2025-11;2025-12,22842,0.759,False
运动兴趣,baseball,baseball hat,12,2025-01;2025-02;2025-03;2025-04;2025-05;2025-06;2025-07;2025-08;2025-09;2025-10;2025-11;2025-12,22859,0.907,False
运动兴趣,baseball,baseball hats for women,10,2025-01;2025-02;2025-03;2025-04;2025-05;2025-06;2025-07;2025-08;2025-09;2025-10,22903,1.057,False
运动兴趣,baseball,baseball jersey,12,2025-01;2025-02;2025-03;2025-04;2025-05;2025-06;2025-07;2025-08;2025-09;2025-10;2025-11;2025-12,23128,1.936,False
运动兴趣,baseball,baseball cap women,12,2025-01;2025-02;2025-03;2025-04;2025-05;2025-06;2025-07;2025-08;2025-09;2025-10;2025-11;2025-12,23181,1.639,False
运动兴趣,football,turf tape football,5,2025-06;2025-07;2025-08;2025-09;2025-10,23233,,False
运动兴趣,football,football nfl games tonight,4,2025-09;2025-10;2025-11;2025-12,23408,,False
运动兴趣,football,thursday night football prime,3,2025-09;2025-10;2025-12,23439,,False
运动兴趣,football,mouthguard football,5,2025-06;2025-07;2025-08;2025-09;2025-10,23496,,False
运动兴趣,football,mens football cleats,11,2025-01;2025-02;2025-03;2025-04;2025-05;2025-06;2025-07;2025-08;2025-09;2025-10;2025-11,23690,1.283,False
运动兴趣,baseball,baseball card sleeves,12,2025-01;2025-02;2025-03;2025-04;2025-05;2025-06;2025-07;2025-08;2025-09;2025-10;2025-11;2025-12,23823,1.493,False
运动兴趣,baseball,white baseball pants youth boys,10,2025-01;2025-02;2025-03;2025-04;2025-05;2025-06;2025-07;2025-08;2025-09;2025-10,23911,2.317,False
运动兴趣,volleyball,elbow pads volleyball,12,2025-01;2025-02;2025-03;2025-04;2025-05;2025-06;2025-07;2025-08;2025-09;2025-10;2025-11;2025-12,24118,0.911,False
运动兴趣,baseball,youth baseball sunglasses,9,2025-02;2025-03;2025-04;2025-05;2025-06;2025-07;2025-08;2025-09;2025-12,24159,4.331,False
运动兴趣,football,fantasy football ring,6,2025-01;2025-07;2025-08;2025-09;2025-10;2025-12,24216,2.515,True
运动兴趣,fantasy football,fantasy football ring,6,2025-01;2025-07;2025-08;2025-09;2025-10;2025-12,24216,2.515,True
运动兴趣,softball,softball cleats for girls,9,2025-01;2025-02;2025-03;2025-04;2025-05;2025-06;2025-07;2025-08;2025-09,24225,2.168,False
运动兴趣,basketball,silent basketball size 7,4,2025-01;2025-09;2025-11;2025-12,24323,,False
运动兴趣,baseball,baseball mom,12,2025-01;2025-02;2025-03;2025-04;2025-05;2025-06;2025-07;2025-08;2025-09;2025-10;2025-11;2025-12,24404,4.364,False
运动兴趣,tennis bracelet,pavoi tennis bracelet,12,2025-01;2025-02;2025-03;2025-04;2025-05;2025-06;2025-07;2025-08;2025-09;2025-10;2025-11;2025-12,24412,0.721,True
运动兴趣,volleyball,volleyball net for pool,5,2025-04;2025-05;2025-06;2025-07;2025-08,24462,,False
运动兴趣,football,football girdle for men,6,2025-04;2025-05;2025-06;2025-07;2025-08;2025-09,24610,0.366,False
运动兴趣,baseball,kids baseball sunglasses,8,2025-02;2025-03;2025-04;2025-05;2025-06;2025-07;2025-08;2025-09,24611,3.259,False
运动兴趣,baseball,baseball cap organizer,12,2025-01;2025-02;2025-03;2025-04;2025-05;2025-06;2025-07;2025-08;2025-09;2025-10;2025-11;2025-12,24650,0.832,False
运动兴趣,football,thursday night football 2025,4,2025-09;2025-10;2025-11;2025-12,24764,,False
运动兴趣,softball,softball accessories for girls,6,2025-01;2025-02;2025-03;2025-04;2025-05;2025-06,24889,0.8,False
运动兴趣,football,football balloons,12,2025-01;2025-02;2025-03;2025-04;2025-05;2025-06;2025-07;2025-08;2025-09;2025-10;2025-11;2025-12,25099,2.251,False
运动兴趣,soccer,shin guards soccer,12,2025-01;2025-02;2025-03;2025-04;2025-05;2025-06;2025-07;2025-08;2025-09;2025-10;2025-11;2025-12,25200,5.544,False
运动兴趣,football,youth football mouth guard,7,2025-03;2025-04;2025-06;2025-07;2025-08;2025-09;2025-10,25285,0.329,False
运动兴趣,baseball,baseball training equipment,12,2025-01;2025-02;2025-03;2025-04;2025-05;2025-06;2025-07;2025-08;2025-09;2025-10;2025-11;2025-12,25644,0.681,False
运动兴趣,baseball,baseball scorebook,9,2025-02;2025-03;2025-04;2025-05;2025-06;2025-07;2025-08;2025-09;2025-10,26090,2.579,False
运动兴趣,baseball,baseball bases,12,2025-01;2025-02;2025-03;2025-04;2025-05;2025-06;2025-07;2025-08;2025-09;2025-10;2025-11;2025-12,26140,1.392,False
运动兴趣,basketball,door basketball hoop,12,2025-01;2025-02;2025-03;2025-04;2025-05;2025-06;2025-07;2025-08;2025-09;2025-10;2025-11;2025-12,26408,0.564,False
运动兴趣,basketball,nike basketball shoes,12,2025-01;2025-02;2025-03;2025-04;2025-05;2025-06;2025-07;2025-08;2025-09;2025-10;2025-11;2025-12,26568,1.326,False
运动兴趣,soccer,nike soccer cleats,12,2025-01;2025-02;2025-03;2025-04;2025-05;2025-06;2025-07;2025-08;2025-09;2025-10;2025-11;2025-12,26676,1.96,False
运动兴趣,baseball,baseball cards 2025,12,2025-01;2025-02;2025-03;2025-04;2025-05;2025-06;2025-07;2025-08;2025-09;2025-10;2025-11;2025-12,26816,0.891,False
运动兴趣,baseball,baseball tees for hitting,12,2025-01;2025-02;2025-03;2025-04;2025-05;2025-06;2025-07;2025-08;2025-09;2025-10;2025-11;2025-12,26868,3.036,False
运动兴趣,baseball,baseball movies,7,2025-04;2025-05;2025-06;2025-07;2025-08;2025-09;2025-10,26914,5.038,False
运动兴趣,basketball,basketball stuff,12,2025-01;2025-02;2025-03;2025-04;2025-05;2025-06;2025-07;2025-08;2025-09;2025-10;2025-11;2025-12,26994,0.483,False
运动兴趣,baseball,youth baseball socks,8,2025-01;2025-02;2025-03;2025-04;2025-05;2025-06;2025-08;2025-09,27080,1.609,False
运动兴趣,soccer,soccer balls,12,2025-01;2025-02;2025-03;2025-04;2025-05;2025-06;2025-07;2025-08;2025-09;2025-10;2025-11;2025-12,27129,0.642,False
运动兴趣,football,football drip,12,2025-01;2025-02;2025-03;2025-04;2025-05;2025-06;2025-07;2025-08;2025-09;2025-10;2025-11;2025-12,27262,0.415,False
运动兴趣,volleyball,volleyball bag,12,2025-01;2025-02;2025-03;2025-04;2025-05;2025-06;2025-07;2025-08;2025-09;2025-10;2025-11;2025-12,27566,1.117,False
运动兴趣,baseball,baseball cleats men,12,2025-01;2025-02;2025-03;2025-04;2025-05;2025-06;2025-07;2025-08;2025-09;2025-10;2025-11;2025-12,27601,3.109,False
运动兴趣,football,football stickers,11,2025-01;2025-02;2025-03;2025-04;2025-05;2025-07;2025-08;2025-09;2025-10;2025-11;2025-12,27680,1.617,False
运动兴趣,soccer,soccer goals,12,2025-01;2025-02;2025-03;2025-04;2025-05;2025-06;2025-07;2025-08;2025-09;2025-10;2025-11;2025-12,27878,0.595,False
运动兴趣,soccer,soccer snack bags,4,2025-03;2025-04;2025-09;2025-10,27990,,False
运动兴趣,basketball,mini basketball,12,2025-01;2025-02;2025-03;2025-04;2025-05;2025-06;2025-07;2025-08;2025-09;2025-10;2025-11;2025-12,28103,1.588,False
运动兴趣,football,arm sleeves football,4,2025-07;2025-08;2025-09;2025-10,28166,,False
运动兴趣,football,football cleats boys,10,2025-01;2025-02;2025-03;2025-04;2025-05;2025-06;2025-07;2025-08;2025-09;2025-10,28454,0.343,False
运动兴趣,football,nfl football,12,2025-01;2025-02;2025-03;2025-04;2025-05;2025-06;2025-07;2025-08;2025-09;2025-10;2025-11;2025-12,28602,0.366,False
运动兴趣,soccer,soccer socks youth,6,2025-03;2025-08;2025-09;2025-10;2025-11;2025-12,28788,5.706,False
运动兴趣,soccer,soccer backpack,12,2025-01;2025-02;2025-03;2025-04;2025-05;2025-06;2025-07;2025-08;2025-09;2025-10;2025-11;2025-12,28869,1.036,False
运动兴趣,baseball,baseball batting gloves,12,2025-01;2025-02;2025-03;2025-04;2025-05;2025-06;2025-07;2025-08;2025-09;2025-10;2025-11;2025-12,28910,1.797,False
运动兴趣,baseball,baseball shirt women,10,2025-01;2025-02;2025-03;2025-04;2025-05;2025-06;2025-07;2025-08;2025-09;2025-10,28956,1.108,False
运动兴趣,baseball,baseball party decorations,11,2025-01;2025-02;2025-03;2025-04;2025-05;2025-06;2025-07;2025-08;2025-09;2025-10;2025-11,29042,0.889,False
运动兴趣,soccer,soccer stickers,12,2025-01;2025-02;2025-03;2025-04;2025-05;2025-06;2025-07;2025-08;2025-09;2025-10;2025-11;2025-12,29150,1.496,False
运动兴趣,football,kids football,12,2025-01;2025-02;2025-03;2025-04;2025-05;2025-06;2025-07;2025-08;2025-09;2025-10;2025-11;2025-12,29548,0.348,False
运动兴趣,football,football backplate,8,2025-03;2025-04;2025-05;2025-06;2025-07;2025-08;2025-09;2025-10,29685,0.311,False
运动兴趣,basketball,nike basketball shoes men,12,2025-01;2025-02;2025-03;2025-04;2025-05;2025-06;2025-07;2025-08;2025-09;2025-10;2025-11;2025-12,29801,0.851,False
运动兴趣,football,thursday night football,5,2025-01;2025-09;2025-10;2025-11;2025-12,29991,,False
运动兴趣,football,fantasy football magazine 2025,3,2025-06;2025-07;2025-08,30127,,False
运动兴趣,fantasy football,fantasy football magazine 2025,3,2025-06;2025-07;2025-08,30127,,False
运动兴趣,soccer,soccer shoes,12,2025-01;2025-02;2025-03;2025-04;2025-05;2025-06;2025-07;2025-08;2025-09;2025-10;2025-11;2025-12,30160,1.761,False
运动兴趣,basketball,basketball gifts for boys,2,2025-11;2025-12,30186,,False
运动兴趣,baseball,baseball stickers,11,2025-01;2025-02;2025-03;2025-04;2025-05;2025-06;2025-07;2025-08;2025-09;2025-10;2025-11,30219,1.43,False
运动兴趣,basketball,basketball socks,12,2025-01;2025-02;2025-03;2025-04;2025-05;2025-06;2025-07;2025-08;2025-09;2025-10;2025-11;2025-12,30254,0.768,False
运动兴趣,softball,softball face mask girls youth,6,2025-02;2025-03;2025-04;2025-05;2025-08;2025-09,30409,2.109,False
运动兴趣,soccer,binho board finger soccer,2,2025-11;2025-12,30540,,False
运动兴趣,volleyball,softy volleyball,9,2025-04;2025-05;2025-06;2025-07;2025-08;2025-09;2025-10;2025-11;2025-12,30544,0.419,False
运动兴趣,football,2025 fantasy football draft board,2,2025-07;2025-08,30572,,False
运动兴趣,fantasy football,2025 fantasy football draft board,2,2025-07;2025-08,30572,,False
运动兴趣,football,football knee pads,4,2025-07;2025-08;2025-09;2025-10,30609,,False
运动兴趣,baseball,youth baseball glove,12,2025-01;2025-02;2025-03;2025-04;2025-05;2025-06;2025-07;2025-08;2025-09;2025-10;2025-11;2025-12,30792,1.479,False
运动兴趣,football,backplate football,7,2025-04;2025-05;2025-06;2025-07;2025-08;2025-09;2025-10,30797,0.341,False
运动兴趣,football,football advent calendar 2025,3,2025-09;2025-10;2025-11,30974,,False
运动兴趣,basketball,pool basketball hoop poolside,5,2025-04;2025-05;2025-06;2025-07;2025-08,31127,,False
运动兴趣,baseball,youth baseball bat,11,2025-01;2025-02;2025-03;2025-04;2025-05;2025-06;2025-07;2025-08;2025-09;2025-11;2025-12,31137,2.327,False
运动兴趣,baseball,black baseball cap,12,2025-01;2025-02;2025-03;2025-04;2025-05;2025-06;2025-07;2025-08;2025-09;2025-10;2025-11;2025-12,31164,1.626,False
运动兴趣,basketball,womens basketball shoes,12,2025-01;2025-02;2025-03;2025-04;2025-05;2025-06;2025-07;2025-08;2025-09;2025-10;2025-11;2025-12,31172,0.378,False
运动兴趣,basketball,light up basketball,5,2025-03;2025-04;2025-10;2025-11;2025-12,31255,,False
运动兴趣,baseball,toddler baseball cleats,7,2025-01;2025-02;2025-03;2025-04;2025-05;2025-08;2025-09,31493,2.259,False
运动兴趣,baseball,turf shoes baseball,12,2025-01;2025-02;2025-03;2025-04;2025-05;2025-06;2025-07;2025-08;2025-09;2025-10;2025-11;2025-12,31559,4.089,False
运动兴趣,basketball,dribble up basketball,3,2025-01;2025-11;2025-12,31573,,False
运动兴趣,basketball,basketball training equipment,12,2025-01;2025-02;2025-03;2025-04;2025-05;2025-06;2025-07;2025-08;2025-09;2025-10;2025-11;2025-12,31643,0.639,False
运动兴趣,football,football napkins,5,2025-01;2025-02;2025-08;2025-09;2025-10,31686,,False
运动兴趣,soccer,soccer gifts for boys 8-12,12,2025-01;2025-02;2025-03;2025-04;2025-05;2025-06;2025-07;2025-08;2025-09;2025-10;2025-11;2025-12,31821,0.707,False
运动兴趣,football,grip boost football gloves,12,2025-01;2025-02;2025-03;2025-04;2025-05;2025-06;2025-07;2025-08;2025-09;2025-10;2025-11;2025-12,31834,1.009,False
运动兴趣,basketball,girls basketball shorts,12,2025-01;2025-02;2025-03;2025-04;2025-05;2025-06;2025-07;2025-08;2025-09;2025-10;2025-11;2025-12,31925,0.474,False
运动兴趣,baseball,baseball glove adult,12,2025-01;2025-02;2025-03;2025-04;2025-05;2025-06;2025-07;2025-08;2025-09;2025-10;2025-11;2025-12,32033,1.72,False
运动兴趣,football,pool football,6,2025-03;2025-04;2025-05;2025-06;2025-07;2025-08,32106,0.688,False
运动兴趣,baseball,baseball pants mens,10,2025-01;2025-02;2025-03;2025-04;2025-05;2025-06;2025-07;2025-08;2025-09;2025-10,32247,1.673,False
运动兴趣,baseball,youth baseball helmet,9,2025-01;2025-02;2025-03;2025-04;2025-05;2025-06;2025-07;2025-08;2025-09,32614,1.914,False
运动兴趣,baseball,baseball socks youth boys,7,2025-02;2025-03;2025-04;2025-05;2025-06;2025-08;2025-09,32650,2.881,False
运动兴趣,football,youth football practice jersey,3,2025-06;2025-07;2025-08,32664,,False
运动兴趣,football,girdle football,4,2025-05;2025-07;2025-08;2025-09,32781,,False
运动兴趣,baseball,womens baseball shirt,8,2025-02;2025-03;2025-04;2025-05;2025-06;2025-07;2025-08;2025-09,32854,2.024,False
运动兴趣,baseball,baseball snacks,6,2025-03;2025-04;2025-05;2025-06;2025-09;2025-10,32905,2.259,False
运动兴趣,basketball,wilson basketball,12,2025-01;2025-02;2025-03;2025-04;2025-05;2025-06;2025-07;2025-08;2025-09;2025-10;2025-11;2025-12,32955,0.601,False
运动兴趣,football,football decorations,7,2025-01;2025-02;2025-07;2025-08;2025-09;2025-10;2025-11,33020,1.668,False
运动兴趣,baseball,black baseball pants,8,2025-02;2025-03;2025-04;2025-05;2025-06;2025-08;2025-09;2025-10,33340,1.566,False
运动兴趣,soccer,mens soccer cleats,12,2025-01;2025-02;2025-03;2025-04;2025-05;2025-06;2025-07;2025-08;2025-09;2025-10;2025-11;2025-12,33362,2.06,False
运动兴趣,basketball,little tikes basketball hoop set,12,2025-01;2025-02;2025-03;2025-04;2025-05;2025-06;2025-07;2025-08;2025-09;2025-10;2025-11;2025-12,33372,0.722,False
运动兴趣,softball,easton ghost softball bat,12,2025-01;2025-02;2025-03;2025-04;2025-05;2025-06;2025-07;2025-08;2025-09;2025-10;2025-11;2025-12,33393,1.937,False
运动兴趣,baseball,toddler baseball pants,6,2025-02;2025-03;2025-04;2025-05;2025-08;2025-09,33443,2.488,False
运动兴趣,volleyball,womens volleyball shoes,12,2025-01;2025-02;2025-03;2025-04;2025-05;2025-06;2025-07;2025-08;2025-09;2025-10;2025-11;2025-12,33489,1.274,False
运动兴趣,football,football costume,2,2025-09;2025-10,33675,,False
运动兴趣,soccer,girls soccer socks,9,2025-02;2025-03;2025-04;2025-05;2025-06;2025-07;2025-08;2025-09;2025-10,33719,0.656,False
运动兴趣,football,flag football set,12,2025-01;2025-02;2025-03;2025-04;2025-05;2025-06;2025-07;2025-08;2025-09;2025-10;2025-11;2025-12,33793,0.464,False
运动兴趣,baseball,baseball display case,12,2025-01;2025-02;2025-03;2025-04;2025-05;2025-06;2025-07;2025-08;2025-09;2025-10;2025-11;2025-12,33811,0.451,False
运动兴趣,softball,softball helmet,9,2025-01;2025-02;2025-03;2025-04;2025-05;2025-06;2025-07;2025-08;2025-09,33866,2.276,False
运动兴趣,football,football game,5,2025-01;2025-09;2025-10;2025-11;2025-12,33903,,False
运动兴趣,baseball,youth baseball bag,8,2025-01;2025-02;2025-03;2025-04;2025-05;2025-06;2025-08;2025-09,33944,2.342,False
运动兴趣,basketball,basketball valentines,2,2025-01;2025-02,33981,,False
运动兴趣,football,football stuff,12,2025-01;2025-02;2025-03;2025-04;2025-05;2025-06;2025-07;2025-08;2025-09;2025-10;2025-11;2025-12,34033,0.457,False
运动兴趣,baseball,baseball backpack,12,2025-01;2025-02;2025-03;2025-04;2025-05;2025-06;2025-07;2025-08;2025-09;2025-10;2025-11;2025-12,34211,2.682,False
运动兴趣,football,eye black football,3,2025-08;2025-09;2025-10,34268,,False
运动兴趣,football,football earrings for women,5,2025-01;2025-02;2025-08;2025-09;2025-10,34283,,True
运动兴趣,football,kids football cleats,9,2025-01;2025-02;2025-03;2025-04;2025-05;2025-06;2025-07;2025-08;2025-09,34315,0.31,False
运动兴趣,football,football bag,8,2025-03;2025-04;2025-05;2025-06;2025-07;2025-08;2025-09;2025-10,34323,0.419,False
运动兴趣,baseball,baseball lifestyle 101 apparel youth,9,2025-03;2025-04;2025-05;2025-06;2025-07;2025-08;2025-10;2025-11;2025-12,34349,1.152,False
运动兴趣,baseball,topps chrome baseball cards 2025,6,2025-07;2025-08;2025-09;2025-10;2025-11;2025-12,34404,2.777,False
运动兴趣,basketball,indoor basketball hoop for kids,5,2025-08;2025-09;2025-10;2025-11;2025-12,34567,,False
运动兴趣,football,college football 25,7,2025-01;2025-02;2025-03;2025-04;2025-05;2025-06;2025-07,34601,2.189,False
运动兴趣,soccer,boys soccer socks,9,2025-02;2025-03;2025-04;2025-05;2025-06;2025-07;2025-08;2025-09;2025-10,34610,0.734,False
运动兴趣,baseball,topps baseball cards,12,2025-01;2025-02;2025-03;2025-04;2025-05;2025-06;2025-07;2025-08;2025-09;2025-10;2025-11;2025-12,34648,0.5,False
运动兴趣,baseball,hype fire baseball bat,12,2025-01;2025-02;2025-03;2025-04;2025-05;2025-06;2025-07;2025-08;2025-09;2025-10;2025-11;2025-12,34650,0.922,False
运动兴趣,basketball,silent basketball dribbling indoor,2,2025-01;2025-02,34922,,False
运动兴趣,baseball,baseball pitching machines,12,2025-01;2025-02;2025-03;2025-04;2025-05;2025-06;2025-07;2025-08;2025-09;2025-10;2025-11;2025-12,34990,0.963,False
运动兴趣,soccer,soccer mom,12,2025-01;2025-02;2025-03;2025-04;2025-05;2025-06;2025-07;2025-08;2025-09;2025-10;2025-11;2025-12,35067,1.561,False
运动兴趣,baseball,baseball bat grip tape,10,2025-01;2025-02;2025-03;2025-04;2025-05;2025-06;2025-07;2025-08;2025-09;2025-10,35186,1.427,False
运动兴趣,football,football mouth guard youth,6,2025-02;2025-03;2025-04;2025-07;2025-08;2025-09,35227,0.363,False
运动兴趣,soccer,toddler soccer ball,12,2025-01;2025-02;2025-03;2025-04;2025-05;2025-06;2025-07;2025-08;2025-09;2025-10;2025-11;2025-12,35236,1.096,False
运动兴趣,basketball,basketball stickers,12,2025-01;2025-02;2025-03;2025-04;2025-05;2025-06;2025-07;2025-08;2025-09;2025-10;2025-11;2025-12,35395,2.826,False
运动兴趣,softball,softball cleats for women,10,2025-01;2025-02;2025-03;2025-04;2025-05;2025-06;2025-07;2025-08;2025-09;2025-10,35426,1.013,False
运动兴趣,football,chin strap football,4,2025-06;2025-07;2025-08;2025-09,35464,,False
运动兴趣,volleyball,tandem elbow pads volleyball,11,2025-01;2025-02;2025-03;2025-04;2025-06;2025-07;2025-08;2025-09;2025-10;2025-11;2025-12,35499,1.052,False
运动兴趣,baseball,topps baseball cards 2024,2,2025-01;2025-02,35519,,False
运动兴趣,football,football games,12,2025-01;2025-02;2025-03;2025-04;2025-05;2025-06;2025-07;2025-08;2025-09;2025-10;2025-11;2025-12,35546,1.005,False
运动兴趣,soccer,soccer bot,2,2025-11;2025-12,35613,,False
运动兴趣,baseball,tee popper baseball training,8,2025-02;2025-03;2025-04;2025-05;2025-06;2025-10;2025-11;2025-12,35707,0.428,False
运动兴趣,softball,softball pitching machine,12,2025-01;2025-02;2025-03;2025-04;2025-05;2025-06;2025-07;2025-08;2025-09;2025-10;2025-11;2025-12,35911,1.432,False
运动兴趣,football,nike football gloves,12,2025-01;2025-02;2025-03;2025-04;2025-05;2025-06;2025-07;2025-08;2025-09;2025-10;2025-11;2025-12,35914,0.944,False
运动兴趣,soccer,soccer nets for backyard,6,2025-07;2025-08;2025-09;2025-10;2025-11;2025-12,35925,0.68,False
运动兴趣,soccer,soccer cleats youth,9,2025-02;2025-03;2025-04;2025-05;2025-06;2025-07;2025-08;2025-09;2025-10,36317,0.67,False
运动兴趣,soccer,mexico soccer jersey,10,2025-03;2025-04;2025-05;2025-06;2025-07;2025-08;2025-09;2025-10;2025-11;2025-12,36333,1.012,False
运动兴趣,football,water football,7,2025-02;2025-03;2025-04;2025-05;2025-06;2025-07;2025-08,36370,0.492,False
运动兴趣,football,kids football gloves,12,2025-01;2025-02;2025-03;2025-04;2025-05;2025-06;2025-07;2025-08;2025-09;2025-10;2025-11;2025-12,36414,0.602,False
运动兴趣,baseball,baseball sliding mitt,12,2025-01;2025-02;2025-03;2025-04;2025-05;2025-06;2025-07;2025-08;2025-09;2025-10;2025-11;2025-12,36482,1.717,False
运动兴趣,baseball,baseball belt,10,2025-01;2025-02;2025-03;2025-04;2025-05;2025-06;2025-07;2025-08;2025-09;2025-10,36512,1.57,False
运动兴趣,soccer,hover soccer ball indoor,2,2025-11;2025-12,36553,,False
运动兴趣,football,football blanket,6,2025-07;2025-08;2025-09;2025-10;2025-11;2025-12,36603,1.718,False
运动兴趣,football,football cards 2024,4,2025-01;2025-02;2025-03;2025-04,36673,,False
运动兴趣,volleyball,volleyball knee pads youth 8-14,10,2025-01;2025-02;2025-03;2025-04;2025-05;2025-06;2025-07;2025-08;2025-09;2025-10,36715,0.422,False
运动兴趣,basketball,kids basketball,12,2025-01;2025-02;2025-03;2025-04;2025-05;2025-06;2025-07;2025-08;2025-09;2025-10;2025-11;2025-12,36737,0.58,False
运动兴趣,volleyball,nike volleyball knee pads,12,2025-01;2025-02;2025-03;2025-04;2025-05;2025-06;2025-07;2025-08;2025-09;2025-10;2025-11;2025-12,36752,1.324,False
运动兴趣,football,football ribbon,4,2025-07;2025-08;2025-09;2025-10,36762,,False
运动兴趣,football,football arm sleeve,7,2025-04;2025-05;2025-06;2025-07;2025-08;2025-09;2025-10,36845,0.304,False
运动兴趣,soccer,kids shin guards soccer age 6-8,8,2025-02;2025-03;2025-04;2025-05;2025-06;2025-07;2025-08;2025-09,36932,0.787,False
运动兴趣,baseball,hat storage for baseball caps,12,2025-01;2025-02;2025-03;2025-04;2025-05;2025-06;2025-07;2025-08;2025-09;2025-10;2025-11;2025-12,36960,1.452,False
运动兴趣,soccer,youth soccer cleats,9,2025-01;2025-02;2025-03;2025-04;2025-05;2025-06;2025-07;2025-08;2025-09,36975,0.716,False
运动兴趣,football,pink football gloves,3,2025-08;2025-09;2025-10,37205,,False
运动兴趣,football,prizm football cards 2024,4,2025-01;2025-02;2025-03;2025-04,37295,,False
运动兴趣,football,football pads,12,2025-01;2025-02;2025-03;2025-04;2025-05;2025-06;2025-07;2025-08;2025-09;2025-10;2025-11;2025-12,37309,0.528,False
运动兴趣,football,scrunch socks football,4,2025-07;2025-08;2025-09;2025-10,37340,,False
运动兴趣,football,fantasy football,8,2025-01;2025-03;2025-07;2025-08;2025-09;2025-10;2025-11;2025-12,37389,1.391,False
运动兴趣,fantasy football,fantasy football,8,2025-01;2025-03;2025-07;2025-08;2025-09;2025-10;2025-11;2025-12,37389,1.391,False
运动兴趣,football,donruss football cards 2024,4,2025-01;2025-02;2025-03;2025-04,37413,,False
运动兴趣,football,youth football socks,3,2025-07;2025-08;2025-09,37493,,False
运动兴趣,football,football practice jersey,4,2025-06;2025-07;2025-08;2025-09,37544,,False
运动兴趣,basketball,boys basketball shorts,12,2025-01;2025-02;2025-03;2025-04;2025-05;2025-06;2025-07;2025-08;2025-09;2025-10;2025-11;2025-12,37655,1.226,False
运动兴趣,volleyball,indoor volleyball,11,2025-02;2025-03;2025-04;2025-05;2025-06;2025-07;2025-08;2025-09;2025-10;2025-11;2025-12,37664,0.264,False
运动兴趣,basketball,size 5 basketball,10,2025-01;2025-02;2025-03;2025-04;2025-05;2025-06;2025-09;2025-10;2025-11;2025-12,37717,0.375,False
运动兴趣,football,football jerseys for women,5,2025-02;2025-07;2025-08;2025-09;2025-10,37727,,False
运动兴趣,softball,champro softball pants womens,10,2025-01;2025-02;2025-03;2025-04;2025-05;2025-06;2025-07;2025-08;2025-09;2025-10,37833,1.059,False
运动兴趣,basketball,basketball shorts women,12,2025-01;2025-02;2025-03;2025-04;2025-05;2025-06;2025-07;2025-08;2025-09;2025-10;2025-11;2025-12,37935,0.84,False
运动兴趣,football,panini football cards,12,2025-01;2025-02;2025-03;2025-04;2025-05;2025-06;2025-07;2025-08;2025-09;2025-10;2025-11;2025-12,37953,0.38,False
运动兴趣,basketball,basketball ornament,2,2025-11;2025-12,38136,,False
运动兴趣,baseball,rawlings baseball glove,12,2025-01;2025-02;2025-03;2025-04;2025-05;2025-06;2025-07;2025-08;2025-09;2025-10;2025-11;2025-12,38181,1.232,False
运动兴趣,softball,mizuno softball pants,10,2025-01;2025-02;2025-03;2025-04;2025-05;2025-06;2025-07;2025-08;2025-09;2025-10,38194,1.633,False
运动兴趣,football,ncaa football 26 playstation 5,5,2025-07;2025-08;2025-10;2025-11;2025-12,38215,,False
运动兴趣,softball,softball bag for girls,7,2025-01;2025-02;2025-03;2025-04;2025-05;2025-08;2025-09,38231,1.951,False
运动兴趣,basketball,kids basketball shoes,9,2025-01;2025-02;2025-03;2025-06;2025-07;2025-09;2025-10;2025-11;2025-12,38236,0.403,False
运动兴趣,soccer,world cup soccer ball,4,2025-05;2025-10;2025-11;2025-12,38259,,False
运动兴趣,basketball,womens basketball shorts,12,2025-01;2025-02;2025-03;2025-04;2025-05;2025-06;2025-07;2025-08;2025-09;2025-10;2025-11;2025-12,38271,1.069,False
运动兴趣,basketball,trampoline basketball hoop,10,2025-02;2025-03;2025-04;2025-05;2025-06;2025-07;2025-08;2025-09;2025-11;2025-12,38348,1.761,False
运动兴趣,baseball,baseball glasses,12,2025-01;2025-02;2025-03;2025-04;2025-05;2025-06;2025-07;2025-08;2025-09;2025-10;2025-11;2025-12,38349,2.128,False
运动兴趣,volleyball,beach volleyball,10,2025-02;2025-03;2025-04;2025-05;2025-06;2025-07;2025-08;2025-09;2025-10;2025-12,38506,2.464,False
运动兴趣,softball,softball gifts for girls,5,2025-06;2025-09;2025-10;2025-11;2025-12,38540,,False
运动兴趣,basketball,basketball hoop for pool,5,2025-04;2025-05;2025-06;2025-07;2025-08,38681,,False
运动兴趣,baseball,baseball advent calendar 2025,3,2025-09;2025-10;2025-11,38730,,False
运动兴趣,soccer,indoor soccer shoes kids,12,2025-01;2025-02;2025-03;2025-04;2025-05;2025-06;2025-07;2025-08;2025-09;2025-10;2025-11;2025-12,38747,0.881,False
运动兴趣,football,flag football,12,2025-01;2025-02;2025-03;2025-04;2025-05;2025-06;2025-07;2025-08;2025-09;2025-10;2025-11;2025-12,38758,0.651,False
运动兴趣,softball,womens softball pants,7,2025-02;2025-03;2025-04;2025-05;2025-06;2025-08;2025-09,38813,2.198,False
运动兴趣,baseball,youth baseball belt,7,2025-02;2025-03;2025-04;2025-05;2025-06;2025-08;2025-09,38916,2.833,False
运动兴趣,baseball,grey baseball pants youth boys,6,2025-02;2025-03;2025-04;2025-05;2025-08;2025-09,38990,2.269,False
运动兴趣,baseball,blue baseball cap,2,2025-09;2025-10,39028,,False
运动兴趣,baseball,womens hats baseball caps,9,2025-02;2025-03;2025-04;2025-05;2025-06;2025-07;2025-08;2025-09;2025-10,39091,2.154,False
运动兴趣,baseball,baseball gloves,12,2025-01;2025-02;2025-03;2025-04;2025-05;2025-06;2025-07;2025-08;2025-09;2025-10;2025-11;2025-12,39115,1.686,False
运动兴趣,volleyball,volleyball training equipment,12,2025-01;2025-02;2025-03;2025-04;2025-05;2025-06;2025-07;2025-08;2025-09;2025-10;2025-11;2025-12,39140,0.704,False
运动兴趣,baseball,boys baseball sunglasses,5,2025-03;2025-04;2025-05;2025-06;2025-07,39244,,False
运动兴趣,volleyball,arm sleeves volleyball,11,2025-01;2025-02;2025-03;2025-04;2025-05;2025-06;2025-07;2025-08;2025-09;2025-10;2025-11,39347,1.125,False
运动兴趣,softball,womens softball cleats,8,2025-02;2025-03;2025-04;2025-05;2025-06;2025-07;2025-08;2025-09,39376,1.584,False
运动兴趣,basketball,huupe mini smart basketball hoop,2,2025-11;2025-12,39652,,False
运动兴趣,baseball,baseball sunglasses youth 8-12,6,2025-02;2025-03;2025-04;2025-05;2025-06;2025-07,39671,1.761,False
运动兴趣,basketball,mens basketball shorts with pockets,7,2025-03;2025-04;2025-05;2025-06;2025-07;2025-08;2025-09,40039,0.893,False
运动兴趣,baseball,baseball advent calendar,3,2025-09;2025-10;2025-11,40161,,False
运动兴趣,baseball,mens baseball glove,9,2025-02;2025-03;2025-04;2025-05;2025-06;2025-07;2025-08;2025-09;2025-10,40374,2.935,False
运动兴趣,football,mouthpiece football,8,2025-03;2025-04;2025-05;2025-06;2025-07;2025-08;2025-09;2025-10,40513,0.434,False
运动兴趣,soccer,kids soccer ball,12,2025-01;2025-02;2025-03;2025-04;2025-05;2025-06;2025-07;2025-08;2025-09;2025-10;2025-11;2025-12,40679,0.809,False
运动兴趣,football,football trading cards,6,2025-01;2025-02;2025-03;2025-04;2025-11;2025-12,40681,0.438,False
运动兴趣,baseball,baseball stuff,12,2025-01;2025-02;2025-03;2025-04;2025-05;2025-06;2025-07;2025-08;2025-09;2025-10;2025-11;2025-12,40858,0.638,False
运动兴趣,volleyball,molten volleyball,12,2025-01;2025-02;2025-03;2025-04;2025-05;2025-06;2025-07;2025-08;2025-09;2025-10;2025-11;2025-12,41042,1.055,False
运动兴趣,baseball,baseball hat organizer,12,2025-01;2025-02;2025-03;2025-04;2025-05;2025-06;2025-07;2025-08;2025-09;2025-10;2025-11;2025-12,41208,0.254,False
运动兴趣,football,football mom essentials,3,2025-07;2025-08;2025-09,41214,,False
运动兴趣,basketball,toddler basketball hoop indoor,12,2025-01;2025-02;2025-03;2025-04;2025-05;2025-06;2025-07;2025-08;2025-09;2025-10;2025-11;2025-12,41217,0.465,False
运动兴趣,baseball,red baseball socks,8,2025-02;2025-03;2025-04;2025-05;2025-06;2025-08;2025-09;2025-10,41443,1.744,False
运动兴趣,football,football training equipment,12,2025-01;2025-02;2025-03;2025-04;2025-05;2025-06;2025-07;2025-08;2025-09;2025-10;2025-11;2025-12,41751,0.491,False
运动兴趣,baseball,baseball earrings,8,2025-02;2025-03;2025-04;2025-05;2025-06;2025-07;2025-08;2025-09,41836,2.815,True
运动兴趣,soccer,girls soccer shorts,9,2025-01;2025-02;2025-03;2025-04;2025-05;2025-06;2025-07;2025-08;2025-09,41912,0.488,False
运动兴趣,baseball,bbcor baseball bats - 3,11,2025-01;2025-02;2025-03;2025-04;2025-05;2025-06;2025-07;2025-08;2025-09;2025-10;2025-11,41969,3.126,False
运动兴趣,football,rival football gloves,12,2025-01;2025-02;2025-03;2025-04;2025-05;2025-06;2025-07;2025-08;2025-09;2025-10;2025-11;2025-12,41991,0.772,False
运动兴趣,volleyball,pool volleyball net for inground pools,4,2025-04;2025-05;2025-06;2025-07,42014,,False
运动兴趣,baseball,baseball card storage box,12,2025-01;2025-02;2025-03;2025-04;2025-05;2025-06;2025-07;2025-08;2025-09;2025-10;2025-11;2025-12,42038,1.287,False
运动兴趣,basketball,silent basketball size 6,4,2025-01;2025-02;2025-11;2025-12,42129,,False
运动兴趣,volleyball,youth volleyball knee pads,10,2025-01;2025-02;2025-03;2025-04;2025-05;2025-06;2025-07;2025-08;2025-09;2025-10,42636,0.53,False
运动兴趣,baseball,baseball helmet youth boys 8-12,8,2025-01;2025-02;2025-03;2025-04;2025-05;2025-06;2025-08;2025-09,42752,2.072,False
运动兴趣,baseball,kids baseball glove,12,2025-01;2025-02;2025-03;2025-04;2025-05;2025-06;2025-07;2025-08;2025-09;2025-10;2025-11;2025-12,42852,1.004,False
运动兴趣,volleyball,nike volleyball shoes,12,2025-01;2025-02;2025-03;2025-04;2025-05;2025-06;2025-07;2025-08;2025-09;2025-10;2025-11;2025-12,42853,1.406,False
运动兴趣,basketball,basketball hoop for door,8,2025-01;2025-02;2025-03;2025-04;2025-05;2025-10;2025-11;2025-12,42868,0.632,False
运动兴趣,soccer,kids soccer shin guards,7,2025-02;2025-03;2025-04;2025-05;2025-07;2025-08;2025-09,42875,0.573,False
运动兴趣,volleyball,knee pads volleyball,12,2025-01;2025-02;2025-03;2025-04;2025-05;2025-06;2025-07;2025-08;2025-09;2025-10;2025-11;2025-12,42976,1.158,False
运动兴趣,football,pink mouth guard football,2,2025-09;2025-10,43022,,False
运动兴趣,softball,softball pants for girls youth,6,2025-02;2025-03;2025-04;2025-05;2025-08;2025-09,43221,2.613,False
运动兴趣,soccer,silent soccer ball,2,2025-11;2025-12,43231,,False
运动兴趣,football,back plate football,4,2025-06;2025-07;2025-08;2025-09,43239,,False
运动兴趣,football,kids mouth guard for football,4,2025-07;2025-08;2025-09;2025-10,43351,,False
运动兴趣,football,football sweatshirts for women,6,2025-01;2025-02;2025-07;2025-08;2025-09;2025-10,43397,0.353,False
运动兴趣,basketball,basketball gear,7,2025-01;2025-02;2025-03;2025-09;2025-10;2025-11;2025-12,43535,0.322,False
运动兴趣,soccer,womens soccer cleats,10,2025-01;2025-02;2025-03;2025-04;2025-05;2025-06;2025-07;2025-08;2025-09;2025-10,43687,0.845,False
运动兴趣,basketball,airless basketball,12,2025-01;2025-02;2025-03;2025-04;2025-05;2025-06;2025-07;2025-08;2025-09;2025-10;2025-11;2025-12,43694,1.036,False
运动兴趣,football,football gifts for boys 8-12,4,2025-01;2025-10;2025-11;2025-12,43978,,False
运动兴趣,soccer,soccer advent calendar 2025,3,2025-09;2025-10;2025-11,43987,,False
运动兴趣,soccer,soccer snack bags for team,5,2025-03;2025-04;2025-05;2025-08;2025-09,44155,,False
运动兴趣,baseball,baseball gear,12,2025-01;2025-02;2025-03;2025-04;2025-05;2025-06;2025-07;2025-08;2025-09;2025-10;2025-11;2025-12,44455,0.504,False
运动兴趣,basketball,basketball rim,12,2025-01;2025-02;2025-03;2025-04;2025-05;2025-06;2025-07;2025-08;2025-09;2025-10;2025-11;2025-12,44527,1.273,False
运动兴趣,baseball,baseball glove oil,10,2025-01;2025-02;2025-03;2025-04;2025-05;2025-06;2025-07;2025-08;2025-09;2025-10,44759,1.501,False
运动兴趣,volleyball,mizuno knee pads volleyball,12,2025-01;2025-02;2025-03;2025-04;2025-05;2025-06;2025-07;2025-08;2025-09;2025-10;2025-11;2025-12,44821,0.863,False
运动兴趣,baseball,baseball nets for batting,12,2025-01;2025-02;2025-03;2025-04;2025-05;2025-06;2025-07;2025-08;2025-09;2025-10;2025-11;2025-12,44851,1.527,False
运动兴趣,football,football mouthpiece,6,2025-05;2025-06;2025-07;2025-08;2025-09;2025-10,44940,0.796,False
运动兴趣,basketball,basketball goals outdoor,11,2025-02;2025-03;2025-04;2025-05;2025-06;2025-07;2025-08;2025-09;2025-10;2025-11;2025-12,44966,0.372,False
运动兴趣,soccer,soccer mom essentials,8,2025-03;2025-04;2025-05;2025-06;2025-07;2025-08;2025-09;2025-10,44975,0.429,False
运动兴趣,soccer,pink soccer socks,3,2025-08;2025-09;2025-10,44994,,False
运动兴趣,soccer,soccer cleats kids,9,2025-01;2025-02;2025-03;2025-04;2025-05;2025-06;2025-07;2025-08;2025-09,45214,0.726,False
运动兴趣,baseball,baseball bags for boys 8-12,9,2025-01;2025-02;2025-03;2025-04;2025-05;2025-06;2025-07;2025-08;2025-09,45368,2.188,False
运动兴趣,soccer,soccer shoes for boys,12,2025-01;2025-02;2025-03;2025-04;2025-05;2025-06;2025-07;2025-08;2025-09;2025-10;2025-11;2025-12,45368,1.564,False
运动兴趣,baseball,baseball bags for snacks,4,2025-03;2025-04;2025-05;2025-09,45383,,False
运动兴趣,soccer,soccer valentines day cards,2,2025-01;2025-02,45477,,False
运动兴趣,football,fantasy football belt,4,2025-01;2025-07;2025-08;2025-12,45584,,False
运动兴趣,fantasy football,fantasy football belt,4,2025-01;2025-07;2025-08;2025-12,45584,,False
运动兴趣,football,mouth pieces football,7,2025-03;2025-04;2025-05;2025-06;2025-07;2025-08;2025-09,45617,0.475,False
运动兴趣,basketball,taken at a basketball game,3,2025-03;2025-04;2025-05,45745,,False
运动兴趣,basketball,basketball party decorations,11,2025-01;2025-02;2025-03;2025-04;2025-05;2025-06;2025-07;2025-08;2025-09;2025-10;2025-11,45819,2.987,False
运动兴趣,football,football toys,4,2025-09;2025-10;2025-11;2025-12,45827,,False
运动兴趣,basketball,ja 3 basketball shoes,4,2025-09;2025-10;2025-11;2025-12,45933,,False
运动兴趣,baseball,toddler baseball glove,11,2025-02;2025-03;2025-04;2025-05;2025-06;2025-07;2025-08;2025-09;2025-10;2025-11;2025-12,45987,2.475,False
运动兴趣,baseball,baseball turf shoes for men,10,2025-01;2025-02;2025-03;2025-04;2025-05;2025-06;2025-07;2025-08;2025-09;2025-10,46232,2.541,False
运动兴趣,soccer,soccer shin guards kids 8-10,8,2025-02;2025-03;2025-04;2025-05;2025-06;2025-07;2025-08;2025-09,46244,1.359,False
运动兴趣,softball,softball batting gloves,12,2025-01;2025-02;2025-03;2025-04;2025-05;2025-06;2025-07;2025-08;2025-09;2025-10;2025-11;2025-12,46276,2.467,False
运动兴趣,basketball,basketball balloons,11,2025-01;2025-02;2025-03;2025-04;2025-05;2025-06;2025-07;2025-08;2025-09;2025-10;2025-11,46315,3.23,False
运动兴趣,soccer,soccer training,12,2025-01;2025-02;2025-03;2025-04;2025-05;2025-06;2025-07;2025-08;2025-09;2025-10;2025-11;2025-12,46394,0.367,False
运动兴趣,softball,tck softball socks,10,2025-01;2025-02;2025-03;2025-04;2025-05;2025-06;2025-07;2025-08;2025-09;2025-10,46447,0.798,False
运动兴趣,softball,black softball pants,6,2025-02;2025-03;2025-04;2025-05;2025-08;2025-09,46513,1.178,False
运动兴趣,football,blank football jersey,4,2025-07;2025-08;2025-09;2025-10,46613,,False
运动兴趣,soccer,soccer ornament,2,2025-11;2025-12,46682,,False
运动兴趣,volleyball,mikasa volleyball,12,2025-01;2025-02;2025-03;2025-04;2025-05;2025-06;2025-07;2025-08;2025-09;2025-10;2025-11;2025-12,46741,1.018,False
运动兴趣,baseball,baseball case,12,2025-01;2025-02;2025-03;2025-04;2025-05;2025-06;2025-07;2025-08;2025-09;2025-10;2025-11;2025-12,46749,1.033,False
运动兴趣,baseball,womens baseball hat,9,2025-01;2025-02;2025-03;2025-04;2025-05;2025-06;2025-07;2025-08;2025-09,46784,0.803,False
运动兴趣,baseball,baby baseball cap,10,2025-01;2025-02;2025-03;2025-04;2025-05;2025-06;2025-07;2025-08;2025-09;2025-10,46922,1.425,False
运动兴趣,football,college football,6,2025-01;2025-08;2025-09;2025-10;2025-11;2025-12,47086,1.101,False
运动兴趣,volleyball,mizuno volleyball shoes,12,2025-01;2025-02;2025-03;2025-04;2025-05;2025-06;2025-07;2025-08;2025-09;2025-10;2025-11;2025-12,47198,1.221,False
运动兴趣,baseball,custom baseball jersey,11,2025-01;2025-02;2025-03;2025-04;2025-05;2025-06;2025-07;2025-08;2025-09;2025-10;2025-11,47306,1.481,False
运动兴趣,baseball,usa baseball bat,8,2025-01;2025-02;2025-03;2025-04;2025-05;2025-06;2025-07;2025-08,47327,1.624,False
运动兴趣,football,football bags for equipment,3,2025-07;2025-08;2025-09,47628,,False
运动兴趣,softball,softball gifts for team,3,2025-05;2025-06;2025-07,47785,,False
运动兴趣,football,custom football jersey,11,2025-01;2025-02;2025-03;2025-04;2025-05;2025-06;2025-07;2025-08;2025-09;2025-10;2025-11,47943,0.44,False
运动兴趣,soccer,mini shin guards soccer,12,2025-01;2025-02;2025-03;2025-04;2025-05;2025-06;2025-07;2025-08;2025-09;2025-10;2025-11;2025-12,47954,0.962,False
运动兴趣,football,padded football shirt,3,2025-07;2025-08;2025-09,47963,,False
运动兴趣,baseball,baseball hat storage organizer,6,2025-01;2025-02;2025-03;2025-04;2025-05;2025-06,48040,1.393,False
运动兴趣,soccer,nwsl soccer,3,2025-03;2025-04;2025-05,48051,,False
运动兴趣,volleyball,soft volleyball,10,2025-03;2025-04;2025-05;2025-06;2025-07;2025-08;2025-09;2025-10;2025-11;2025-12,48061,0.398,False
运动兴趣,basketball,basketball hoop for kids 1-3,12,2025-01;2025-02;2025-03;2025-04;2025-05;2025-06;2025-07;2025-08;2025-09;2025-10;2025-11;2025-12,48152,0.536,False
运动兴趣,football,the last leg football drinking game,6,2025-01;2025-08;2025-09;2025-10;2025-11;2025-12,48186,1.252,False
运动兴趣,baseball,baseball gum,8,2025-02;2025-03;2025-04;2025-05;2025-06;2025-07;2025-09;2025-10,48239,2.156,False
运动兴趣,baseball,bowman baseball cards 2025,4,2025-05;2025-06;2025-07;2025-08,48380,,False
运动兴趣,soccer,adidas soccer socks,12,2025-01;2025-02;2025-03;2025-04;2025-05;2025-06;2025-07;2025-08;2025-09;2025-10;2025-11;2025-12,48611,1.597,False
运动兴趣,soccer,soccer socks youth boys 8-12,7,2025-01;2025-02;2025-03;2025-04;2025-05;2025-06;2025-07,48737,1.079,False
运动兴趣,football,football player costume,2,2025-09;2025-10,48810,,False
运动兴趣,softball,girls softball bag,5,2025-02;2025-03;2025-04;2025-05;2025-08,48813,,False
运动兴趣,football,football visors for helmet,4,2025-06;2025-07;2025-08;2025-09,48910,,False
运动兴趣,baseball,new balance baseball cleats,10,2025-01;2025-02;2025-03;2025-04;2025-05;2025-06;2025-07;2025-08;2025-09;2025-10,49024,1.773,False
运动兴趣,baseball,baseball balls,9,2025-01;2025-02;2025-03;2025-04;2025-05;2025-06;2025-07;2025-08;2025-09,49036,2.352,False
运动兴趣,baseball,kids baseball pants,6,2025-02;2025-03;2025-04;2025-05;2025-08;2025-09,49199,2.287,False
运动兴趣,baseball,2025 topps baseball cards,7,2025-02;2025-03;2025-04;2025-05;2025-06;2025-11;2025-12,49297,1.939,False
运动兴趣,baseball,black baseball socks,7,2025-02;2025-03;2025-04;2025-05;2025-06;2025-08;2025-09,49466,1.501,False
运动兴趣,basketball,pop a shot basketball game,11,2025-01;2025-02;2025-03;2025-04;2025-05;2025-06;2025-07;2025-08;2025-10;2025-11;2025-12,49467,0.451,False
运动兴趣,basketball,arcade basketball game indoor,3,2025-10;2025-11;2025-12,49477,,False
运动兴趣,baseball,baseball easter basket,2,2025-03;2025-04,49540,,False
运动兴趣,basketball,nerf basketball,6,2025-01;2025-02;2025-03;2025-04;2025-11;2025-12,49600,0.643,False
运动兴趣,football,nike vapor edge pro 360 2 football cleats,8,2025-01;2025-02;2025-03;2025-04;2025-05;2025-06;2025-07;2025-08,49614,0.4,False
运动兴趣,baseball,adult baseball glove,8,2025-02;2025-03;2025-04;2025-05;2025-06;2025-07;2025-08;2025-09,49642,2.633,False
运动兴趣,football,football cups,5,2025-01;2025-02;2025-08;2025-09;2025-10,49677,,False
运动兴趣,basketball,evolution basketball,12,2025-01;2025-02;2025-03;2025-04;2025-05;2025-06;2025-07;2025-08;2025-09;2025-10;2025-11;2025-12,49693,0.783,False
运动兴趣,soccer,soccer stuff,12,2025-01;2025-02;2025-03;2025-04;2025-05;2025-06;2025-07;2025-08;2025-09;2025-10;2025-11;2025-12,49785,0.55,False
运动兴趣,football,football goodie bags,3,2025-08;2025-09;2025-10,49794,,False
运动兴趣,basketball,girls basketball,8,2025-01;2025-02;2025-03;2025-04;2025-09;2025-10;2025-11;2025-12,49819,0.437,False
运动兴趣,baseball,baseball caps,12,2025-01;2025-02;2025-03;2025-04;2025-05;2025-06;2025-07;2025-08;2025-09;2025-10;2025-11;2025-12,49824,1.355,False
运动兴趣,football,arm bands football,3,2025-07;2025-08;2025-09,49919,,False
运动兴趣,football,football cupcake toppers,6,2025-01;2025-02;2025-08;2025-09;2025-10;2025-11,49936,1.309,False
运动兴趣,baseball,baseball hats for men,10,2025-01;2025-02;2025-03;2025-04;2025-05;2025-06;2025-07;2025-08;2025-09;2025-12,50051,0.999,False
运动兴趣,baseball,baseball backpack for school,2,2025-07;2025-08,50195,,False
运动兴趣,football,football valentines,2,2025-01;2025-02,50229,,False
运动兴趣,football,vettex mouth guard football,4,2025-07;2025-08;2025-09;2025-10,50244,,False
运动兴趣,football,football ornaments,2,2025-11;2025-12,50306,,False
运动兴趣,volleyball,girls volleyball shoes,8,2025-01;2025-02;2025-03;2025-06;2025-07;2025-08;2025-09;2025-10,50374,0.568,False
运动兴趣,softball,softball tee,12,2025-01;2025-02;2025-03;2025-04;2025-05;2025-06;2025-07;2025-08;2025-09;2025-10;2025-11;2025-12,50400,1.454,False
运动兴趣,baseball,baseball balloons,10,2025-01;2025-02;2025-03;2025-04;2025-05;2025-06;2025-07;2025-08;2025-09;2025-10,50496,0.848,False
运动兴趣,football,prime thursday night football,1,2025-10,50566,,False
运动兴趣,baseball,baseball bucket,11,2025-01;2025-02;2025-03;2025-04;2025-05;2025-06;2025-07;2025-08;2025-09;2025-10;2025-11,50701,1.747,False
运动兴趣,baseball,baseball gloves youth 8-12,12,2025-01;2025-02;2025-03;2025-04;2025-05;2025-06;2025-07;2025-08;2025-09;2025-10;2025-11;2025-12,50805,1.076,False
运动兴趣,football,football birthday party decorations,12,2025-01;2025-02;2025-03;2025-04;2025-05;2025-06;2025-07;2025-08;2025-09;2025-10;2025-11;2025-12,50897,1.459,False
运动兴趣,soccer,youth soccer shin guards,6,2025-02;2025-03;2025-04;2025-07;2025-08;2025-09,50898,0.529,False
运动兴趣,softball,youth softball pants,6,2025-02;2025-03;2025-04;2025-05;2025-08;2025-09,50993,2.072,False
运动兴趣,volleyball,volleyball rebounder net,10,2025-03;2025-04;2025-05;2025-06;2025-07;2025-08;2025-09;2025-10;2025-11;2025-12,51040,0.429,False
运动兴趣,soccer,trionda world cup 2026 soccer ball,3,2025-10;2025-11;2025-12,51121,,False
运动兴趣,basketball,youth basketball,12,2025-01;2025-02;2025-03;2025-04;2025-05;2025-06;2025-07;2025-08;2025-09;2025-10;2025-11;2025-12,51257,0.66,False
运动兴趣,football,football shoulder pads,10,2025-02;2025-03;2025-04;2025-05;2025-06;2025-07;2025-08;2025-09;2025-10;2025-11,51307,0.409,False
运动兴趣,baseball,baseball lifestyle,9,2025-04;2025-05;2025-06;2025-07;2025-08;2025-09;2025-10;2025-11;2025-12,51382,0.457,False
运动兴趣,baseball,hat racks for baseball caps wall,12,2025-01;2025-02;2025-03;2025-04;2025-05;2025-06;2025-07;2025-08;2025-09;2025-10;2025-11;2025-12,51405,1.658,False
运动兴趣,baseball,fungo bat baseball,9,2025-01;2025-02;2025-03;2025-04;2025-05;2025-06;2025-07;2025-08;2025-09,51504,1.474,False
运动兴趣,soccer,soccer jerseys for men,12,2025-01;2025-02;2025-03;2025-04;2025-05;2025-06;2025-07;2025-08;2025-09;2025-10;2025-11;2025-12,51548,0.993,False
运动兴趣,basketball,basketball card binder,9,2025-02;2025-03;2025-04;2025-05;2025-06;2025-07;2025-08;2025-11;2025-12,51730,0.622,False
运动兴趣,football,football hand warmer,3,2025-10;2025-11;2025-12,51858,,False
运动兴趣,baseball,gray baseball pants youth boys,6,2025-02;2025-03;2025-04;2025-05;2025-08;2025-09,51880,2.148,False
运动兴趣,football,football socks youth boys,3,2025-07;2025-08;2025-09,51927,,False
运动兴趣,soccer,soccer bags for boys,11,2025-01;2025-02;2025-03;2025-04;2025-05;2025-06;2025-07;2025-08;2025-09;2025-11;2025-12,51939,1.223,False
运动兴趣,soccer,nike soccer socks,12,2025-01;2025-02;2025-03;2025-04;2025-05;2025-06;2025-07;2025-08;2025-09;2025-10;2025-11;2025-12,51954,1.738,False
运动兴趣,football,madden football,2,2025-01;2025-02,52174,,False
运动兴趣,football,monday night football,5,2025-01;2025-09;2025-10;2025-11;2025-12,52228,,False
运动兴趣,softball,white softball socks,9,2025-02;2025-03;2025-04;2025-05;2025-06;2025-07;2025-08;2025-09;2025-10,52251,1.242,False
运动兴趣,basketball,27.5 basketball,4,2025-01;2025-10;2025-11;2025-12,52292,,False
运动兴趣,baseball,baseball gifts for boys,2,2025-11;2025-12,52293,,False
运动兴趣,volleyball,volleyball shorts womens,11,2025-01;2025-02;2025-03;2025-04;2025-05;2025-06;2025-07;2025-08;2025-09;2025-10;2025-11,52319,0.754,False
运动兴趣,baseball,baseball shirt,12,2025-01;2025-02;2025-03;2025-04;2025-05;2025-06;2025-07;2025-08;2025-09;2025-10;2025-11;2025-12,52330,1.721,False
运动兴趣,soccer,adidas soccer cleats,12,2025-01;2025-02;2025-03;2025-04;2025-05;2025-06;2025-07;2025-08;2025-09;2025-10;2025-11;2025-12,52373,1.447,False
运动兴趣,volleyball,volleyball backpack,12,2025-01;2025-02;2025-03;2025-04;2025-05;2025-06;2025-07;2025-08;2025-09;2025-10;2025-11;2025-12,52478,0.983,False
运动兴趣,football,football gloves men,12,2025-01;2025-02;2025-03;2025-04;2025-05;2025-06;2025-07;2025-08;2025-09;2025-10;2025-11;2025-12,52520,0.55,False
运动兴趣,baseball,baseball tank tops for women,4,2025-04;2025-05;2025-06;2025-07,52548,,False
运动兴趣,basketball,mini hoops basketball,10,2025-01;2025-02;2025-03;2025-04;2025-05;2025-06;2025-07;2025-08;2025-11;2025-12,52608,1.413,True
运动兴趣,football,football purse,3,2025-08;2025-09;2025-10,52738,,False
运动兴趣,football,panini prizm football cards 2024,4,2025-01;2025-02;2025-03;2025-04,52749,,False
运动兴趣,football,football helmet visor,3,2025-07;2025-08;2025-09,52759,,False
运动兴趣,soccer,soccer cards 2025-2026,3,2025-10;2025-11;2025-12,53035,,False
运动兴趣,baseball,baseball gift bags,6,2025-03;2025-04;2025-05;2025-06;2025-07;2025-09,53065,2.394,False
运动兴趣,baseball,baseball bags,11,2025-01;2025-02;2025-03;2025-04;2025-05;2025-06;2025-07;2025-08;2025-09;2025-10;2025-11,53102,1.879,False
运动兴趣,soccer,glow in the dark soccer ball,4,2025-04;2025-10;2025-11;2025-12,53224,,False
运动兴趣,soccer,soccer ball pump,12,2025-01;2025-02;2025-03;2025-04;2025-05;2025-06;2025-07;2025-08;2025-09;2025-10;2025-11;2025-12,53254,0.869,False
运动兴趣,volleyball,volleyball stuff,12,2025-01;2025-02;2025-03;2025-04;2025-05;2025-06;2025-07;2025-08;2025-09;2025-10;2025-11;2025-12,53261,0.838,False
运动兴趣,basketball,smart basketball,2,2025-11;2025-12,53281,,False
运动兴趣,soccer,soccer shoes men,11,2025-01;2025-02;2025-03;2025-04;2025-05;2025-06;2025-07;2025-08;2025-09;2025-10;2025-11,53329,0.947,False
运动兴趣,baseball,easton baseball bag,8,2025-02;2025-03;2025-04;2025-05;2025-06;2025-07;2025-08;2025-09,53331,2.692,False
运动兴趣,soccer,light up soccer ball,3,2025-10;2025-11;2025-12,53515,,False
运动兴趣,basketball,basketball coach gifts,4,2025-01;2025-02;2025-03;2025-12,53615,,False
运动兴趣,soccer,messi soccer ball,8,2025-03;2025-04;2025-05;2025-06;2025-09;2025-10;2025-11;2025-12,53703,0.589,False
运动兴趣,softball,eye black softball,4,2025-03;2025-04;2025-05;2025-06,53803,,False
运动兴趣,soccer,soccer birthday party decorations,12,2025-01;2025-02;2025-03;2025-04;2025-05;2025-06;2025-07;2025-08;2025-09;2025-10;2025-11;2025-12,53812,1.507,False
运动兴趣,basketball,love and basketball movie,9,2025-01;2025-02;2025-03;2025-04;2025-05;2025-06;2025-07;2025-08;2025-09,53878,2.115,False
运动兴趣,baseball,easton dub baseball bat,1,2025-05,53885,,False
运动兴趣,basketball,men's basketball shorts,11,2025-02;2025-03;2025-04;2025-05;2025-06;2025-07;2025-08;2025-09;2025-10;2025-11;2025-12,53924,1.415,False
运动兴趣,football,2025 football cards,5,2025-08;2025-09;2025-10;2025-11;2025-12,53992,,False
运动兴趣,basketball,ceiling basketball hoop,2,2025-11;2025-12,54031,,False
运动兴趣,football,football pants youth boys,4,2025-07;2025-08;2025-09;2025-10,54108,,False
运动兴趣,baseball,tck baseball socks,9,2025-01;2025-02;2025-03;2025-04;2025-05;2025-06;2025-07;2025-08;2025-09,54243,2.109,False
运动兴趣,soccer,soccer socks girls,5,2025-02;2025-03;2025-04;2025-08;2025-09,54266,,False
运动兴趣,basketball,uconn womens basketball apparel,2,2025-03;2025-04,54340,,False
运动兴趣,baseball,baseball bat grip,12,2025-01;2025-02;2025-03;2025-04;2025-05;2025-06;2025-07;2025-08;2025-09;2025-10;2025-11;2025-12,54550,1.071,False
运动兴趣,volleyball,volleyball sleeves,12,2025-01;2025-02;2025-03;2025-04;2025-05;2025-06;2025-07;2025-08;2025-09;2025-10;2025-11;2025-12,54551,1.172,False
运动兴趣,basketball,basketball arcade game,3,2025-10;2025-11;2025-12,54592,,False
运动兴趣,football,football compression shirt,3,2025-07;2025-08;2025-09,54671,,False
运动兴趣,volleyball,volleyball ornament,2,2025-11;2025-12,54689,,False
运动兴趣,soccer,soccer socks men,12,2025-01;2025-02;2025-03;2025-04;2025-05;2025-06;2025-07;2025-08;2025-09;2025-10;2025-11;2025-12,54766,1.0,False
运动兴趣,football,football movies,11,2025-01;2025-02;2025-03;2025-04;2025-05;2025-06;2025-07;2025-08;2025-09;2025-10;2025-11,54787,1.555,False
运动兴趣,soccer,soccer cleats women,10,2025-01;2025-02;2025-03;2025-04;2025-05;2025-06;2025-07;2025-08;2025-09;2025-10,54857,1.002,False
运动兴趣,baseball,louisville slugger baseball bat,12,2025-01;2025-02;2025-03;2025-04;2025-05;2025-06;2025-07;2025-08;2025-09;2025-10;2025-11;2025-12,55009,1.555,False
运动兴趣,football,football party supplies,5,2025-01;2025-02;2025-08;2025-09;2025-10,55178,,False
运动兴趣,soccer,kids soccer goal,11,2025-02;2025-03;2025-04;2025-05;2025-06;2025-07;2025-08;2025-09;2025-10;2025-11;2025-12,55219,1.177,False
运动兴趣,soccer,soccer shorts girls,5,2025-02;2025-03;2025-04;2025-08;2025-09,55367,,False
运动兴趣,volleyball,volleyball knee pads women,11,2025-01;2025-02;2025-03;2025-04;2025-05;2025-06;2025-07;2025-08;2025-09;2025-10;2025-11,55446,0.954,False
运动兴趣,softball,softball sunglasses,6,2025-03;2025-04;2025-05;2025-06;2025-07;2025-09,55492,2.482,False
运动兴趣,soccer,black soccer socks,6,2025-02;2025-03;2025-04;2025-08;2025-09;2025-10,55507,0.511,False
运动兴趣,football,football valentines cards for kids,1,2025-02,55554,,False
运动兴趣,soccer,soccer training mat,2,2025-11;2025-12,55570,,False
运动兴趣,basketball,lebron basketball shoes,7,2025-01;2025-02;2025-03;2025-04;2025-10;2025-11;2025-12,55613,2.133,False
运动兴趣,soccer,shaolin soccer,8,2025-01;2025-02;2025-03;2025-04;2025-05;2025-06;2025-07;2025-08,55684,1.152,False
运动兴趣,baseball,baseball cupcake toppers,8,2025-03;2025-04;2025-05;2025-06;2025-07;2025-08;2025-09;2025-10,55783,1.839,False
运动兴趣,baseball,baseball valentines day cards,2,2025-01;2025-02,55980,,False
运动兴趣,football,wilson football,12,2025-01;2025-02;2025-03;2025-04;2025-05;2025-06;2025-07;2025-08;2025-09;2025-10;2025-11;2025-12,56035,0.393,False
运动兴趣,soccer,soccer shin guards kids 6-8,6,2025-02;2025-03;2025-04;2025-07;2025-08;2025-09,56078,0.942,False
运动兴趣,baseball,hat cleaner for baseball caps,12,2025-01;2025-02;2025-03;2025-04;2025-05;2025-06;2025-07;2025-08;2025-09;2025-10;2025-11;2025-12,56164,1.061,False
运动兴趣,football,football display case,12,2025-01;2025-02;2025-03;2025-04;2025-05;2025-06;2025-07;2025-08;2025-09;2025-10;2025-11;2025-12,56205,0.926,False
运动兴趣,softball,youth softball face mask,4,2025-02;2025-03;2025-04;2025-08,56536,,False
运动兴趣,baseball,under armour baseball pants youth,7,2025-02;2025-03;2025-04;2025-05;2025-06;2025-08;2025-09,56710,2.101,False
运动兴趣,baseball,baseball ornament,2,2025-11;2025-12,56802,,False
运动兴趣,soccer,toddler shin guards 3 year old soccer,5,2025-02;2025-03;2025-04;2025-08;2025-09,56952,,False
运动兴趣,baseball,boys baseball socks,5,2025-02;2025-03;2025-04;2025-05;2025-09,57014,,False
运动兴趣,baseball,baseball birthday decorations,11,2025-01;2025-02;2025-03;2025-04;2025-05;2025-06;2025-07;2025-08;2025-09;2025-10;2025-11,57090,1.338,False
运动兴趣,football,football party,5,2025-01;2025-02;2025-08;2025-09;2025-10,57239,,False
运动兴趣,soccer,soccer party decorations,11,2025-01;2025-02;2025-03;2025-04;2025-05;2025-06;2025-07;2025-08;2025-09;2025-10;2025-11,57262,0.807,False
运动兴趣,softball,softball face mask,9,2025-01;2025-02;2025-03;2025-04;2025-05;2025-06;2025-07;2025-08;2025-09,57283,1.571,False
运动兴趣,softball,girls softball glove,6,2025-02;2025-03;2025-04;2025-05;2025-06;2025-08,57338,2.543,False
运动兴趣,football,football water bottle,3,2025-07;2025-08;2025-09,57346,,False
运动兴趣,volleyball,volleyball ribbon,6,2025-01;2025-02;2025-03;2025-08;2025-09;2025-10,57506,0.92,False
运动兴趣,soccer,mini soccer ball,12,2025-01;2025-02;2025-03;2025-04;2025-05;2025-06;2025-07;2025-08;2025-09;2025-10;2025-11;2025-12,57533,0.835,False
运动兴趣,basketball,kobe basketball shoes,6,2025-01;2025-02;2025-09;2025-10;2025-11;2025-12,57549,0.472,False
运动兴趣,baseball,baseball belts youth boys,5,2025-02;2025-03;2025-04;2025-05;2025-09,57558,,False
运动兴趣,football,youth football pants with pads,3,2025-07;2025-08;2025-09,57575,,False
运动兴趣,soccer,soccer bags for snacks,5,2025-03;2025-04;2025-05;2025-09;2025-10,57628,,False
运动兴趣,soccer,size 4 soccer ball boys,7,2025-02;2025-03;2025-04;2025-05;2025-07;2025-08;2025-09,57667,0.889,False
运动兴趣,basketball,basketball rebounder,12,2025-01;2025-02;2025-03;2025-04;2025-05;2025-06;2025-07;2025-08;2025-09;2025-10;2025-11;2025-12,57737,0.58,False
运动兴趣,baseball,black baseball belt,7,2025-02;2025-03;2025-04;2025-05;2025-06;2025-08;2025-09,57749,1.509,False
运动兴趣,football,football plates and napkins,4,2025-01;2025-02;2025-08;2025-09,57855,,False
运动兴趣,volleyball,girls volleyball shorts,9,2025-01;2025-02;2025-03;2025-04;2025-06;2025-07;2025-08;2025-09;2025-10,57945,0.434,False
运动兴趣,soccer,porterias de futbol soccer,11,2025-02;2025-03;2025-04;2025-05;2025-06;2025-07;2025-08;2025-09;2025-10;2025-11;2025-12,57970,1.784,False
运动兴趣,soccer,soccer backpack for boys,7,2025-03;2025-04;2025-06;2025-07;2025-08;2025-09;2025-12,57979,0.804,False
运动兴趣,soccer,size 3 soccer ball boys,6,2025-02;2025-03;2025-04;2025-07;2025-08;2025-09,58209,0.795,False
运动兴趣,football,panini football cards 2024,4,2025-01;2025-02;2025-03;2025-04,58303,,False
运动兴趣,baseball,sklz baseball trainer,5,2025-03;2025-04;2025-05;2025-06;2025-12,58559,,False
运动兴趣,basketball,topps basketball cards,3,2025-10;2025-11;2025-12,58870,,False
运动兴趣,soccer,soccer shorts,12,2025-01;2025-02;2025-03;2025-04;2025-05;2025-06;2025-07;2025-08;2025-09;2025-10;2025-11;2025-12,58997,1.987,False
运动兴趣,baseball,baseball coach gifts,3,2025-04;2025-05;2025-06,59025,,False
运动兴趣,basketball,size 6 basketball,6,2025-01;2025-02;2025-03;2025-10;2025-11;2025-12,59028,0.409,False
运动兴趣,soccer,dog soccer ball,12,2025-01;2025-02;2025-03;2025-04;2025-05;2025-06;2025-07;2025-08;2025-09;2025-10;2025-11;2025-12,59070,0.605,False
运动兴趣,soccer,soccer trading cards,8,2025-01;2025-02;2025-03;2025-04;2025-05;2025-09;2025-11;2025-12,59086,0.624,False
运动兴趣,volleyball,volleyball stickers,9,2025-01;2025-02;2025-03;2025-04;2025-05;2025-08;2025-09;2025-10;2025-11,59139,0.555,False
运动兴趣,football,football shirt,4,2025-02;2025-08;2025-09;2025-10,59158,,False
运动兴趣,football,football wristbands,4,2025-07;2025-08;2025-09;2025-10,59324,,False
运动兴趣,football,football iron on patches,3,2025-08;2025-09;2025-10,59487,,False
运动兴趣,football,football snack bags,3,2025-08;2025-09;2025-10,59616,,False
运动兴趣,baseball,baseball jersey men,10,2025-01;2025-02;2025-03;2025-04;2025-05;2025-06;2025-07;2025-08;2025-09;2025-10,59754,0.893,False
运动兴趣,soccer,kids shin guards soccer age 4-6,5,2025-02;2025-03;2025-04;2025-08;2025-09,59794,,False
运动兴趣,soccer,soccer treat bags,3,2025-04;2025-09;2025-10,59796,,False
运动兴趣,baseball,light up baseball,3,2025-04;2025-11;2025-12,59868,,False
运动兴趣,basketball,outdoor basketball hoop,12,2025-01;2025-02;2025-03;2025-04;2025-05;2025-06;2025-07;2025-08;2025-09;2025-10;2025-11;2025-12,60026,0.618,False
运动兴趣,softball,softball goodie bags,5,2025-03;2025-04;2025-05;2025-09;2025-10,60311,,False
运动兴趣,soccer,soccer gifts for girls,4,2025-09;2025-10;2025-11;2025-12,60592,,False
运动兴趣,football,zombie football player costume,1,2025-10,60604,,False
运动兴趣,soccer,kids goalie gloves soccer,6,2025-03;2025-04;2025-05;2025-08;2025-09;2025-10,60612,0.968,False
运动兴趣,football,football girdle youth,2,2025-07;2025-08,60785,,False
运动兴趣,baseball,baseball caps for men,12,2025-01;2025-02;2025-03;2025-04;2025-05;2025-06;2025-07;2025-08;2025-09;2025-10;2025-11;2025-12,60875,0.616,False
运动兴趣,softball,mens softball glove,8,2025-02;2025-03;2025-04;2025-05;2025-06;2025-07;2025-08;2025-09,60933,1.712,False
运动兴趣,basketball,basketball shoes for women,11,2025-01;2025-02;2025-03;2025-05;2025-06;2025-07;2025-08;2025-09;2025-10;2025-11;2025-12,60988,0.475,False
运动兴趣,baseball,new balance turf shoes baseball,10,2025-01;2025-02;2025-03;2025-04;2025-05;2025-06;2025-07;2025-08;2025-09;2025-10,61047,1.879,False
运动兴趣,football,fantasy football draft board,1,2025-08,61147,,False
运动兴趣,fantasy football,fantasy football draft board,1,2025-08,61147,,False
运动兴趣,soccer,soccer blanket,6,2025-03;2025-04;2025-09;2025-10;2025-11;2025-12,61176,0.476,False
运动兴趣,basketball,basketball gifts for girls,4,2025-01;2025-02;2025-11;2025-12,61219,,False
运动兴趣,baseball,baseball snacks for kids team,3,2025-03;2025-04;2025-05,61357,,False
运动兴趣,baseball,baseball earrings for women,7,2025-02;2025-03;2025-04;2025-05;2025-06;2025-07;2025-09,61422,2.254,True
运动兴趣,volleyball,rebounder volleyball,8,2025-04;2025-05;2025-06;2025-07;2025-09;2025-10;2025-11;2025-12,61444,1.447,False
运动兴趣,soccer,toddler soccer shorts,5,2025-02;2025-03;2025-04;2025-08;2025-09,61560,,False
运动兴趣,basketball,topps basketball cards 2025,3,2025-10;2025-11;2025-12,61565,,False
运动兴趣,basketball,pink basketball,8,2025-01;2025-02;2025-03;2025-04;2025-05;2025-10;2025-11;2025-12,61662,0.594,False
运动兴趣,soccer,soccer socks boys,4,2025-03;2025-08;2025-09;2025-10,61890,,False
运动兴趣,baseball,baseball cup youth boys,4,2025-02;2025-03;2025-04;2025-09,61892,,False
运动兴趣,football,football player costume kids,1,2025-10,62041,,False
运动兴趣,baseball,baseball case display for balls,7,2025-03;2025-04;2025-05;2025-06;2025-07;2025-08;2025-09,62076,1.62,False
运动兴趣,soccer,lego soccer,3,2025-02;2025-11;2025-12,62178,,False
运动兴趣,baseball,baseball mom accessories,5,2025-02;2025-03;2025-04;2025-05;2025-06,62184,,False
运动兴趣,baseball,nike baseball cleats,8,2025-01;2025-02;2025-03;2025-04;2025-05;2025-06;2025-08;2025-09,62184,2.106,False
运动兴趣,baseball,kids baseball bag,4,2025-02;2025-03;2025-04;2025-05,62210,,False
运动兴趣,baseball,2025 baseball cards,9,2025-02;2025-03;2025-04;2025-05;2025-06;2025-07;2025-08;2025-11;2025-12,62218,1.718,False
运动兴趣,soccer,soccer ball bag,12,2025-01;2025-02;2025-03;2025-04;2025-05;2025-06;2025-07;2025-08;2025-09;2025-10;2025-11;2025-12,62288,1.223,False
运动兴趣,softball,black softball pants youth girls,6,2025-02;2025-03;2025-04;2025-05;2025-08;2025-09,62327,2.24,False
运动兴趣,basketball,28.5 basketball,4,2025-01;2025-10;2025-11;2025-12,62338,,False
运动兴趣,baseball,kore baseball,3,2025-05;2025-11;2025-12,62558,,False
运动兴趣,baseball,elbow guard baseball,10,2025-02;2025-03;2025-04;2025-05;2025-06;2025-07;2025-08;2025-09;2025-10;2025-11,62577,2.685,False
运动兴趣,football,american football cleats,8,2025-02;2025-03;2025-04;2025-05;2025-06;2025-07;2025-08;2025-09,62599,0.605,False
运动兴趣,baseball,pine tar baseball,9,2025-01;2025-02;2025-03;2025-04;2025-05;2025-06;2025-07;2025-09;2025-12,62620,1.526,False
运动兴趣,soccer,soccer goalie gloves,10,2025-02;2025-03;2025-04;2025-05;2025-06;2025-08;2025-09;2025-10;2025-11;2025-12,62738,1.195,False
运动兴趣,football,football backpack,2,2025-07;2025-08,62892,,False
运动兴趣,volleyball,girls volleyball knee pads,10,2025-01;2025-02;2025-03;2025-04;2025-05;2025-06;2025-07;2025-08;2025-09;2025-10,63037,0.398,False
运动兴趣,volleyball,volleyball necklace,5,2025-08;2025-09;2025-10;2025-11;2025-12,63322,,True
运动兴趣,baseball,baseball sunglasses for men,7,2025-02;2025-03;2025-04;2025-05;2025-06;2025-07;2025-08,63356,1.695,False
运动兴趣,football,football chin strap,3,2025-07;2025-08;2025-09,63450,,False
运动兴趣,football,nfl football cards,2,2025-11;2025-12,63558,,False
运动兴趣,basketball,basketball advent calendar 2025,1,2025-11,63594,,False
运动兴趣,basketball,basketball shoes kids,8,2025-01;2025-02;2025-03;2025-04;2025-09;2025-10;2025-11;2025-12,63603,0.592,False
运动兴趣,basketball,nerf basketball hoop indoor,9,2025-01;2025-02;2025-03;2025-04;2025-05;2025-06;2025-08;2025-11;2025-12,63688,1.104,False
运动兴趣,baseball,nike baseball pants,6,2025-01;2025-02;2025-03;2025-04;2025-05;2025-06,63741,2.02,False
运动兴趣,basketball,baby basketball hoop,12,2025-01;2025-02;2025-03;2025-04;2025-05;2025-06;2025-07;2025-08;2025-09;2025-10;2025-11;2025-12,63785,0.525,False
运动兴趣,baseball,baseball caps for men & women,2,2025-06;2025-07,63935,,False
运动兴趣,soccer,soccer nets,11,2025-02;2025-03;2025-04;2025-05;2025-06;2025-07;2025-08;2025-09;2025-10;2025-11;2025-12,64002,1.493,False
运动兴趣,basketball,basketball trophy,3,2025-02;2025-03;2025-04,64053,,False
运动兴趣,football,oakley visor football,4,2025-07;2025-08;2025-09;2025-10,64094,,False
运动兴趣,football,battle football gloves,6,2025-06;2025-07;2025-08;2025-09;2025-10;2025-11,64149,0.938,False
运动兴趣,baseball,baseball bases for yard,8,2025-03;2025-04;2025-05;2025-06;2025-07;2025-08;2025-09;2025-11,64309,2.594,False
运动兴趣,soccer,soccer shin guards youth,3,2025-08;2025-09;2025-10,64339,,False
运动兴趣,football,baby girl football outfit,2,2025-08;2025-09,64350,,False
运动兴趣,baseball,baseball holder,12,2025-01;2025-02;2025-03;2025-04;2025-05;2025-06;2025-07;2025-08;2025-09;2025-10;2025-11;2025-12,64433,0.886,False
运动兴趣,soccer,soccer cones for training,12,2025-01;2025-02;2025-03;2025-04;2025-05;2025-06;2025-07;2025-08;2025-09;2025-10;2025-11;2025-12,64478,1.196,False
运动兴趣,basketball,grip spray for basketball shoes,2,2025-11;2025-12,64572,,False
运动兴趣,volleyball,silent volleyball,2,2025-11;2025-12,64611,,False
运动兴趣,softball,softball stickers,9,2025-02;2025-03;2025-04;2025-05;2025-06;2025-07;2025-08;2025-09;2025-10,64629,2.188,False
运动兴趣,baseball,boombah baseball bag with wheels,12,2025-01;2025-02;2025-03;2025-04;2025-05;2025-06;2025-07;2025-08;2025-09;2025-10;2025-11;2025-12,64681,2.156,False
运动兴趣,softball,softball gloves for girls,3,2025-02;2025-03;2025-04,64838,,False
运动兴趣,football,practice jersey football youth,2,2025-07;2025-08,65054,,False
运动兴趣,basketball,portable basketball hoop outdoor,7,2025-02;2025-03;2025-04;2025-05;2025-06;2025-11;2025-12,65095,2.025,False
运动兴趣,football,football headband,4,2025-02;2025-07;2025-08;2025-09,65110,,False
运动兴趣,softball,softball bats,11,2025-01;2025-02;2025-03;2025-04;2025-05;2025-06;2025-07;2025-08;2025-09;2025-10;2025-11,65169,1.736,False
运动兴趣,soccer,soccer gift bags,5,2025-03;2025-04;2025-05;2025-09;2025-10,65244,,False
运动兴趣,baseball,baseball glove conditioner,10,2025-01;2025-02;2025-03;2025-04;2025-05;2025-06;2025-07;2025-08;2025-09;2025-10,65314,1.248,False
运动兴趣,basketball,silent basketball size 5,2,2025-11;2025-12,65366,,False
运动兴趣,basketball,foam basketball,7,2025-01;2025-02;2025-03;2025-04;2025-05;2025-11;2025-12,65413,0.838,False
运动兴趣,soccer,boys soccer shorts,6,2025-02;2025-03;2025-04;2025-07;2025-08;2025-09,65418,0.715,False
运动兴趣,baseball,baseball cards packs,7,2025-04;2025-05;2025-06;2025-09;2025-10;2025-11;2025-12,65456,0.541,False
运动兴趣,baseball,mens baseball cap,12,2025-01;2025-02;2025-03;2025-04;2025-05;2025-06;2025-07;2025-08;2025-09;2025-10;2025-11;2025-12,65509,0.958,False
运动兴趣,basketball,mini basketball hoop indoor,11,2025-01;2025-02;2025-03;2025-04;2025-05;2025-06;2025-07;2025-08;2025-09;2025-11;2025-12,65615,1.175,False
运动兴趣,soccer,black soccer socks youth,5,2025-02;2025-03;2025-04;2025-08;2025-09,65628,,False
运动兴趣,soccer,youth soccer balls,5,2025-03;2025-04;2025-05;2025-06;2025-07,65769,,False
运动兴趣,softball,softball helmet girls 8-14,5,2025-02;2025-03;2025-04;2025-05;2025-08,65843,,False
运动兴趣,soccer,soccer ball with pump,2,2025-10;2025-11,65894,,False
运动兴趣,baseball,baseball card holder,12,2025-01;2025-02;2025-03;2025-04;2025-05;2025-06;2025-07;2025-08;2025-09;2025-10;2025-11;2025-12,65951,0.856,False
运动兴趣,soccer,soccer trophy,8,2025-03;2025-04;2025-05;2025-06;2025-07;2025-09;2025-10;2025-11,65998,1.336,False
运动兴趣,soccer,soccer nets for kids ages 10-12,6,2025-02;2025-03;2025-04;2025-05;2025-06;2025-12,66040,1.634,False
运动兴趣,football,fantasy football ring 2025,2,2025-08;2025-12,66243,,True
运动兴趣,fantasy football,fantasy football ring 2025,2,2025-08;2025-12,66243,,True
运动兴趣,football,2024 football cards,5,2025-01;2025-02;2025-03;2025-04;2025-05,66248,,False
运动兴趣,baseball,baseball candy,7,2025-02;2025-03;2025-04;2025-05;2025-06;2025-09;2025-10,66318,1.742,False
运动兴趣,baseball,baseball turf shoes,11,2025-01;2025-02;2025-03;2025-04;2025-05;2025-06;2025-07;2025-08;2025-09;2025-10;2025-11,66340,2.383,False
运动兴趣,baseball,baseball drip for boys,10,2025-03;2025-04;2025-05;2025-06;2025-07;2025-08;2025-09;2025-10;2025-11;2025-12,66357,1.02,False
运动兴趣,soccer,soccer shorts boys,8,2025-02;2025-03;2025-04;2025-05;2025-06;2025-07;2025-08;2025-09,66802,0.947,False
运动兴趣,basketball,basketball game,6,2025-01;2025-02;2025-03;2025-10;2025-11;2025-12,66813,0.441,False
运动兴趣,baseball,baseball arm sleeve,7,2025-02;2025-03;2025-04;2025-05;2025-06;2025-07;2025-09,66930,2.658,False
运动兴趣,baseball,baseball hitting net,11,2025-02;2025-03;2025-04;2025-05;2025-06;2025-07;2025-08;2025-09;2025-10;2025-11;2025-12,66958,2.016,False
运动兴趣,football,football socks men,3,2025-07;2025-08;2025-09,66973,,False
运动兴趣,baseball,baseball plates,8,2025-03;2025-04;2025-05;2025-06;2025-07;2025-08;2025-09;2025-10,67018,1.535,False
运动兴趣,baseball,baseball cleats youth,3,2025-02;2025-03;2025-04,67111,,False
运动兴趣,soccer,soccer toys,5,2025-04;2025-09;2025-10;2025-11;2025-12,67456,,False
运动兴趣,football,football cleats youth,6,2025-03;2025-04;2025-06;2025-07;2025-08;2025-09,67526,0.422,False
运动兴趣,soccer,soccer bags for girls,6,2025-02;2025-03;2025-04;2025-07;2025-08;2025-09,67666,0.823,False
运动兴趣,softball,softball belt,6,2025-02;2025-03;2025-04;2025-05;2025-08;2025-09,67858,1.621,False
运动兴趣,baseball,kids baseball hat,7,2025-02;2025-03;2025-04;2025-05;2025-06;2025-07;2025-08,67938,1.193,False
运动兴趣,football,lego football,2,2025-11;2025-12,68037,,False
运动兴趣,volleyball,nike volleyball shorts,3,2025-07;2025-08;2025-09,68160,,False
运动兴趣,volleyball,volleyball gifts for teen girls,10,2025-01;2025-02;2025-03;2025-04;2025-05;2025-08;2025-09;2025-10;2025-11;2025-12,68183,0.904,False
运动兴趣,baseball,baseball hitting trainer,7,2025-02;2025-03;2025-04;2025-05;2025-06;2025-11;2025-12,68317,1.938,False
运动兴趣,baseball,boys cleats baseball,3,2025-02;2025-03;2025-04,68337,,False
运动兴趣,basketball,quiet basketball,4,2025-01;2025-02;2025-11;2025-12,68408,,False
运动兴趣,football,pink football towel,2,2025-09;2025-10,68426,,False
运动兴趣,football,football kicking tee,5,2025-08;2025-09;2025-10;2025-11;2025-12,68539,,False
运动兴趣,baseball,champro baseball pants mens,5,2025-02;2025-03;2025-04;2025-05;2025-06,68751,,False
运动兴趣,soccer,adidas predator soccer cleats,12,2025-01;2025-02;2025-03;2025-04;2025-05;2025-06;2025-07;2025-08;2025-09;2025-10;2025-11;2025-12,68769,1.597,False
运动兴趣,basketball,silent basketball hoop,5,2025-02;2025-03;2025-04;2025-11;2025-12,68803,,False
运动兴趣,basketball,basketball training,2,2025-11;2025-12,68836,,False
运动兴趣,basketball,nike basketball shorts men,8,2025-03;2025-04;2025-05;2025-06;2025-07;2025-08;2025-09;2025-12,68916,1.197,False
运动兴趣,softball,softball mom shirt,6,2025-02;2025-03;2025-04;2025-05;2025-06;2025-09,69136,1.13,False
运动兴趣,baseball,pink baseball socks,4,2025-04;2025-05;2025-09;2025-10,69155,,False
运动兴趣,football,youth football helmet,8,2025-05;2025-06;2025-07;2025-08;2025-09;2025-10;2025-11;2025-12,69196,1.118,False
运动兴趣,basketball,basketball valentines cards,2,2025-01;2025-02,69229,,False
运动兴趣,baseball,baseball cap washing cage,11,2025-01;2025-02;2025-03;2025-04;2025-05;2025-06;2025-07;2025-08;2025-09;2025-10;2025-11,69399,0.761,False
运动兴趣,baseball,white baseball cap,8,2025-03;2025-04;2025-05;2025-06;2025-07;2025-08;2025-09;2025-10,69476,0.956,False
运动兴趣,basketball,basketball shoes for boys,3,2025-10;2025-11;2025-12,69479,,False
运动兴趣,baseball,topps chrome baseball,2,2025-11;2025-12,69605,,False
运动兴趣,basketball,door basketball hoop indoor,6,2025-01;2025-02;2025-03;2025-04;2025-11;2025-12,69748,0.875,False
运动兴趣,soccer,soccer medals for kids,4,2025-04;2025-05;2025-09;2025-10,69803,,False
运动兴趣,basketball,basketball candy,3,2025-01;2025-02;2025-03,69899,,False
运动兴趣,baseball,baseball pants youth,6,2025-02;2025-03;2025-04;2025-05;2025-08;2025-09,69972,2.127,False
运动兴趣,baseball,men's baseball caps,12,2025-01;2025-02;2025-03;2025-04;2025-05;2025-06;2025-07;2025-08;2025-09;2025-10;2025-11;2025-12,70031,1.022,False
运动兴趣,basketball,basketball pillow,12,2025-01;2025-02;2025-03;2025-04;2025-05;2025-06;2025-07;2025-08;2025-09;2025-10;2025-11;2025-12,70118,0.639,False
运动兴趣,baseball,baseball blanket,9,2025-02;2025-03;2025-04;2025-05;2025-06;2025-09;2025-10;2025-11;2025-12,70198,0.973,False
运动兴趣,football,absolute football cards 2024,3,2025-01;2025-02;2025-03,70261,,False
运动兴趣,softball,softball net,11,2025-02;2025-03;2025-04;2025-05;2025-06;2025-07;2025-08;2025-09;2025-10;2025-11;2025-12,70392,2.021,False
运动兴趣,soccer,nike soccer ball,12,2025-01;2025-02;2025-03;2025-04;2025-05;2025-06;2025-07;2025-08;2025-09;2025-10;2025-11;2025-12,70500,0.863,False
运动兴趣,basketball,basketball games,9,2025-01;2025-02;2025-03;2025-04;2025-05;2025-06;2025-07;2025-11;2025-12,70503,1.937,False
运动兴趣,soccer,size 3 soccer ball girls,5,2025-02;2025-03;2025-04;2025-08;2025-09,70625,,False
运动兴趣,football,football tee,5,2025-08;2025-09;2025-10;2025-11;2025-12,70665,,False
运动兴趣,soccer,soccer bags,7,2025-02;2025-03;2025-04;2025-05;2025-08;2025-09;2025-10,70763,0.944,False
运动兴趣,football,football gear bag,3,2025-07;2025-08;2025-09,70818,,False
运动兴趣,baseball,baseball rebounder net,6,2025-03;2025-04;2025-05;2025-06;2025-07;2025-11,70823,1.86,False
运动兴趣,baseball,red baseball belt,7,2025-02;2025-03;2025-04;2025-05;2025-06;2025-08;2025-09,70836,1.518,False
运动兴趣,soccer,sticky soccer,2,2025-11;2025-12,70855,,False
运动兴趣,basketball,basketball decorations,3,2025-01;2025-02;2025-03,70903,,False
运动兴趣,soccer,soccer gloves,11,2025-01;2025-02;2025-03;2025-04;2025-05;2025-06;2025-08;2025-09;2025-10;2025-11;2025-12,71065,0.71,False
运动兴趣,basketball,size 4 basketball,7,2025-01;2025-02;2025-03;2025-04;2025-10;2025-11;2025-12,71076,0.507,False
运动兴趣,football,eagles football,6,2025-01;2025-02;2025-09;2025-10;2025-11;2025-12,71144,0.763,False
运动兴趣,soccer,soccer goodie bags stuffers,5,2025-03;2025-04;2025-05;2025-09;2025-10,71151,,False
运动兴趣,volleyball,asics volleyball shoes women,11,2025-01;2025-02;2025-03;2025-04;2025-05;2025-06;2025-07;2025-08;2025-09;2025-10;2025-11,71241,1.149,False
运动兴趣,baseball,zombie baseball player costume,1,2025-10,71277,,False
运动兴趣,baseball,baseball goodie bags favors,5,2025-03;2025-04;2025-05;2025-06;2025-09,71302,,False
运动兴趣,football,football cards packs,2,2025-11;2025-12,71384,,False
运动兴趣,volleyball,volleyball balloons,2,2025-09;2025-10,71498,,False
运动兴趣,basketball,basketball hoop for trampoline,7,2025-03;2025-04;2025-05;2025-06;2025-07;2025-11;2025-12,71562,1.907,False
运动兴趣,soccer,soccer goals for kids 8-12,10,2025-02;2025-03;2025-04;2025-05;2025-06;2025-07;2025-08;2025-09;2025-11;2025-12,71613,1.747,False
运动兴趣,football,football practice pants,2,2025-07;2025-08,71636,,False
运动兴趣,baseball,green baseball cap,4,2025-02;2025-03;2025-09;2025-10,71650,,False
运动兴趣,football,battle shoulder pads football,3,2025-07;2025-08;2025-09,71664,,False
运动兴趣,football,topps chrome football cards 2024,3,2025-02;2025-03;2025-04,71759,,False
运动兴趣,football,f7 football helmet,10,2025-02;2025-03;2025-04;2025-05;2025-06;2025-07;2025-08;2025-09;2025-10;2025-11,71893,0.74,False
运动兴趣,baseball,baseball crocs,5,2025-03;2025-04;2025-05;2025-06;2025-11,71956,,False
运动兴趣,football,2024 prizm football cards,2,2025-01;2025-02,72080,,False
运动兴趣,basketball,men basketball shorts,9,2025-02;2025-03;2025-04;2025-05;2025-06;2025-07;2025-08;2025-09;2025-12,72128,1.49,False
运动兴趣,baseball,white baseball pants,8,2025-02;2025-03;2025-04;2025-05;2025-06;2025-08;2025-09;2025-10,72277,0.991,False
运动兴趣,basketball,basketball nets heavy duty outdoor,6,2025-02;2025-03;2025-04;2025-05;2025-06;2025-07,72300,1.14,False
运动兴趣,volleyball,volleyball gifts for team,2,2025-09;2025-10,72302,,False
运动兴趣,basketball,toddler basketball,12,2025-01;2025-02;2025-03;2025-04;2025-05;2025-06;2025-07;2025-08;2025-09;2025-10;2025-11;2025-12,72546,0.654,False
运动兴趣,baseball,boombah baseball bag,9,2025-02;2025-03;2025-04;2025-05;2025-06;2025-09;2025-10;2025-11;2025-12,72630,1.894,False
运动兴趣,football,low-cut football cleats,2,2025-08;2025-09,72640,,False
运动兴趣,soccer,youth shin guards soccer boys,5,2025-02;2025-03;2025-04;2025-08;2025-09,72703,,False
运动兴趣,football,football decorations for home,2,2025-08;2025-09,72740,,False
运动兴趣,football,foam football,12,2025-01;2025-02;2025-03;2025-04;2025-05;2025-06;2025-07;2025-08;2025-09;2025-10;2025-11;2025-12,72804,0.489,False
运动兴趣,baseball,metal baseball cleats,5,2025-01;2025-02;2025-03;2025-04;2025-05,72825,,False
运动兴趣,football,youth football mouth guards,2,2025-08;2025-09,72875,,False
运动兴趣,softball,white softball pants,9,2025-02;2025-03;2025-04;2025-05;2025-06;2025-07;2025-08;2025-09;2025-10,72897,1.203,False
运动兴趣,baseball,baseball jersey women,9,2025-02;2025-03;2025-04;2025-05;2025-06;2025-07;2025-08;2025-09;2025-10,72957,0.969,False
运动兴趣,basketball,basketball gifts for boys 8-12,3,2025-04;2025-11;2025-12,73164,,False
运动兴趣,baseball,black baseball pants youth boys,5,2025-02;2025-03;2025-04;2025-08;2025-09,73172,,False
运动兴趣,softball,red softball socks,7,2025-02;2025-03;2025-04;2025-05;2025-06;2025-08;2025-09,73172,1.612,False
运动兴趣,baseball,royal blue baseball socks,5,2025-02;2025-03;2025-04;2025-08;2025-09,73183,,False
运动兴趣,soccer,soccer jerseys for boys,12,2025-01;2025-02;2025-03;2025-04;2025-05;2025-06;2025-07;2025-08;2025-09;2025-10;2025-11;2025-12,73188,1.033,False
运动兴趣,baseball,baseball treat bags,5,2025-03;2025-04;2025-05;2025-09;2025-10,73235,,False
运动兴趣,baseball,easton baseball pants,5,2025-02;2025-03;2025-04;2025-05;2025-06,73300,,False
运动兴趣,volleyball,tachikara volleyball,12,2025-01;2025-02;2025-03;2025-04;2025-05;2025-06;2025-07;2025-08;2025-09;2025-10;2025-11;2025-12,73424,0.882,False
运动兴趣,baseball,baseball bracelets for boys,4,2025-03;2025-04;2025-05;2025-06,73569,,True
运动兴趣,baseball,baseball cap men,12,2025-01;2025-02;2025-03;2025-04;2025-05;2025-06;2025-07;2025-08;2025-09;2025-10;2025-11;2025-12,73739,0.769,False
运动兴趣,football,shoulder pads football,6,2025-05;2025-06;2025-07;2025-08;2025-09;2025-10,73756,0.609,False
运动兴趣,football,mouth pieces football youth,3,2025-07;2025-08;2025-09,73838,,False
运动兴趣,basketball,sabrina 2 basketball shoes,12,2025-01;2025-02;2025-03;2025-04;2025-05;2025-06;2025-07;2025-08;2025-09;2025-10;2025-11;2025-12,73905,0.656,False
运动兴趣,football,chin strap cover football,3,2025-07;2025-08;2025-09,74014,,False
运动兴趣,baseball,yellow baseball cap,1,2025-10,74060,,False
运动兴趣,softball,softball socks for girls youth,5,2025-02;2025-03;2025-04;2025-05;2025-08,74550,,False
运动兴趣,soccer,soccer shorts women,10,2025-01;2025-02;2025-03;2025-04;2025-05;2025-06;2025-07;2025-08;2025-09;2025-10,74614,0.984,False
运动兴趣,softball,demarini softball bats,6,2025-02;2025-03;2025-04;2025-05;2025-06;2025-07,74619,1.485,False
运动兴趣,baseball,baseball water bottles for boys,2,2025-03;2025-04,74766,,False
运动兴趣,football,football hand warmer pouch,4,2025-01;2025-10;2025-11;2025-12,74789,,False
运动兴趣,baseball,jordan baseball cleats,6,2025-01;2025-02;2025-03;2025-04;2025-05;2025-06,74850,1.902,False
运动兴趣,football,football pants with pads,2,2025-07;2025-08,74991,,False
运动兴趣,baseball,baseball valentines,2,2025-01;2025-02,74999,,False
运动兴趣,volleyball,volleyball shoes girls,5,2025-03;2025-07;2025-08;2025-09;2025-10,75033,,False
运动兴趣,soccer,white soccer socks,4,2025-02;2025-03;2025-08;2025-09,75215,,False
运动兴趣,football,football net,3,2025-10;2025-11;2025-12,75301,,False
运动兴趣,baseball,baseball practice equipment,7,2025-02;2025-03;2025-04;2025-05;2025-06;2025-11;2025-12,75319,1.898,False
运动兴趣,softball,pink softball socks,5,2025-03;2025-04;2025-05;2025-09;2025-10,75469,,False
运动兴趣,soccer,soccer jerseys,12,2025-01;2025-02;2025-03;2025-04;2025-05;2025-06;2025-07;2025-08;2025-09;2025-10;2025-11;2025-12,75476,0.767,False
运动兴趣,basketball,basketball goodie bags,3,2025-01;2025-02;2025-03,75569,,False
运动兴趣,football,2025 fantasy football ring,2,2025-08;2025-12,75611,,True
运动兴趣,fantasy football,2025 fantasy football ring,2,2025-08;2025-12,75611,,True
运动兴趣,soccer,soccer cleats nike,11,2025-01;2025-02;2025-03;2025-04;2025-05;2025-06;2025-07;2025-08;2025-09;2025-10;2025-11,75850,1.201,False
运动兴趣,football,glow football,2,2025-11;2025-12,75857,,False
运动兴趣,baseball,baseball lineup cards,6,2025-02;2025-03;2025-04;2025-05;2025-06;2025-09,75944,1.821,False
运动兴趣,soccer,dribble up soccer ball,3,2025-10;2025-11;2025-12,75978,,False
运动兴趣,baseball,adult baseball gloves for men,5,2025-02;2025-03;2025-04;2025-05;2025-06,76048,,False
运动兴趣,football,mini football,9,2025-01;2025-02;2025-03;2025-04;2025-08;2025-09;2025-10;2025-11;2025-12,76051,0.745,False
运动兴趣,volleyball,soft volleyball for indoor practice,4,2025-09;2025-10;2025-11;2025-12,76209,,False
运动兴趣,soccer,toddler soccer shin guards,5,2025-02;2025-03;2025-04;2025-08;2025-09,76389,,False
运动兴趣,football,beach football,6,2025-03;2025-04;2025-05;2025-06;2025-07;2025-08,76543,0.54,False
运动兴趣,basketball,nike basketball shorts,12,2025-01;2025-02;2025-03;2025-04;2025-05;2025-06;2025-07;2025-08;2025-09;2025-10;2025-11;2025-12,76549,1.147,False
运动兴趣,basketball,basketball net replacement,10,2025-03;2025-04;2025-05;2025-06;2025-07;2025-08;2025-09;2025-10;2025-11;2025-12,76675,0.726,False
运动兴趣,football,football mouth guard with strap,3,2025-07;2025-08;2025-09,76751,,False
运动兴趣,football,under armour football cleats,4,2025-06;2025-07;2025-08;2025-09,76768,,False
运动兴趣,soccer,soccer lego,2,2025-11;2025-12,76792,,False
运动兴趣,basketball,over door basketball hoop indoor,2,2025-11;2025-12,77061,,False
运动兴趣,soccer,f50 soccer cleats,12,2025-01;2025-02;2025-03;2025-04;2025-05;2025-06;2025-07;2025-08;2025-09;2025-10;2025-11;2025-12,77122,0.942,False
运动兴趣,softball,black softball socks,7,2025-02;2025-03;2025-04;2025-05;2025-06;2025-08;2025-09,77123,1.46,False
运动兴趣,football,football candy,5,2025-01;2025-02;2025-08;2025-09;2025-10,77365,,False
运动兴趣,basketball,topps chrome basketball,1,2025-12,77384,,False
运动兴趣,softball,girls softball helmet,3,2025-02;2025-03;2025-04,77385,,False
运动兴趣,football,ncaa football 25 playstation 5,2,2025-01;2025-02,77430,,False
运动兴趣,baseball,wilson a2000 baseball glove,4,2025-02;2025-03;2025-04;2025-05,77516,,False
运动兴趣,football,donruss football cards 2025,3,2025-10;2025-11;2025-12,77629,,False
运动兴趣,baseball,toddler baseball socks,4,2025-02;2025-03;2025-04;2025-09,77689,,False
运动兴趣,baseball,baseball holder display case,7,2025-03;2025-04;2025-05;2025-06;2025-07;2025-08;2025-09,77824,1.164,False
运动兴趣,baseball,rawlings baseball pants,3,2025-02;2025-03;2025-04,77851,,False
运动兴趣,basketball,basketball costume,1,2025-10,77860,,False
运动兴趣,football,flag football gloves,6,2025-02;2025-03;2025-04;2025-08;2025-09;2025-10,77882,0.815,False
运动兴趣,baseball,baseball mom essentials,8,2025-02;2025-03;2025-04;2025-05;2025-06;2025-07;2025-08;2025-09,78023,1.163,False
运动兴趣,baseball,baseball hats,12,2025-01;2025-02;2025-03;2025-04;2025-05;2025-06;2025-07;2025-08;2025-09;2025-10;2025-11;2025-12,78029,1.248,False
运动兴趣,volleyball,sand socks for beach volleyball,5,2025-01;2025-04;2025-05;2025-06;2025-07,78038,,False
运动兴趣,football,football jerseys for men,6,2025-02;2025-06;2025-07;2025-08;2025-09;2025-10,78242,0.6,False
运动兴趣,football,football gifts for boys,2,2025-11;2025-12,78510,,False
运动兴趣,basketball,little tikes basketball hoop,4,2025-04;2025-10;2025-11;2025-12,78532,,False
运动兴趣,basketball,basketball gift bags,3,2025-01;2025-02;2025-03,78768,,False
运动兴趣,basketball,kyrie basketball shoes,12,2025-01;2025-02;2025-03;2025-04;2025-05;2025-06;2025-07;2025-08;2025-09;2025-10;2025-11;2025-12,78869,1.679,False
运动兴趣,baseball,baseball 9,6,2025-03;2025-04;2025-05;2025-06;2025-07;2025-08,78937,0.882,False
运动兴趣,baseball,2025 bowman baseball cards,1,2025-05,79223,,False
运动兴趣,soccer,rebounder soccer,10,2025-03;2025-04;2025-05;2025-06;2025-07;2025-08;2025-09;2025-10;2025-11;2025-12,79359,0.585,False
运动兴趣,football,football girdle adult,1,2025-08,79374,,False
运动兴趣,football,battle backplate football,3,2025-07;2025-08;2025-09,79401,,False
运动兴趣,soccer,soccer valentines,2,2025-01;2025-02,79480,,False
运动兴趣,football,football arm sleeves,3,2025-07;2025-08;2025-09,79543,,False
运动兴趣,football,football decorations for party,5,2025-01;2025-02;2025-08;2025-09;2025-10,79543,,False
运动兴趣,baseball,baseball necklace for boys 8-12,4,2025-03;2025-04;2025-05;2025-06,79585,,True
运动兴趣,basketball,leg sleeve basketball,3,2025-01;2025-02;2025-11,79676,,False
运动兴趣,football,pink arm sleeve football,2,2025-09;2025-10,79695,,False
运动兴趣,tennis bracelet,moissanite tennis bracelet,12,2025-01;2025-02;2025-03;2025-04;2025-05;2025-06;2025-07;2025-08;2025-09;2025-10;2025-11;2025-12,79730,0.845,True
运动兴趣,football,football arm bands,3,2025-07;2025-08;2025-09,79740,,False
运动兴趣,football,water football for pool,4,2025-04;2025-05;2025-06;2025-07,79779,,False
运动兴趣,football,football ornament,2,2025-11;2025-12,79792,,False
运动兴趣,basketball,dribble dream silent basketball,4,2025-01;2025-02;2025-03;2025-12,79854,,False
运动兴趣,football,ps5 college football 26,2,2025-11;2025-12,79924,,False
运动兴趣,soccer,magic kick indoor soccer ball,3,2025-10;2025-11;2025-12,80061,,False
运动兴趣,football,skull cap football,2,2025-08;2025-09,80224,,False
运动兴趣,baseball,women's baseball caps,8,2025-02;2025-03;2025-04;2025-05;2025-06;2025-07;2025-08;2025-09,80225,1.253,False
运动兴趣,basketball,basketball bag backpack,3,2025-10;2025-11;2025-12,80266,,False
运动兴趣,basketball,weighted basketball,12,2025-01;2025-02;2025-03;2025-04;2025-05;2025-06;2025-07;2025-08;2025-09;2025-10;2025-11;2025-12,80288,0.777,False
运动兴趣,football,football sweatshirt,2,2025-08;2025-09,80324,,False
运动兴趣,softball,girls softball bat,4,2025-02;2025-03;2025-04;2025-05,80423,,False
运动兴趣,soccer,soccer chairs for adults,5,2025-03;2025-04;2025-05;2025-08;2025-09,80464,,False
运动兴趣,baseball,mens turf shoes baseball,8,2025-01;2025-02;2025-03;2025-04;2025-05;2025-06;2025-07;2025-08,80500,1.776,False
运动兴趣,basketball,basketball scorebook,4,2025-01;2025-10;2025-11;2025-12,80518,,False
运动兴趣,soccer,adidas soccer ball,11,2025-02;2025-03;2025-04;2025-05;2025-06;2025-07;2025-08;2025-09;2025-10;2025-11;2025-12,80526,0.83,False
运动兴趣,basketball,over the door basketball hoop indoor,2,2025-11;2025-12,80546,,False
运动兴趣,softball,champro softball pants youth,9,2025-01;2025-02;2025-03;2025-04;2025-05;2025-06;2025-07;2025-08;2025-09,80656,0.896,False
运动兴趣,soccer,turf soccer shoes men,12,2025-01;2025-02;2025-03;2025-04;2025-05;2025-06;2025-07;2025-08;2025-09;2025-10;2025-11;2025-12,80661,1.356,False
运动兴趣,football,flag football mouth guard,5,2025-02;2025-03;2025-04;2025-08;2025-09,80767,,False
运动兴趣,baseball,baseball ring holder,7,2025-04;2025-05;2025-06;2025-07;2025-10;2025-11;2025-12,80804,1.243,True
运动兴趣,soccer,soccer accessories for boys,5,2025-03;2025-04;2025-09;2025-11;2025-12,80871,,False
运动兴趣,football,adizero football cleats,8,2025-02;2025-03;2025-04;2025-05;2025-06;2025-07;2025-08;2025-09,81278,0.677,False
运动兴趣,baseball,baseball bats for boys 8-12,4,2025-03;2025-04;2025-05;2025-06,81290,,False
运动兴趣,softball,softball pants woman,8,2025-01;2025-02;2025-03;2025-04;2025-05;2025-06;2025-07;2025-08,81355,1.48,False
运动兴趣,soccer,size 4 soccer ball girls,4,2025-03;2025-04;2025-08;2025-09,81600,,False
运动兴趣,football,college football 26 xbox,1,2025-07,81682,,False
运动兴趣,soccer,soccer jersey kids,8,2025-05;2025-06;2025-07;2025-08;2025-09;2025-10;2025-11;2025-12,81708,0.779,False
运动兴趣,soccer,toddler soccer goal,11,2025-02;2025-03;2025-04;2025-05;2025-06;2025-07;2025-08;2025-09;2025-10;2025-11;2025-12,81716,0.978,False
运动兴趣,baseball,mizuno baseball pants,5,2025-02;2025-03;2025-04;2025-05;2025-09,81741,,False
运动兴趣,volleyball,water volleyball for pool,3,2025-05;2025-06;2025-07,81805,,False
运动兴趣,baseball,baseball glove break in kit,4,2025-02;2025-03;2025-04;2025-05,82020,,False
运动兴趣,basketball,in ground basketball hoops outdoor,3,2025-03;2025-04;2025-05,82020,,True
运动兴趣,basketball,knee bands for basketball,4,2025-01;2025-02;2025-03;2025-12,82030,,False
运动兴趣,football,football trunk or treat,1,2025-10,82050,,False
运动兴趣,volleyball,pool volleyball net above ground,2,2025-06;2025-07,82170,,False
运动兴趣,soccer,soccer snacks,3,2025-04;2025-09;2025-10,82439,,False
运动兴趣,basketball,basketball accessories for boys,2,2025-11;2025-12,82459,,False
运动兴趣,basketball,basketball blanket,2,2025-11;2025-12,82459,,False
运动兴趣,softball,slowpitch softball bats,7,2025-03;2025-04;2025-05;2025-06;2025-07;2025-08;2025-09,82466,1.508,False
运动兴趣,softball,boombah softball bags,8,2025-02;2025-03;2025-04;2025-05;2025-06;2025-07;2025-08;2025-09,82610,1.447,False
运动兴趣,basketball,basketball jersey for men,10,2025-01;2025-02;2025-03;2025-04;2025-05;2025-06;2025-07;2025-08;2025-09;2025-10,82628,1.097,False
运动兴趣,soccer,soccer rebounder net,6,2025-04;2025-05;2025-09;2025-10;2025-11;2025-12,82677,0.527,False
运动兴趣,softball,fastpitch softball bats,6,2025-02;2025-03;2025-04;2025-05;2025-06;2025-07,82697,1.479,False
运动兴趣,baseball,baseball chain,6,2025-02;2025-03;2025-04;2025-05;2025-06;2025-07,82887,1.192,True
运动兴趣,basketball,youth basketball shoes,4,2025-01;2025-10;2025-11;2025-12,83015,,False
运动兴趣,football,football pillow,6,2025-02;2025-08;2025-09;2025-10;2025-11;2025-12,83072,1.199,False
运动兴趣,football,football coach gifts,2,2025-10;2025-11,83160,,False
运动兴趣,soccer,soccer shorts men,10,2025-01;2025-02;2025-03;2025-04;2025-05;2025-06;2025-07;2025-08;2025-09;2025-10,83233,0.741,False
运动兴趣,football,football kids,2,2025-11;2025-12,83613,,False
运动兴趣,football,peewee size football,8,2025-03;2025-04;2025-07;2025-08;2025-09;2025-10;2025-11;2025-12,83762,0.94,False
运动兴趣,baseball,pencil bat baseball,4,2025-03;2025-04;2025-05;2025-06,84095,,False
运动兴趣,basketball,kids basketball hoop indoor,6,2025-01;2025-02;2025-03;2025-04;2025-11;2025-12,84144,0.637,False
运动兴趣,basketball,basketball rim replacement,4,2025-03;2025-04;2025-05;2025-06,84176,,False
运动兴趣,basketball,basketball knee pads,8,2025-01;2025-02;2025-03;2025-04;2025-06;2025-10;2025-11;2025-12,84276,0.876,False
运动兴趣,basketball,basketball size 5,5,2025-01;2025-03;2025-10;2025-11;2025-12,84426,,False
运动兴趣,football,spirit animal football sweatshirts,2,2025-07;2025-08,84481,,False
运动兴趣,softball,easton softball bag,3,2025-02;2025-03;2025-04,84512,,False
运动兴趣,soccer,soccer coach gifts,4,2025-04;2025-05;2025-10;2025-11,84598,,False
运动兴趣,softball,softball mom,6,2025-02;2025-03;2025-04;2025-05;2025-06;2025-09,84780,1.975,False
运动兴趣,soccer,soccer balloons,11,2025-01;2025-02;2025-03;2025-04;2025-05;2025-06;2025-07;2025-08;2025-09;2025-10;2025-11,85105,0.612,False
运动兴趣,baseball,a2000 baseball glove,8,2025-01;2025-02;2025-03;2025-04;2025-05;2025-06;2025-07;2025-11,85271,1.081,False
运动兴趣,softball,youth softball bat,4,2025-02;2025-03;2025-04;2025-05,85336,,False
运动兴趣,softball,softball bags,5,2025-02;2025-03;2025-04;2025-05;2025-06,85495,,False
运动兴趣,football,football backplates,2,2025-07;2025-08,85559,,False
运动兴趣,football,football table runner,4,2025-01;2025-02;2025-08;2025-09,85835,,False
运动兴趣,football,pee wee football,6,2025-07;2025-08;2025-09;2025-10;2025-11;2025-12,85922,1.66,False
运动兴趣,football,football launcher,3,2025-10;2025-11;2025-12,85938,,False
运动兴趣,football,flag football flags,5,2025-03;2025-08;2025-09;2025-10;2025-11,85984,,False
运动兴趣,softball,softball training equipment,12,2025-01;2025-02;2025-03;2025-04;2025-05;2025-06;2025-07;2025-08;2025-09;2025-10;2025-11;2025-12,85990,1.088,False
运动兴趣,baseball,baseball accessories for boys 8-12,2,2025-03;2025-04,86054,,False
运动兴趣,volleyball,mizuno volleyball shorts,2,2025-08;2025-09,86107,,False
运动兴趣,soccer,hover soccer,2,2025-11;2025-12,86119,,False
运动兴趣,baseball,baseball bag for boys 5-8,3,2025-02;2025-03;2025-04,86122,,False
运动兴趣,baseball,toddler baseball cap,7,2025-02;2025-03;2025-04;2025-05;2025-06;2025-07;2025-08,86258,1.196,False
运动兴趣,baseball,baseball party,5,2025-03;2025-04;2025-05;2025-06;2025-07,86516,,False
运动兴趣,football,football sleeves,2,2025-08;2025-09,86530,,False
运动兴趣,football,football target,2,2025-11;2025-12,86586,,False
运动兴趣,baseball,boys white baseball pants,4,2025-02;2025-03;2025-04;2025-09,86623,,False
运动兴趣,basketball,basketball cupcake toppers,4,2025-01;2025-02;2025-03;2025-04,86757,,False
运动兴趣,baseball,baseball socks men,6,2025-02;2025-03;2025-04;2025-05;2025-06;2025-09,86831,1.488,False
运动兴趣,basketball,basketball backboard,10,2025-02;2025-03;2025-04;2025-05;2025-06;2025-07;2025-08;2025-09;2025-11;2025-12,86831,1.58,False
运动兴趣,softball,softball accessories,6,2025-02;2025-03;2025-04;2025-05;2025-06;2025-09,87041,1.6,False
运动兴趣,football,football mom sweatshirt,2,2025-08;2025-09,87132,,False
运动兴趣,baseball,kids baseball bat,6,2025-02;2025-03;2025-04;2025-05;2025-06;2025-09,87172,1.707,False
运动兴趣,football,football practice jersey youth,2,2025-07;2025-08,87174,,False
运动兴趣,football,football advent calendar,1,2025-11,87197,,False
运动兴趣,baseball,baseball costume,1,2025-10,87213,,False
运动兴趣,football,football gift bags,3,2025-08;2025-09;2025-10,87250,,False
运动兴趣,basketball,basketball clipboard for coaches,4,2025-01;2025-10;2025-11;2025-12,87264,,False
运动兴趣,football,football duffle bag,2,2025-07;2025-08,87324,,False
运动兴趣,baseball,wrist tape baseball,5,2025-02;2025-03;2025-04;2025-05;2025-06,87342,,False
运动兴趣,football,football cleats nike,7,2025-03;2025-04;2025-05;2025-06;2025-07;2025-08;2025-09,87445,0.656,False
运动兴趣,baseball,hitting net baseball,5,2025-02;2025-03;2025-04;2025-05;2025-06,87479,,False
运动兴趣,softball,softball socks woman,4,2025-02;2025-03;2025-04;2025-05,87516,,False
运动兴趣,baseball,wood baseball bat,9,2025-02;2025-03;2025-04;2025-05;2025-06;2025-07;2025-08;2025-09;2025-10,87890,1.796,False
运动兴趣,football,football banner,4,2025-01;2025-02;2025-08;2025-09,87897,,False
运动兴趣,baseball,navy baseball socks,7,2025-02;2025-03;2025-04;2025-05;2025-06;2025-08;2025-09,88266,1.44,False
运动兴趣,baseball,boys baseball bag,3,2025-02;2025-03;2025-04,88364,,False
运动兴趣,football,football back plate,3,2025-07;2025-08;2025-09,88380,,False
运动兴趣,soccer,soccer mom sweatshirt,3,2025-03;2025-09;2025-10,88390,,False
运动兴趣,football,leg sleeve football,2,2025-08;2025-09,88411,,False
运动兴趣,volleyball,pool volleyball set,4,2025-04;2025-05;2025-06;2025-07,88424,,False
运动兴趣,football,silent football,2,2025-11;2025-12,88679,,False
运动兴趣,football,youth football girdle,2,2025-07;2025-08,88823,,False
运动兴趣,soccer,ronaldo soccer ball,2,2025-11;2025-12,88930,,False
运动兴趣,basketball,glow basketball,2,2025-11;2025-12,88993,,False
运动兴趣,softball,youth softball cleats,5,2025-02;2025-03;2025-04;2025-08;2025-09,89079,,False
运动兴趣,football,optic football cards 2024,3,2025-04;2025-05;2025-06,89086,,False
运动兴趣,soccer,pop up soccer goal,10,2025-03;2025-04;2025-05;2025-06;2025-07;2025-08;2025-09;2025-10;2025-11;2025-12,89122,1.478,False
运动兴趣,softball,youth softball glove,4,2025-02;2025-03;2025-04;2025-05,89293,,False
运动兴趣,basketball,men's basketball shoes,12,2025-01;2025-02;2025-03;2025-04;2025-05;2025-06;2025-07;2025-08;2025-09;2025-10;2025-11;2025-12,89502,1.263,False
运动兴趣,baseball,baseball prospectus 2025,2,2025-01;2025-02,89563,,False
运动兴趣,football,football necklace,3,2025-08;2025-09;2025-10,89580,,True
运动兴趣,football,knee pads football,2,2025-08;2025-09,89618,,False
运动兴趣,soccer,jabulani soccer ball,10,2025-02;2025-03;2025-04;2025-05;2025-06;2025-07;2025-09;2025-10;2025-11;2025-12,89780,0.762,False
运动兴趣,baseball,baseball pitching net,8,2025-03;2025-04;2025-05;2025-06;2025-07;2025-09;2025-11;2025-12,89819,1.984,False
运动兴趣,football,youth padded football shirt,2,2025-07;2025-08,89896,,False
运动兴趣,softball,softball necklace,6,2025-02;2025-03;2025-04;2025-05;2025-06;2025-12,89983,1.146,True
运动兴趣,soccer,soccer trainer,2,2025-11;2025-12,90048,,False
运动兴趣,soccer,professional soccer balls,5,2025-03;2025-04;2025-05;2025-06;2025-07,90120,,False
运动兴趣,baseball,glow in the dark baseball,5,2025-04;2025-05;2025-06;2025-11;2025-12,90365,,False
运动兴趣,baseball,baseball chairs for adults,3,2025-03;2025-04;2025-05,90403,,False
运动兴趣,baseball,bases for baseball practice kids,3,2025-03;2025-04;2025-05,90476,,False
运动兴趣,basketball,basketball outdoor,11,2025-02;2025-03;2025-04;2025-05;2025-06;2025-07;2025-08;2025-09;2025-10;2025-11;2025-12,90476,1.017,False
运动兴趣,basketball,basketball indoor,2,2025-11;2025-12,90611,,False
运动兴趣,baseball,baseball mom shirt,5,2025-02;2025-03;2025-04;2025-05;2025-09,90684,,False
运动兴趣,football,adidas football cleats,7,2025-03;2025-04;2025-05;2025-06;2025-07;2025-08;2025-09,90733,0.656,False
运动兴趣,football,football helmets,7,2025-01;2025-06;2025-07;2025-08;2025-09;2025-10;2025-11,90908,0.586,False
运动兴趣,softball,softball ribbon,6,2025-02;2025-03;2025-04;2025-05;2025-06;2025-09,90991,1.339,False
运动兴趣,baseball,baseball stocking stuffers,1,2025-12,91036,,False
运动兴趣,football,black football jersey,3,2025-08;2025-09;2025-10,91168,,False
运动兴趣,football,pink out football game accessories,2,2025-09;2025-10,91184,,False
运动兴趣,soccer,soccer ribbon,2,2025-09;2025-10,91287,,False
运动兴趣,softball,softball mom shirts for women,2,2025-04;2025-05,91294,,False
运动兴趣,baseball,baseball sleeves youth boys,4,2025-03;2025-04;2025-05;2025-06,91381,,False
运动兴趣,baseball,usssa baseball bat,10,2025-02;2025-03;2025-04;2025-05;2025-06;2025-07;2025-08;2025-09;2025-10;2025-11,91385,1.34,False
运动兴趣,soccer,soccer grip socks men,10,2025-02;2025-03;2025-04;2025-05;2025-06;2025-07;2025-08;2025-09;2025-10;2025-12,91480,0.985,False
运动兴趣,soccer,captain arm bands for soccer,2,2025-08;2025-09,91763,,False
运动兴趣,football,junior football,6,2025-03;2025-08;2025-09;2025-10;2025-11;2025-12,91804,0.723,False
运动兴趣,soccer,soccer cards 2024-2025,5,2025-01;2025-02;2025-03;2025-04;2025-05,92011,,False
运动兴趣,baseball,baseball training,9,2025-02;2025-03;2025-04;2025-05;2025-06;2025-07;2025-10;2025-11;2025-12,92377,0.861,False
运动兴趣,baseball,baseball score keeping book,4,2025-03;2025-04;2025-05;2025-06,92484,,False
运动兴趣,basketball,lifetime basketball hoop,7,2025-03;2025-04;2025-05;2025-06;2025-07;2025-11;2025-12,92499,1.501,False
运动兴趣,baseball,christmas baseball hat,2,2025-11;2025-12,92514,,False
运动兴趣,basketball,basketball shoes men,10,2025-01;2025-02;2025-03;2025-05;2025-07;2025-08;2025-09;2025-10;2025-11;2025-12,92603,0.661,False
运动兴趣,basketball,grip spray for basketball shoes bottom,2,2025-01;2025-02,92633,,False
运动兴趣,baseball,first baseman glove baseball,6,2025-02;2025-03;2025-04;2025-05;2025-06;2025-07,92712,1.202,False
运动兴趣,football,football leg sleeves,2,2025-08;2025-09,92843,,False
运动兴趣,baseball,baseball lineup board,5,2025-03;2025-04;2025-05;2025-08;2025-09,92922,,False
运动兴趣,basketball,small basketball,12,2025-01;2025-02;2025-03;2025-04;2025-05;2025-06;2025-07;2025-08;2025-09;2025-10;2025-11;2025-12,93057,1.193,False
运动兴趣,basketball,basketball shorts boys,2,2025-11;2025-12,93249,,False
运动兴趣,baseball,infant baseball cap,5,2025-02;2025-03;2025-04;2025-05;2025-06,93276,,False
运动兴趣,baseball,baseball eye black,3,2025-03;2025-04;2025-05,93415,,False
运动兴趣,football,speed flex helmet football,6,2025-06;2025-07;2025-08;2025-09;2025-10;2025-11,93419,1.527,False
运动兴趣,baseball,hat stand for baseball caps,2,2025-05;2025-06,93536,,False
运动兴趣,football,football gloves youth boys 8-12,4,2025-01;2025-02;2025-03;2025-04,93604,,False
运动兴趣,football,jordan football cleats,4,2025-03;2025-06;2025-07;2025-08,93673,,False
运动兴趣,soccer,kids soccer bag,4,2025-03;2025-04;2025-08;2025-09,93871,,False
运动兴趣,soccer,soccer easter basket stuffers,1,2025-04,94199,,False
运动兴趣,football,football lineman gloves,2,2025-08;2025-09,94219,,False
运动兴趣,football,q collar for football,2,2025-08;2025-09,94219,,False
运动兴趣,soccer,indoor soccer shoes mens,12,2025-01;2025-02;2025-03;2025-04;2025-05;2025-06;2025-07;2025-08;2025-09;2025-10;2025-11;2025-12,94259,0.84,False
运动兴趣,baseball,baseball bogg bag,4,2025-02;2025-03;2025-04;2025-05,94341,,False
运动兴趣,football,football throwing net,2,2025-11;2025-12,94380,,False
运动兴趣,baseball,baseball toys,5,2025-04;2025-05;2025-06;2025-11;2025-12,94425,,False
运动兴趣,football,football gloves kids,4,2025-09;2025-10;2025-11;2025-12,94599,,False
运动兴趣,football,football cards 2025-2026,2,2025-11;2025-12,94816,,False
运动兴趣,baseball,baseball cup,4,2025-02;2025-03;2025-04;2025-05,94842,,False
运动兴趣,softball,sliding shorts softball,3,2025-02;2025-03;2025-04,94842,,False
运动兴趣,soccer,soccer medals,2,2025-05;2025-10,94892,,False
运动兴趣,soccer,soccer shin guards kids 3-5,3,2025-03;2025-08;2025-09,95023,,False
运动兴趣,baseball,baseball shirts,6,2025-02;2025-03;2025-04;2025-05;2025-06;2025-07,95062,1.465,False
运动兴趣,softball,softball tees for hitting,4,2025-02;2025-03;2025-04;2025-05,95139,,False
运动兴趣,volleyball,outdoor volleyball,7,2025-03;2025-04;2025-05;2025-06;2025-07;2025-08;2025-09,95282,1.367,False
运动兴趣,softball,white softball belt,6,2025-02;2025-03;2025-04;2025-05;2025-08;2025-09,95293,1.147,False
运动兴趣,baseball,kids baseball socks,2,2025-03;2025-04,95296,,False
运动兴趣,soccer,soccer cleats men,8,2025-02;2025-03;2025-04;2025-05;2025-06;2025-07;2025-08;2025-09,95560,0.819,False
运动兴趣,football,football chin strap cover,1,2025-08,95636,,False
运动兴趣,football,bicep bands football,2,2025-08;2025-09,95737,,False
运动兴趣,soccer,soccer shin guards adult,2,2025-08;2025-09,95737,,False
运动兴趣,basketball,trampoline with basketball hoop,7,2025-03;2025-04;2025-05;2025-06;2025-07;2025-11;2025-12,95809,1.456,False
运动兴趣,football,football tights,2,2025-08;2025-09,95845,,False
运动兴趣,softball,girls softball socks,3,2025-03;2025-04;2025-05,95917,,False
运动兴趣,football,clear football visor,2,2025-08;2025-09,95937,,False
运动兴趣,volleyball,volleyball spike trainer,10,2025-03;2025-04;2025-05;2025-06;2025-07;2025-08;2025-09;2025-10;2025-11;2025-12,96056,0.756,False
运动兴趣,basketball,nba basketball,10,2025-01;2025-02;2025-03;2025-04;2025-05;2025-06;2025-07;2025-10;2025-11;2025-12,96071,1.017,False
运动兴趣,basketball,basketball socks men,10,2025-01;2025-02;2025-03;2025-04;2025-05;2025-06;2025-07;2025-10;2025-11;2025-12,96072,0.776,False
运动兴趣,baseball,brown baseball cap,2,2025-09;2025-10,96111,,False
运动兴趣,soccer,soccer shin guards kids 12-14 years old,4,2025-02;2025-03;2025-04;2025-08,96142,,False
运动兴趣,baseball,baseball sliding shorts,3,2025-02;2025-03;2025-04,96255,,False
运动兴趣,football,toddler football,5,2025-08;2025-09;2025-10;2025-11;2025-12,96269,,False
运动兴趣,volleyball,beach volleyball net,4,2025-04;2025-05;2025-06;2025-07,96280,,False
运动兴趣,soccer,soccer rebounder board,8,2025-02;2025-03;2025-04;2025-05;2025-06;2025-07;2025-11;2025-12,96292,0.843,False
运动兴趣,soccer,soccer cupcake toppers,7,2025-03;2025-04;2025-05;2025-06;2025-09;2025-10;2025-11,96346,1.045,False
运动兴趣,softball,softball stuff,11,2025-02;2025-03;2025-04;2025-05;2025-06;2025-07;2025-08;2025-09;2025-10;2025-11;2025-12,96407,1.476,False
运动兴趣,baseball,orange baseball socks,4,2025-02;2025-03;2025-04;2025-09,96457,,False
运动兴趣,volleyball,jellycat volleyball,3,2025-03;2025-11;2025-12,96495,,False
运动兴趣,football,mini football helmets,7,2025-01;2025-02;2025-08;2025-09;2025-10;2025-11;2025-12,96576,0.671,False
运动兴趣,basketball,basketball necklace,4,2025-01;2025-02;2025-11;2025-12,96691,,True
运动兴趣,baseball,red baseball socks youth,3,2025-03;2025-04;2025-05,96863,,False
运动兴趣,volleyball,volleyball blanket,4,2025-09;2025-10;2025-11;2025-12,96896,,False
运动兴趣,baseball,baseball mom gifts,1,2025-05,96911,,False
运动兴趣,volleyball,outdoor volleyball net,5,2025-03;2025-04;2025-05;2025-06;2025-07,97193,,False
运动兴趣,soccer,soccer accessories,10,2025-02;2025-03;2025-04;2025-05;2025-06;2025-08;2025-09;2025-10;2025-11;2025-12,97331,0.744,False
运动兴趣,football,donruss optic football cards 2024,5,2025-04;2025-05;2025-06;2025-07;2025-08,97453,,False
运动兴趣,football,receiver football gloves,7,2025-04;2025-05;2025-06;2025-07;2025-08;2025-09;2025-10,97459,0.879,False
运动兴趣,basketball,basketball movie,3,2025-01;2025-02;2025-03,97469,,False
运动兴趣,football,clear visor football,2,2025-08;2025-09,97587,,False
运动兴趣,baseball,baseball helmet kids 5-8,3,2025-02;2025-03;2025-04,97626,,False
运动兴趣,football,back plate football youth,3,2025-07;2025-08;2025-09,97682,,False
运动兴趣,volleyball,white volleyball knee pads,2,2025-08;2025-09,97682,,False
运动兴趣,baseball,baseball iq for kids and teens,1,2025-02,97757,,False
运动兴趣,baseball,baseball cleats boys,4,2025-02;2025-03;2025-04;2025-09,98078,,False
运动兴趣,softball,softball gloves for women,4,2025-02;2025-03;2025-04;2025-05,98146,,False
运动兴趣,baseball,radar gun baseball,7,2025-03;2025-04;2025-05;2025-06;2025-07;2025-08;2025-11,98307,1.785,False
运动兴趣,softball,softball catchers gear,8,2025-02;2025-03;2025-04;2025-05;2025-06;2025-07;2025-08;2025-09,98358,1.506,False
运动兴趣,football,football bags,3,2025-08;2025-09;2025-10,98557,,False
运动兴趣,football,football costumes for boys,1,2025-10,98708,,False
运动兴趣,basketball,nike basketball,9,2025-01;2025-02;2025-03;2025-04;2025-05;2025-06;2025-07;2025-11;2025-12,98728,0.889,False
运动兴趣,baseball,women baseball cap,8,2025-02;2025-03;2025-04;2025-05;2025-06;2025-07;2025-08;2025-09,98904,1.569,False
运动兴趣,soccer,soccer net for kids age 6-8,4,2025-03;2025-04;2025-05;2025-06,98934,,False
运动兴趣,basketball,patella band basketball,1,2025-01,99093,,False
运动兴趣,soccer,soccer advent calendar,1,2025-11,99096,,False
运动兴趣,basketball,floating basketball hoop for pool,2,2025-06;2025-07,99145,,False
运动兴趣,soccer,soccer net for kids age 3-5,7,2025-02;2025-03;2025-04;2025-05;2025-06;2025-07;2025-08,99239,1.685,False
运动兴趣,baseball,baseball accessories for boys,2,2025-11;2025-12,99274,,False
运动兴趣,volleyball,volleyball keychain,7,2025-02;2025-04;2025-08;2025-09;2025-10;2025-11;2025-12,99292,0.663,False
运动兴趣,football,white football jersey,2,2025-08;2025-09,99343,,False
运动兴趣,basketball,indoor basketball game,2,2025-11;2025-12,99348,,False
运动兴趣,baseball,baseball decorations,4,2025-03;2025-04;2025-05;2025-06,99354,,False
运动兴趣,baseball,baseball cleats kids,3,2025-02;2025-03;2025-04,99390,,False
运动兴趣,football,youth football backplate,3,2025-07;2025-08;2025-09,99619,,False
运动兴趣,baseball,baseball nets for batting and pitching,5,2025-02;2025-03;2025-04;2025-05;2025-06,99709,,False
运动兴趣,football,football towels,3,2025-07;2025-08;2025-09,99803,,False
运动兴趣,basketball,lego basketball,2,2025-11;2025-12,99928,,False
运动兴趣,baseball,baseball shirts women,5,2025-02;2025-03;2025-04;2025-05;2025-06,99959,,False
运动兴趣,football,youth practice football jersey,2,2025-07;2025-08,99964,,False
运动兴趣,basketball,basketball leg sleeve,6,2025-01;2025-02;2025-03;2025-10;2025-11;2025-12,99968,0.882,False
运动兴趣,volleyball,volleyball spandex,2,2025-07;2025-08,100168,,False
运动兴趣,football,football jellycat,6,2025-01;2025-02;2025-09;2025-10;2025-11;2025-12,100308,0.838,False
运动兴趣,baseball,baseball sunglasses for boys 12-14,2,2025-03;2025-04,100326,,False
运动兴趣,football,football throwing machine,3,2025-10;2025-11;2025-12,100381,,False
运动兴趣,baseball,baseball caps for women,7,2025-03;2025-04;2025-05;2025-06;2025-07;2025-08;2025-09,100612,1.402,False
运动兴趣,basketball,basketball size 6,3,2025-03;2025-11;2025-12,100726,,False
运动兴趣,soccer,indoor soccer,2,2025-11;2025-12,101100,,False
运动兴趣,soccer,kids indoor soccer shoes,4,2025-01;2025-10;2025-11;2025-12,101151,,False
运动兴趣,football,flag football cleats,4,2025-02;2025-03;2025-08;2025-09,101181,,False
运动兴趣,soccer,soccer game,2,2025-11;2025-12,101230,,False
运动兴趣,basketball,custom basketball jersey,10,2025-01;2025-02;2025-03;2025-04;2025-05;2025-06;2025-07;2025-09;2025-10;2025-11,101395,1.77,False
运动兴趣,baseball,white baseball pants mens,4,2025-02;2025-03;2025-04;2025-06,101397,,False
运动兴趣,football,panini football cards 2025,2,2025-11;2025-12,101421,,False
运动兴趣,baseball,baseball water bottle,7,2025-02;2025-03;2025-04;2025-05;2025-06;2025-07;2025-08,101432,1.306,False
运动兴趣,football,college football 25 ps5,2,2025-01;2025-02,101505,,False
运动兴趣,baseball,baseball hat washer cage,8,2025-03;2025-04;2025-05;2025-06;2025-07;2025-08;2025-09;2025-10,101510,0.902,False
运动兴趣,basketball,basketball birthday party decorations,11,2025-01;2025-02;2025-03;2025-04;2025-05;2025-06;2025-07;2025-08;2025-09;2025-10;2025-11,101602,1.519,False
运动兴趣,baseball,cap organizer for baseball caps,7,2025-01;2025-02;2025-03;2025-04;2025-05;2025-06;2025-07,101749,1.324,False
运动兴趣,football,mens football girdle,2,2025-07;2025-08,101928,,False
运动兴趣,football,nike cleats football,8,2025-02;2025-03;2025-04;2025-05;2025-06;2025-07;2025-08;2025-09,101966,0.761,False
运动兴趣,football,youth back plates for football,1,2025-08,102206,,False
运动兴趣,basketball,basketball cards 2024-2025,4,2025-01;2025-02;2025-03;2025-04,102340,,False
运动兴趣,baseball,baseball equipment,9,2025-02;2025-03;2025-04;2025-05;2025-06;2025-07;2025-10;2025-11;2025-12,102373,1.443,False
运动兴趣,baseball,baseball keychain,6,2025-03;2025-04;2025-05;2025-06;2025-08;2025-09,102513,1.641,False
运动兴趣,baseball,yellow baseball pants,1,2025-10,102546,,False
运动兴趣,volleyball,inflatable volleyball pool,2,2025-06;2025-07,102666,,False
运动兴趣,football,football bags for snacks,2,2025-09;2025-10,102700,,False
运动兴趣,softball,softball coach gifts,2,2025-05;2025-06,102774,,False
运动兴趣,basketball,basketball court,7,2025-02;2025-03;2025-04;2025-05;2025-06;2025-11;2025-12,102792,1.052,False
运动兴趣,soccer,soccer socks kids 4-6,4,2025-03;2025-04;2025-08;2025-09,102818,,False
运动兴趣,football,football shirts,2,2025-08;2025-09,103006,,False
运动兴趣,football,youth football mouth guard with strap,2,2025-07;2025-08,103062,,False
运动兴趣,baseball,toddler baseball,6,2025-03;2025-04;2025-05;2025-06;2025-11;2025-12,103073,1.326,False
运动兴趣,volleyball,volleyball shoes men,12,2025-01;2025-02;2025-03;2025-04;2025-05;2025-06;2025-07;2025-08;2025-09;2025-10;2025-11;2025-12,103167,1.288,False
运动兴趣,basketball,basketball hoop pool,3,2025-05;2025-06;2025-07,103222,,False
运动兴趣,football,football helmet stickers,2,2025-08;2025-09,103256,,False
运动兴趣,soccer,soccer headbands for girls,4,2025-03;2025-04;2025-08;2025-09,103257,,False
运动兴趣,basketball,nike basketball socks,5,2025-01;2025-02;2025-03;2025-11;2025-12,103273,,False
运动兴趣,football,padded football gloves,2,2025-08;2025-09,103296,,False
运动兴趣,baseball,marucci baseball bat,4,2025-03;2025-04;2025-05;2025-06,103314,,False
运动兴趣,volleyball,kendra scott volleyball necklace,2,2025-11;2025-12,103344,,True
运动兴趣,basketball,red basketball shorts,1,2025-10,103359,,False
运动兴趣,baseball,boys baseball belt,3,2025-03;2025-04;2025-05,103434,,False
运动兴趣,soccer,sand socks for beach soccer,2,2025-05;2025-06,103460,,False
运动兴趣,softball,youth softball helmet,3,2025-02;2025-03;2025-04,103485,,False
运动兴趣,football,football backdrop,5,2025-01;2025-02;2025-08;2025-09;2025-10,103563,,False
运动兴趣,football,football undershirt,2,2025-08;2025-09,103618,,False
运动兴趣,baseball,baseball ribbon,3,2025-03;2025-04;2025-05,103796,,False
运动兴趣,soccer,soccer gifts for men,1,2025-12,103876,,False
运动兴趣,volleyball,volleyball ball,10,2025-02;2025-03;2025-04;2025-05;2025-06;2025-07;2025-08;2025-09;2025-10;2025-11,103917,1.39,False
运动兴趣,basketball,basketball return attachment,5,2025-03;2025-04;2025-05;2025-11;2025-12,104004,,False
运动兴趣,softball,softball party favors,6,2025-03;2025-04;2025-05;2025-06;2025-09;2025-10,104160,1.322,False
运动兴趣,baseball,black youth baseball pants,4,2025-02;2025-03;2025-04;2025-09,104362,,False
运动兴趣,basketball,basketball rug,11,2025-01;2025-02;2025-03;2025-04;2025-05;2025-06;2025-07;2025-08;2025-09;2025-11;2025-12,104373,0.914,False
运动兴趣,basketball,nike basketball bag,3,2025-01;2025-11;2025-12,104373,,False
运动兴趣,football,kids football mouth guard,3,2025-07;2025-08;2025-09,104528,,False
运动兴趣,football,bright football,1,2025-11,104670,,False
运动兴趣,baseball,navy blue baseball socks,4,2025-02;2025-03;2025-04;2025-09,104697,,False
运动兴趣,basketball,basketball easter basket,1,2025-04,104834,,False
运动兴趣,baseball,men's baseball pants,2,2025-03;2025-04,105081,,False
运动兴趣,softball,softball scorebook,5,2025-02;2025-03;2025-04;2025-05;2025-09,105083,,False
运动兴趣,baseball,baseball team gifts,3,2025-04;2025-05;2025-06,105170,,False
运动兴趣,baseball,baseball tablecloth,5,2025-03;2025-04;2025-05;2025-06;2025-07,105264,,False
运动兴趣,baseball,under armour baseball pants,3,2025-01;2025-02;2025-03,105869,,False
运动兴趣,basketball,supreme silent sports basketball,1,2025-12,105966,,False
运动兴趣,basketball,basketball hoop toddler,3,2025-03;2025-11;2025-12,105987,,False
运动兴趣,football,football lego,2,2025-11;2025-12,106004,,False
运动兴趣,football,spats football,2,2025-08;2025-09,106075,,False
运动兴趣,soccer,womens soccer shorts,8,2025-02;2025-03;2025-04;2025-05;2025-06;2025-07;2025-08;2025-09,106233,0.954,False
运动兴趣,baseball,water baseball glove and ball,2,2025-06;2025-07,106242,,False
运动兴趣,soccer,soccer water bottle,9,2025-03;2025-04;2025-05;2025-07;2025-08;2025-09;2025-10;2025-11;2025-12,106396,1.171,False
运动兴趣,basketball,adidas basketball shoes,12,2025-01;2025-02;2025-03;2025-04;2025-05;2025-06;2025-07;2025-08;2025-09;2025-10;2025-11;2025-12,106498,0.707,False
运动兴趣,basketball,trampoline basketball hoop attachment,4,2025-03;2025-04;2025-05;2025-06,106557,,False
运动兴趣,football,football padded shirt,2,2025-07;2025-08,106946,,False
运动兴趣,football,football paper plates,3,2025-01;2025-02;2025-09,106987,,False
运动兴趣,football,white football socks,2,2025-08;2025-09,107081,,False
运动兴趣,soccer,kids soccer net,8,2025-03;2025-04;2025-05;2025-06;2025-08;2025-09;2025-11;2025-12,107298,1.404,False
运动兴趣,basketball,basketball valentines for kids,2,2025-01;2025-02,107318,,False
运动兴趣,soccer,soccer stuff for boys,2,2025-11;2025-12,107378,,False
运动兴趣,basketball,little tikes basketball,7,2025-03;2025-04;2025-05;2025-09;2025-10;2025-11;2025-12,107436,0.723,False
运动兴趣,volleyball,volleyball set,4,2025-04;2025-05;2025-06;2025-07,107444,,False
运动兴趣,basketball,quiet basketball dribbling indoor,4,2025-01;2025-02;2025-11;2025-12,107483,,False
运动兴趣,baseball,baseball shirts for boys,4,2025-02;2025-03;2025-04;2025-05,107610,,False
运动兴趣,volleyball,kids volleyball knee pads,4,2025-03;2025-06;2025-08;2025-09,107796,,False
运动兴趣,football,youth football shoulder pads,2,2025-07;2025-08,107826,,False
运动兴趣,soccer,soccer trophy for kids,2,2025-05;2025-10,107891,,False
运动兴趣,football,football mouth guard for braces,2,2025-07;2025-08,107954,,False
运动兴趣,baseball,baseball popper for hitting,5,2025-03;2025-04;2025-05;2025-11;2025-12,107990,,False
运动兴趣,basketball,portable basketball hoop,10,2025-02;2025-03;2025-04;2025-05;2025-06;2025-07;2025-08;2025-09;2025-11;2025-12,108057,1.485,False
运动兴趣,basketball,womens basketball,7,2025-01;2025-02;2025-03;2025-04;2025-10;2025-11;2025-12,108117,0.662,False
运动兴趣,baseball,rawlings baseball bag,3,2025-02;2025-03;2025-04,108157,,False
运动兴趣,soccer,nike cleats soccer,8,2025-02;2025-03;2025-04;2025-05;2025-06;2025-07;2025-08;2025-09,108241,1.208,False
运动兴趣,softball,mens softball cleats,7,2025-03;2025-04;2025-05;2025-06;2025-07;2025-08;2025-09,108302,1.416,False
运动兴趣,baseball,baseball sweatshirt women,3,2025-02;2025-03;2025-04,108342,,False
运动兴趣,basketball,spalding basketball hoop,7,2025-03;2025-04;2025-05;2025-06;2025-07;2025-11;2025-12,108521,1.601,False
运动兴趣,football,ncaa football 26 xbox series x,1,2025-07,108637,,False
运动兴趣,basketball,27.5 basketball youth,1,2025-01,109094,,False
运动兴趣,volleyball,volleyball accessories,6,2025-03;2025-08;2025-09;2025-10;2025-11;2025-12,109184,1.315,False
运动兴趣,baseball,boys black baseball pants,4,2025-02;2025-03;2025-04;2025-09,109228,,False
运动兴趣,soccer,soccer games,9,2025-01;2025-02;2025-03;2025-04;2025-05;2025-06;2025-07;2025-11;2025-12,109255,0.817,False
运动兴趣,football,chargers football,1,2025-12,109465,,False
运动兴趣,baseball,baseball arm sleeves youth,4,2025-03;2025-04;2025-05;2025-06,109549,,False
运动兴趣,football,football water bottles for boys,2,2025-08;2025-09,109627,,False
运动兴趣,football,mosaic football cards 2024,2,2025-01;2025-02,109781,,False
运动兴趣,basketball,adidas basketball shoes for men,8,2025-01;2025-02;2025-03;2025-04;2025-05;2025-06;2025-07;2025-08,109947,1.35,False
运动兴趣,basketball,basketball purse,1,2025-10,110079,,False
运动兴趣,football,light up football for kids 8-12,2,2025-11;2025-12,110175,,False
运动兴趣,basketball,basketball keychain,5,2025-01;2025-02;2025-03;2025-11;2025-12,110204,,False
运动兴趣,softball,softball masks for girls youth,3,2025-02;2025-03;2025-04,110425,,False
运动兴趣,soccer,deflated soccer balls with pump,2,2025-10;2025-11,110463,,False
运动兴趣,football,rib protectors for football,2,2025-08;2025-09,110547,,False
运动兴趣,softball,softball glasses,3,2025-03;2025-04;2025-05,110609,,False
运动兴趣,baseball,baseball helmet stickers,2,2025-03;2025-04,110658,,False
运动兴趣,soccer,indoor soccer cleats,3,2025-01;2025-10;2025-11,110695,,False
运动兴趣,softball,softball blanket,3,2025-04;2025-11;2025-12,110711,,False
运动兴趣,football,white football gloves,2,2025-08;2025-09,110818,,False
运动兴趣,softball,softball necklace for girls,7,2025-03;2025-04;2025-05;2025-06;2025-09;2025-11;2025-12,110850,1.328,True
运动兴趣,basketball,basketball medals,1,2025-02,111239,,False
运动兴趣,baseball,sliding shorts baseball youth,2,2025-03;2025-04,111257,,False
运动兴趣,soccer,adidas soccer socks youth,2,2025-08;2025-09,111328,,False
运动兴趣,volleyball,volleyball mom shirt,2,2025-08;2025-09,111433,,False
运动兴趣,softball,softball shirts for women,5,2025-02;2025-03;2025-04;2025-05;2025-06,111493,,False
运动兴趣,baseball,soldier tank baseball bat,4,2025-03;2025-04;2025-05;2025-06,111604,,False
运动兴趣,basketball,sabrina 3 basketball shoes,2,2025-10;2025-11,111641,,False
运动兴趣,baseball,baseball beads,4,2025-03;2025-04;2025-05;2025-06,111663,,False
运动兴趣,baseball,kids baseball helmet,2,2025-03;2025-04,111718,,False
运动兴趣,baseball,baseball game,2,2025-11;2025-12,111837,,False
运动兴趣,baseball,red baseball hat,1,2025-10,111839,,False
运动兴趣,baseball,baseball elbow guard,5,2025-02;2025-03;2025-04;2025-05;2025-06,111847,,False
运动兴趣,football,football gloves lineman,3,2025-07;2025-08;2025-09,112136,,False
运动兴趣,soccer,soccer gift,2,2025-11;2025-12,112173,,False
运动兴趣,football,football sleeves youth,2,2025-08;2025-09,112176,,False
运动兴趣,football,champro football pants,1,2025-08,112222,,False
运动兴趣,basketball,basketball trading cards,1,2025-12,112279,,False
运动兴趣,basketball,basketball grip spray,2,2025-11;2025-12,112315,,False
运动兴趣,football,baby football outfit,2,2025-08;2025-09,112366,,False
运动兴趣,football,pink socks football,1,2025-10,112431,,False
运动兴趣,basketball,giannis basketball shoes,6,2025-01;2025-02;2025-03;2025-10;2025-11;2025-12,112614,1.237,False
运动兴趣,soccer,portable soccer goal,7,2025-03;2025-04;2025-05;2025-06;2025-07;2025-08;2025-09,112750,1.253,False
运动兴趣,volleyball,volleyball gift bags,2,2025-09;2025-10,112905,,False
运动兴趣,baseball,baseball croc charms,2,2025-03;2025-04,112988,,True
运动兴趣,basketball,spalding basketball,8,2025-01;2025-02;2025-03;2025-04;2025-05;2025-06;2025-11;2025-12,113004,1.078,False
运动兴趣,football,shoc visor football,2,2025-07;2025-08,113074,,False
运动兴趣,soccer,girls soccer shin guards,3,2025-03;2025-08;2025-09,113174,,False
运动兴趣,baseball,under armour baseball pants men,3,2025-03;2025-04;2025-06,113265,,False
运动兴趣,baseball,swax baseball,4,2025-02;2025-03;2025-04;2025-05,113307,,False
运动兴趣,softball,softball mask,2,2025-03;2025-04,113307,,False
运动兴趣,soccer,soccer ball with pump deflated,2,2025-10;2025-11,113312,,False
运动兴趣,soccer,soccer keychain,7,2025-04;2025-05;2025-08;2025-09;2025-10;2025-11;2025-12,113348,0.841,False
运动兴趣,basketball,basketball plush,3,2025-02;2025-11;2025-12,113519,,False
运动兴趣,baseball,baseball christmas ornaments,2,2025-11;2025-12,113564,,False
运动兴趣,softball,softball helmet with face mask,2,2025-03;2025-04,113697,,False
运动兴趣,football,nike football,4,2025-09;2025-10;2025-11;2025-12,113761,,False
运动兴趣,volleyball,nebraska volleyball shirt,5,2025-08;2025-09;2025-10;2025-11;2025-12,113769,,False
运动兴趣,basketball,basketball ball,9,2025-02;2025-03;2025-04;2025-05;2025-06;2025-07;2025-08;2025-11;2025-12,113779,1.263,False
运动兴趣,baseball,la hats for women baseball cap,7,2025-01;2025-02;2025-03;2025-04;2025-05;2025-06;2025-07,113804,1.128,False
运动兴趣,basketball,wnba basketball cards,8,2025-02;2025-03;2025-04;2025-05;2025-06;2025-07;2025-08;2025-12,114100,0.79,False
运动兴趣,football,youth chin strap football,2,2025-07;2025-08,114262,,False
运动兴趣,soccer,usa soccer jersey,3,2025-06;2025-07;2025-12,114358,,False
运动兴趣,football,gloves football,3,2025-07;2025-08;2025-09,114500,,False
运动兴趣,baseball,baseball accessories drip,4,2025-03;2025-04;2025-05;2025-06,114533,,False
运动兴趣,soccer,select soccer ball size 5,8,2025-02;2025-03;2025-04;2025-05;2025-06;2025-07;2025-08;2025-09,114628,1.065,False
运动兴趣,baseball,new balance baseball cleats men,2,2025-02;2025-03,114642,,False
运动兴趣,basketball,basketball display case,10,2025-01;2025-02;2025-03;2025-04;2025-05;2025-06;2025-07;2025-08;2025-11;2025-12,114647,1.42,False
运动兴趣,football,breast cancer football accessories,2,2025-09;2025-10,114793,,False
运动兴趣,soccer,soccer equipment,12,2025-01;2025-02;2025-03;2025-04;2025-05;2025-06;2025-07;2025-08;2025-09;2025-10;2025-11;2025-12,114908,0.887,False
运动兴趣,soccer,soccer mom shirts for women,2,2025-08;2025-09,114992,,False
运动兴趣,volleyball,spike volleyball xbox,3,2025-02;2025-03;2025-04,115045,,False
运动兴趣,football,phil steele college football 2025,2,2025-07;2025-08,115303,,False
运动兴趣,football,shock visor football,2,2025-07;2025-08,115330,,False
运动兴趣,baseball,rolling baseball bag,5,2025-02;2025-03;2025-04;2025-05;2025-06,115431,,False
运动兴趣,basketball,basketball hoops,7,2025-02;2025-03;2025-04;2025-05;2025-06;2025-11;2025-12,115431,1.205,True
运动兴趣,football,indoor football,2,2025-11;2025-12,115463,,False
运动兴趣,baseball,baseball plates and napkins,2,2025-05;2025-06,115522,,False
运动兴趣,basketball,28.5 basketball indoor,2,2025-10;2025-11,115653,,False
运动兴趣,baseball,baseball shorts,6,2025-03;2025-04;2025-05;2025-06;2025-07;2025-08,115779,1.201,False
运动兴趣,baseball,baseball rings,2,2025-05;2025-06,115907,,True
运动兴趣,soccer,soccer bows for girls,1,2025-09,115912,,False
运动兴趣,volleyball,volleyball shirt,2,2025-08;2025-09,116038,,False
运动兴趣,volleyball,pink volleyball,8,2025-03;2025-04;2025-05;2025-06;2025-09;2025-10;2025-11;2025-12,116169,0.991,False
运动兴趣,volleyball,portable volleyball net,7,2025-03;2025-04;2025-05;2025-06;2025-07;2025-08;2025-09,116196,1.392,False
运动兴趣,basketball,basketball medals for kids,1,2025-02,116213,,False
运动兴趣,soccer,soccer cake topper,10,2025-01;2025-02;2025-03;2025-04;2025-05;2025-06;2025-07;2025-08;2025-09;2025-10,116216,1.007,False
运动兴趣,softball,softball gloves,3,2025-02;2025-03;2025-04,116415,,False
运动兴趣,football,cutters football gloves,2,2025-08;2025-09,116459,,False
运动兴趣,basketball,basketball room decor,7,2025-01;2025-02;2025-06;2025-07;2025-08;2025-11;2025-12,116485,0.74,False
运动兴趣,baseball,baseball backpack for boys 8-12,3,2025-02;2025-03;2025-04,116532,,False
运动兴趣,baseball,baseball swing trainer,3,2025-03;2025-04;2025-05,116532,,False
运动兴趣,football,black football socks,2,2025-08;2025-09,116627,,False
运动兴趣,football,football rug,7,2025-01;2025-02;2025-08;2025-09;2025-10;2025-11;2025-12,116665,0.852,False
运动兴趣,football,womens football shirt,3,2025-02;2025-08;2025-09,116837,,False
运动兴趣,baseball,demarini baseball bat,5,2025-02;2025-03;2025-04;2025-05;2025-06,116906,,False
运动兴趣,softball,softball sunglasses for girls,3,2025-03;2025-04;2025-05,116990,,False
运动兴趣,baseball,baseball basket,1,2025-04,117044,,False
运动兴趣,football,football snacks,1,2025-09,117113,,False
运动兴趣,baseball,mens baseball caps,5,2025-04;2025-05;2025-06;2025-07;2025-12,117158,,False
运动兴趣,basketball,basketball wives la,3,2025-05;2025-06;2025-07,117211,,False
运动兴趣,baseball,baseball christmas wrapping paper,2,2025-11;2025-12,117360,,False
运动兴趣,baseball,baseball hat rack,11,2025-01;2025-02;2025-03;2025-04;2025-05;2025-06;2025-07;2025-08;2025-09;2025-11;2025-12,117370,1.031,False
运动兴趣,softball,softball ornament,2,2025-11;2025-12,117470,,False
运动兴趣,baseball,baseball coaching accessories,3,2025-02;2025-03;2025-04,117517,,False
运动兴趣,football,custom jersey football,2,2025-08;2025-09,117560,,False
运动兴趣,soccer,puma soccer cleats,8,2025-02;2025-03;2025-04;2025-05;2025-06;2025-07;2025-08;2025-09,117602,0.985,False
运动兴趣,football,football gifts for men,1,2025-12,117813,,False
运动兴趣,basketball,senior night basketball,2,2025-01;2025-02,117850,,False
运动兴趣,baseball,baseball 101,2,2025-11;2025-12,117876,,False
运动兴趣,baseball,youth baseball,3,2025-03;2025-04;2025-05,117894,,False
运动兴趣,soccer,soccer socks women,4,2025-02;2025-03;2025-08;2025-09,117894,,False
运动兴趣,football,fantasy football decorations,1,2025-08,118035,,False
运动兴趣,fantasy football,fantasy football decorations,1,2025-08,118035,,False
运动兴趣,softball,softball balls,2,2025-03;2025-04,118054,,False
运动兴趣,football,football pants youth,2,2025-07;2025-08,118088,,False
运动兴趣,baseball,baseball gifts for boys 12-14,3,2025-04;2025-11;2025-12,118111,,False
运动兴趣,baseball,baseball batting gloves youth,3,2025-03;2025-04;2025-05,118117,,False
运动兴趣,baseball,youth black baseball pants,4,2025-02;2025-03;2025-04;2025-09,118175,,False
运动兴趣,softball,softball earrings,4,2025-03;2025-04;2025-05;2025-06,118256,,True
运动兴趣,football,donruss mega box football,1,2025-03,118387,,False
运动兴趣,basketball,soundless basketball,2,2025-11;2025-12,118444,,False
运动兴趣,football,boys football pants,3,2025-07;2025-08;2025-10,118672,,False
运动兴趣,baseball,supra baseball bat,2,2025-07;2025-08,118707,,False
运动兴趣,softball,softball pitching mat,9,2025-02;2025-03;2025-04;2025-05;2025-06;2025-07;2025-08;2025-09;2025-11,118861,1.531,False
运动兴趣,football,football patches,2,2025-08;2025-09,118863,,False
运动兴趣,soccer,size 5 soccer game ball,1,2025-12,118960,,False
运动兴趣,baseball,baseball shirt men,8,2025-02;2025-03;2025-04;2025-05;2025-06;2025-07;2025-08;2025-09,119097,1.227,False
运动兴趣,baseball,boys baseball glove,2,2025-03;2025-04,119329,,False
运动兴趣,football,fantasy football ring 2024,1,2025-01,119471,,True
运动兴趣,fantasy football,fantasy football ring 2024,1,2025-01,119471,,True
运动兴趣,football,cleats football men,1,2025-08,119481,,False
运动兴趣,football,football shoes,10,2025-01;2025-02;2025-03;2025-04;2025-05;2025-06;2025-07;2025-08;2025-09;2025-10,119570,1.068,False
运动兴趣,baseball,new balance cleats baseball,2,2025-02;2025-03,119633,,False
运动兴趣,softball,louisville slugger softball bat,3,2025-03;2025-04;2025-05,119633,,False
运动兴趣,basketball,basketball cards 2025,2,2025-11;2025-12,119722,,False
运动兴趣,football,football equipment bag,2,2025-07;2025-08,119763,,False
运动兴趣,volleyball,volleyball decorations,2,2025-09;2025-10,119871,,False
运动兴趣,football,football mouthguard,3,2025-07;2025-08;2025-09,119877,,False
运动兴趣,football,mens football pants,1,2025-08,119933,,False
运动兴趣,basketball,kids basketball hoop outdoor,3,2025-04;2025-05;2025-06,120040,,False
运动兴趣,softball,softball snack bags for girls,2,2025-03;2025-04,120044,,False
运动兴趣,basketball,basketball hoop net,5,2025-03;2025-04;2025-05;2025-06;2025-07,120104,,False
运动兴趣,football,football bracelets,2,2025-08;2025-09,120159,,True
运动兴趣,football,cleat covers football,2,2025-08;2025-09,120180,,False
运动兴趣,baseball,baseball bat bag,3,2025-02;2025-03;2025-04,120279,,False
运动兴趣,soccer,kids shin guards soccer age 8-10,4,2025-03;2025-04;2025-08;2025-09,120395,,False
运动兴趣,baseball,baseball favors,3,2025-03;2025-04;2025-05,120411,,False
运动兴趣,baseball,youth baseball pants grey,2,2025-03;2025-04,120555,,False
运动兴趣,basketball,basketball jellycat,3,2025-02;2025-11;2025-12,120562,,False
运动兴趣,football,football tackle dummy,3,2025-07;2025-08;2025-09,120673,,False
运动兴趣,football,youth football pads,4,2025-07;2025-08;2025-09;2025-10,120673,,False
运动兴趣,football,youth football practice pants,1,2025-07,120712,,False
运动兴趣,football,football beads,2,2025-08;2025-09,120745,,False
运动兴趣,baseball,baseball bag with wheels,4,2025-02;2025-03;2025-04;2025-05,120876,,False
运动兴趣,soccer,pre cut soccer socks,7,2025-03;2025-04;2025-08;2025-09;2025-10;2025-11;2025-12,120936,1.07,False
运动兴趣,basketball,basketball water bottle,3,2025-02;2025-11;2025-12,120966,,False
运动兴趣,soccer,soccer gloves for cold weather,2,2025-01;2025-02,120990,,False
运动兴趣,soccer,soccer books for kids 8-12,3,2025-10;2025-11;2025-12,121176,,False
运动兴趣,baseball,baseball shoes,4,2025-02;2025-03;2025-04;2025-05,121183,,False
运动兴趣,basketball,reversible basketball jersey,4,2025-01;2025-02;2025-03;2025-04,121417,,False
运动兴趣,baseball,baseball trophies for kids,1,2025-05,121421,,False
运动兴趣,volleyball,wilson volleyball,10,2025-03;2025-04;2025-05;2025-06;2025-07;2025-08;2025-09;2025-10;2025-11;2025-12,121421,1.153,False
运动兴趣,baseball,baseball rebounder,7,2025-03;2025-04;2025-05;2025-06;2025-07;2025-11;2025-12,121424,1.07,False
运动兴趣,softball,womens softball glove,3,2025-03;2025-04;2025-05,121543,,False
运动兴趣,volleyball,volleyball shorts girls,2,2025-08;2025-09,121586,,False
运动兴趣,basketball,poolside basketball hoops,2,2025-06;2025-07,121666,,True
运动兴趣,baseball,baseball belt mens,3,2025-03;2025-04;2025-05,121683,,False
运动兴趣,football,sunday night football,1,2025-01,121759,,False
运动兴趣,softball,softball belts for girls,2,2025-03;2025-04,121771,,False
运动兴趣,soccer,shinguards soccer kids,3,2025-03;2025-08;2025-09,121903,,False
运动兴趣,softball,softball gift bags,4,2025-03;2025-04;2025-05;2025-06,122029,,False
运动兴趣,basketball,bucket squad basketball,2,2025-11;2025-12,122149,,False
运动兴趣,volleyball,white volleyball,2,2025-09;2025-10,122251,,False
运动兴趣,baseball,boys baseball necklace,4,2025-04;2025-05;2025-06;2025-12,122279,,True
运动兴趣,basketball,molten basketball,12,2025-01;2025-02;2025-03;2025-04;2025-05;2025-06;2025-07;2025-08;2025-09;2025-10;2025-11;2025-12,122291,1.297,False
运动兴趣,soccer,size 2 soccer ball,4,2025-03;2025-04;2025-08;2025-09,122291,,False
运动兴趣,softball,softball bag with wheels,2,2025-02;2025-03,122662,,False
运动兴趣,softball,champro softball pants,5,2025-02;2025-03;2025-04;2025-08;2025-09,122716,,False
运动兴趣,football,football play wristbands,2,2025-08;2025-09,122745,,False
运动兴趣,football,ohio state football,3,2025-01;2025-11;2025-12,122787,,False
运动兴趣,football,football garden flag,2,2025-08;2025-09,122808,,False
运动兴趣,basketball,basketball tablecloth,2,2025-02;2025-03,122895,,False
运动兴趣,football,football valentines cards,2,2025-01;2025-02,123183,,False
运动兴趣,football,dog football costume,1,2025-10,123352,,False
运动兴趣,baseball,baseball lifestyle 101 apparel,1,2025-12,123387,,False
运动兴趣,baseball,baseball ornaments,1,2025-11,123551,,False
运动兴趣,basketball,basketball advent calendar,1,2025-11,123592,,False
运动兴趣,volleyball,volleyball party favors,2,2025-09;2025-10,123692,,False
运动兴趣,soccer,boys soccer shin guards,3,2025-03;2025-08;2025-09,123701,,False
运动兴趣,soccer,soccer blankets for boys,2,2025-11;2025-12,123732,,False
运动兴趣,football,youth football gear,2,2025-07;2025-08,123782,,False
运动兴趣,football,streamer towel football,2,2025-08;2025-09,124045,,False
运动兴趣,baseball,batting tees for baseball,3,2025-03;2025-04;2025-05,124086,,False
运动兴趣,softball,turf shoes softball,2,2025-02;2025-03,124086,,False
运动兴趣,soccer,full-size soccer goals,4,2025-04;2025-05;2025-06;2025-09,124341,,False
运动兴趣,soccer,hoover soccer ball indoor,1,2025-12,124429,,False
运动兴趣,football,football mud,6,2025-01;2025-08;2025-09;2025-10;2025-11;2025-12,124656,0.793,False
运动兴趣,basketball,basketball cards 2025-2026,2,2025-11;2025-12,124802,,False
运动兴趣,baseball,baby baseball hat,4,2025-03;2025-04;2025-05;2025-06,124832,,False
运动兴趣,baseball,white youth baseball pants,3,2025-02;2025-03;2025-04,124832,,False
运动兴趣,football,football valentines box,1,2025-02,124867,,False
运动兴趣,volleyball,volleyball socks,6,2025-02;2025-03;2025-08;2025-09;2025-10;2025-12,124902,0.773,False
运动兴趣,football,football nfl game,1,2025-01,124995,,False
运动兴趣,basketball,foam basketball indoor,4,2025-01;2025-02;2025-11;2025-12,124995,,False
运动兴趣,soccer,soccer lego set,1,2025-12,124995,,False
运动兴趣,basketball,basketball bags,4,2025-01;2025-02;2025-03;2025-11,125017,,False
运动兴趣,baseball,under armour youth baseball pants,3,2025-02;2025-03;2025-04,125030,,False
运动兴趣,basketball,curry basketball shoes,5,2025-01;2025-02;2025-03;2025-10;2025-11,125292,,False
运动兴趣,football,leather football,4,2025-09;2025-10;2025-11;2025-12,125316,,False
运动兴趣,football,football accessories for women,2,2025-08;2025-09,125348,,False
运动兴趣,football,football pants adult,3,2025-08;2025-09;2025-10,125682,,False
运动兴趣,basketball,nike elite basketball,5,2025-01;2025-02;2025-03;2025-11;2025-12,125784,,False
运动兴趣,baseball,arm sleeve baseball,4,2025-03;2025-04;2025-05;2025-06,125884,,False
运动兴趣,softball,kendra scott softball necklace gold,2,2025-03;2025-04,125884,,True
运动兴趣,football,football tape,2,2025-08;2025-09,126030,,False
运动兴趣,basketball,he is rizzin jesus basketball,1,2025-04,126156,,False
运动兴趣,football,football action figures,2,2025-11;2025-12,126248,,False
运动兴趣,softball,nike softball pants,2,2025-02;2025-03,126257,,False
运动兴趣,basketball,sabrina basketball shoes,2,2025-10;2025-11,126308,,False
运动兴趣,softball,purple softball socks,3,2025-03;2025-04;2025-09,126435,,False
运动兴趣,soccer,adidas soccer shorts,7,2025-03;2025-04;2025-05;2025-06;2025-07;2025-08;2025-09,126442,0.891,False
运动兴趣,volleyball,volleyball net outdoor,5,2025-03;2025-04;2025-05;2025-06;2025-09,126582,,False
运动兴趣,soccer,dog soccer ball with straps,8,2025-03;2025-04;2025-05;2025-06;2025-07;2025-08;2025-09;2025-12,126631,1.103,False
运动兴趣,volleyball,volleyball arm pads,4,2025-06;2025-07;2025-08;2025-09,126759,,False
运动兴趣,volleyball,volleyball beads,2,2025-02;2025-03,126784,,False
运动兴趣,baseball,indoor baseball,2,2025-11;2025-12,126844,,False
运动兴趣,soccer,soccer cards packs,2,2025-11;2025-12,126844,,False
运动兴趣,basketball,adjustable basketball hoop outdoor,3,2025-03;2025-04;2025-05,126847,,False
运动兴趣,football,football charms,2,2025-08;2025-09,126958,,True
运动兴趣,football,toddler football costume,1,2025-10,126966,,False
运动兴趣,football,youth football gloves for boys,3,2025-01;2025-08;2025-09,127015,,False
运动兴趣,basketball,basketball lego,1,2025-12,127130,,False
运动兴趣,soccer,soccer gear,3,2025-03;2025-11;2025-12,127167,,False
运动兴趣,baseball,baseball wrist tape,3,2025-03;2025-04;2025-05,127182,,False
运动兴趣,football,zombie football player costume for kids,1,2025-10,127357,,False
运动兴趣,football,football stuffed animal,4,2025-09;2025-10;2025-11;2025-12,127628,,False
运动兴趣,baseball,baseball ornaments for christmas tree,2,2025-11;2025-12,127669,,False
运动兴趣,baseball,blue baseball socks,2,2025-03;2025-04,127887,,False
运动兴趣,baseball,l screen baseball,5,2025-02;2025-03;2025-04;2025-05;2025-06,127951,,False
运动兴趣,football,football jerseys,3,2025-08;2025-09;2025-10,127958,,False
运动兴趣,baseball,rebound net baseball,1,2025-03,128007,,False
运动兴趣,basketball,wnba basketball,6,2025-05;2025-06;2025-07;2025-08;2025-11;2025-12,128071,1.273,False
运动兴趣,football,tackling dummies for football,2,2025-07;2025-08,128175,,False
运动兴趣,volleyball,volleyball knee pads youth,2,2025-08;2025-09,128321,,False
运动兴趣,basketball,reebok basketball shoes for men,1,2025-06,128662,,False
运动兴趣,baseball,pink baseball cap,1,2025-10,128794,,False
运动兴趣,volleyball,volleyball shoes nike,2,2025-07;2025-08,128800,,False
运动兴趣,baseball,kids baseball,6,2025-03;2025-04;2025-05;2025-06;2025-11;2025-12,128952,0.99,False
运动兴趣,basketball,girls basketball gifts,1,2025-12,129144,,False
运动兴趣,soccer,soccer coaching equipment,2,2025-03;2025-08,129218,,False
运动兴趣,baseball,baseball chest protector youth,2,2025-03;2025-04,129479,,False
运动兴趣,basketball,basketball toys,2,2025-11;2025-12,129483,,False
运动兴趣,football,football christmas ornaments,2,2025-11;2025-12,129665,,False
运动兴趣,baseball,baseball bag adult,2,2025-03;2025-04,129673,,False
运动兴趣,softball,softball hair accessories,2,2025-03;2025-04,129809,,False
运动兴趣,basketball,basketball senior night gifts,2,2025-01;2025-02,129833,,False
运动兴趣,baseball,mens baseball turf shoes,2,2025-02;2025-03,129891,,False
运动兴趣,football,football cup,1,2025-08,129916,,False
运动兴趣,baseball,water baseball,1,2025-06,129923,,False
运动兴趣,basketball,basketball ornaments for christmas tree,2,2025-11;2025-12,129925,,False
运动兴趣,softball,softball bat grip,5,2025-03;2025-04;2025-05;2025-06;2025-09,130257,,False
运动兴趣,baseball,baseball cooling towels,2,2025-05;2025-06,130291,,False
运动兴趣,baseball,big chew gum baseball,3,2025-03;2025-04;2025-05,130404,,False
运动兴趣,football,college football 26 xbox series x,1,2025-07,130477,,False
运动兴趣,volleyball,volleyball arm sleeves padded,2,2025-08;2025-09,130479,,False
运动兴趣,football,football accessories drip,3,2025-07;2025-08;2025-09,130783,,False
运动兴趣,football,football boots,9,2025-01;2025-02;2025-03;2025-04;2025-05;2025-06;2025-07;2025-08;2025-09,130941,1.359,False
运动兴趣,baseball,kids baseball belt,2,2025-03;2025-04,131017,,False
运动兴趣,football,small football,4,2025-09;2025-10;2025-11;2025-12,131141,,False
运动兴趣,football,kids football costume,1,2025-10,131250,,False
运动兴趣,basketball,basketball socks boys,2,2025-11;2025-12,131319,,False
运动兴趣,soccer,soccer goals for kids 4-6,2,2025-03;2025-04,131319,,False
运动兴趣,basketball,water basketball for pool,1,2025-06,131389,,False
运动兴趣,volleyball,water volleyball,2,2025-06;2025-07,131389,,False
运动兴趣,football,american football cleats men,2,2025-07;2025-08,131449,,False
运动兴趣,basketball,indoor basketball hoop for kids 8-12,3,2025-01;2025-02;2025-03,131503,,False
运动兴趣,football,football youth,2,2025-11;2025-12,131601,,False
运动兴趣,football,football today games,1,2025-01,131736,,False
运动兴趣,basketball,basketball game indoor,2,2025-11;2025-12,131769,,False
运动兴趣,football,football helmet costume,1,2025-10,131934,,False
运动兴趣,softball,new balance softball cleats,6,2025-02;2025-03;2025-04;2025-06;2025-08;2025-09,132013,1.003,False
运动兴趣,volleyball,knee pads for volleyball,2,2025-08;2025-09,132025,,False
运动兴趣,baseball,navy baseball belt,2,2025-02;2025-03,132093,,False
运动兴趣,volleyball,mini volleyball,2,2025-09;2025-10,132109,,False
运动兴趣,football,guardian caps football youth,2,2025-08;2025-09,132161,,False
运动兴趣,baseball,baseball board game,2,2025-11;2025-12,132200,,False
运动兴趣,baseball,mens baseball hats,7,2025-01;2025-02;2025-03;2025-04;2025-05;2025-06;2025-12,132302,1.028,False
运动兴趣,softball,softball gloves for men,6,2025-03;2025-04;2025-05;2025-06;2025-07;2025-08,132311,1.356,False
运动兴趣,volleyball,volleyball ankle braces,3,2025-07;2025-08;2025-09,132335,,False
运动兴趣,baseball,batting nets for baseball backyard,3,2025-03;2025-04;2025-05,132367,,False
运动兴趣,basketball,basketball earrings,5,2025-01;2025-02;2025-03;2025-11;2025-12,132378,,True
运动兴趣,baseball,toddler cleats baseball,1,2025-03,132431,,False
运动兴趣,softball,slow pitch softball bats for men,5,2025-03;2025-04;2025-05;2025-06;2025-07,132574,,False
运动兴趣,football,college football decor,1,2025-10,132822,,False
运动兴趣,softball,softball nets for batting and pitching,2,2025-03;2025-04,132873,,False
运动兴趣,basketball,basketball shoes women,2,2025-10;2025-11,132931,,False
运动兴趣,baseball,baseball grip tape,4,2025-03;2025-04;2025-05;2025-06,132965,,False
运动兴趣,softball,pitching machine softball,4,2025-03;2025-04;2025-05;2025-06,133135,,False
运动兴趣,baseball,baseball mom hat,3,2025-03;2025-04;2025-05,133205,,False
运动兴趣,football,football party bags,2,2025-09;2025-10,133310,,False
运动兴趣,soccer,soccer shin guards kids,1,2025-09,133382,,False
运动兴趣,softball,rip it softball face mask,2,2025-03;2025-04,133502,,False
运动兴趣,baseball,baseball card advent calendar,1,2025-11,133506,,False
运动兴趣,soccer,soccer pennies,3,2025-03;2025-08;2025-09,133678,,False
运动兴趣,soccer,girls soccer bag,3,2025-03;2025-08;2025-09,133696,,False
运动兴趣,soccer,kids cleats soccer,3,2025-03;2025-08;2025-09,133753,,False
运动兴趣,baseball,baseball glove lace,4,2025-03;2025-04;2025-05;2025-06,133828,,False
运动兴趣,soccer,mens soccer socks,3,2025-03;2025-08;2025-09,133947,,False
运动兴趣,football,youth shoulder pads football,2,2025-07;2025-08,134061,,False
运动兴趣,football,football trophy,7,2025-01;2025-02;2025-08;2025-09;2025-10;2025-11;2025-12,134084,0.999,False
运动兴趣,basketball,over door basketball hoop,2,2025-11;2025-12,134149,,False
运动兴趣,football,football skull cap,1,2025-08,134184,,False
运动兴趣,football,pink football jersey,2,2025-09;2025-10,134443,,False
运动兴趣,basketball,boys basketball socks,3,2025-01;2025-11;2025-12,134476,,False
运动兴趣,soccer,youth soccer ball,2,2025-03;2025-09,134477,,False
运动兴趣,football,youth football chin strap,2,2025-07;2025-08,134504,,False
运动兴趣,basketball,basketball sticky mat,3,2025-01;2025-11;2025-12,134522,,False
运动兴趣,softball,softball catchers mitt,4,2025-03;2025-04;2025-05;2025-06,134557,,False
运动兴趣,baseball,baseball necklaces,3,2025-04;2025-05;2025-06,134572,,True
运动兴趣,basketball,basketball shoe grip spray,3,2025-01;2025-11;2025-12,134580,,False
运动兴趣,baseball,mizuno baseball glove,4,2025-03;2025-04;2025-05;2025-06,134683,,False
运动兴趣,softball,black softball belt,1,2025-03,134771,,False
运动兴趣,softball,kids softball cleats,2,2025-03;2025-04,134851,,False
运动兴趣,softball,softball backpack,2,2025-03;2025-04,134932,,False
运动兴趣,football,junior size football,5,2025-08;2025-09;2025-10;2025-11;2025-12,134941,,False
运动兴趣,football,fatherless football,2,2025-11;2025-12,134966,,False
运动兴趣,baseball,baseball party supplies,2,2025-05;2025-06,134992,,False
运动兴趣,basketball,basketball mom sweatshirt,2,2025-01;2025-11,135088,,False
运动兴趣,baseball,bat bags baseball youth boys,2,2025-03;2025-04,135151,,False
运动兴趣,football,football games for kids,2,2025-11;2025-12,135179,,False
运动兴趣,basketball,mens basketball,5,2025-02;2025-03;2025-04;2025-11;2025-12,135277,,False
运动兴趣,football,high-top football cleats,1,2025-08,135451,,False
运动兴趣,baseball,baseball mom sweatshirt,2,2025-02;2025-03,135519,,False
运动兴趣,basketball,boys basketball,2,2025-11;2025-12,135530,,False
运动兴趣,baseball,pink baseball belt,1,2025-10,135537,,False
运动兴趣,basketball,basketball decor,5,2025-01;2025-02;2025-03;2025-11;2025-12,135668,,False
运动兴趣,baseball,baseball treat bags for team snacks,1,2025-04,135809,,False
运动兴趣,baseball,baseball ken burns,6,2025-01;2025-02;2025-03;2025-04;2025-05;2025-06,135942,1.183,False
运动兴趣,basketball,basketball posters,8,2025-01;2025-02;2025-03;2025-06;2025-07;2025-08;2025-11;2025-12,135975,0.88,False
运动兴趣,baseball,baseball games,5,2025-04;2025-05;2025-06;2025-07;2025-12,136016,,False
运动兴趣,basketball,basketball trophy for kids,1,2025-02,136059,,False
运动兴趣,baseball,baseball slip and slide,2,2025-05;2025-06,136065,,False
运动兴趣,basketball,basketball cards packs,2,2025-11;2025-12,136213,,False
运动兴趣,baseball,youth baseball bats,3,2025-03;2025-04;2025-05,136246,,False
运动兴趣,baseball,baseball blankets for boys,2,2025-11;2025-12,136250,,False
运动兴趣,basketball,soft basketball,2,2025-11;2025-12,136304,,False
运动兴趣,basketball,basketball compression shirt,2,2025-11;2025-12,136598,,False
运动兴趣,softball,adult softball glove,3,2025-03;2025-04;2025-05,136653,,False
运动兴趣,basketball,basketball coaching board,3,2025-01;2025-11;2025-12,136710,,False
运动兴趣,football,nike football pants,1,2025-08,136793,,False
运动兴趣,soccer,soccer grip socks youth,4,2025-07;2025-08;2025-09;2025-12,136859,,False
运动兴趣,soccer,youth soccer balls size 4,2,2025-08;2025-09,136887,,False
运动兴趣,volleyball,mens volleyball shoes,3,2025-02;2025-03;2025-09,136936,,False
运动兴趣,baseball,baseball iron on patches,1,2025-03,137072,,False
运动兴趣,basketball,basketball for pool,1,2025-06,137137,,False
运动兴趣,basketball,basketball for kids,2,2025-11;2025-12,137188,,False
运动兴趣,basketball,basketball plates,2,2025-02;2025-03,137289,,False
运动兴趣,soccer,boys cleats soccer,3,2025-03;2025-08;2025-09,137367,,False
运动兴趣,football,kids football helmet,3,2025-10;2025-11;2025-12,137716,,False
运动兴趣,soccer,soccer nets for kids ages 12-14,4,2025-03;2025-04;2025-05;2025-06,137751,,False
运动兴趣,football,notre dame football,1,2025-01,137823,,False
运动兴趣,baseball,bat weights for baseball youth,2,2025-04;2025-05,137841,,False
运动兴趣,basketball,basketball valentines box,1,2025-02,137873,,False
运动兴趣,football,nerf football whistle,2,2025-11;2025-12,137925,,False
运动兴趣,baseball,baseball party bags,3,2025-03;2025-04;2025-05,137928,,False
运动兴趣,baseball,orange baseball socks youth,1,2025-04,137928,,False
运动兴趣,football,football cake topper,4,2025-01;2025-02;2025-09;2025-10,137980,,False
运动兴趣,soccer,smart soccer ball,2,2025-11;2025-12,138089,,False
运动兴趣,soccer,soccer christmas ornament,2,2025-11;2025-12,138242,,False
运动兴趣,soccer,soccer water bottles for boys,4,2025-03;2025-04;2025-08;2025-09,138260,,False
运动兴趣,baseball,baseball pitching machine,6,2025-03;2025-04;2025-05;2025-06;2025-11;2025-12,138400,1.284,False
运动兴趣,basketball,portable basketball hoops,4,2025-06;2025-10;2025-11;2025-12,138410,,True
运动兴趣,soccer,stryka skillzone - soccer accuracy target game,1,2025-11,138476,,False
运动兴趣,baseball,baseball senior night gifts,1,2025-04,138547,,False
运动兴趣,baseball,baseball bat wall mount,4,2025-01;2025-07;2025-08;2025-09,138653,,False
运动兴趣,baseball,pocket radar baseball,5,2025-03;2025-04;2025-05;2025-06;2025-07,138779,,False
运动兴趣,baseball,maroon baseball socks,2,2025-03;2025-04,138931,,False
运动兴趣,baseball,ice cream shorts baseball,2,2025-04;2025-05,138962,,False
运动兴趣,baseball,hats for men baseball cap,1,2025-12,138991,,False
运动兴趣,football,mouth guard football youth,2,2025-08;2025-09,139023,,False
运动兴趣,football,football mom accessories,1,2025-08,139360,,False
运动兴趣,football,football cupcake liners,1,2025-02,139521,,False
运动兴趣,football,football treat bags,1,2025-09,139604,,False
运动兴趣,soccer,soccer candy,4,2025-04;2025-05;2025-09;2025-10,139844,,False
运动兴趣,football,football cake decorations,3,2025-01;2025-02;2025-09,139866,,False
运动兴趣,baseball,baseball lunch box,2,2025-07;2025-08,140028,,False
运动兴趣,volleyball,womens volleyball shorts,2,2025-08;2025-09,140090,,False
运动兴趣,baseball,girls baseball cleats,2,2025-03;2025-04,140109,,False
运动兴趣,football,football helmet display case,3,2025-01;2025-02;2025-12,140138,,False
运动兴趣,softball,girls cleats softball,2,2025-03;2025-04,140186,,False
运动兴趣,volleyball,volleyball jellycat,3,2025-03;2025-11;2025-12,140206,,False
运动兴趣,football,padded football shirt youth,1,2025-08,140232,,False
运动兴趣,softball,batting gloves women softball,1,2025-03,140265,,False
运动兴趣,football,football snack bags for team,1,2025-09,140285,,False
运动兴趣,soccer,sticky soccer game,1,2025-12,140293,,False
运动兴趣,baseball,youth baseball batting gloves,2,2025-03;2025-04,140296,,False
运动兴趣,football,flavored mouth guard football,1,2025-08,140390,,False
运动兴趣,football,football scrunch socks,1,2025-08,140537,,False
运动兴趣,soccer,boys shin guards soccer,2,2025-08;2025-09,140602,,False
运动兴趣,softball,softball balloons,2,2025-04;2025-05,140614,,False
运动兴趣,football,football romance,5,2025-01;2025-02;2025-08;2025-09;2025-10,140755,,False
运动兴趣,basketball,basketball shoes nike,3,2025-08;2025-10;2025-11,140780,,False
运动兴趣,basketball,and 1 basketball shorts men,4,2025-04;2025-05;2025-06;2025-07,140811,,False
运动兴趣,baseball,youth white baseball pants,1,2025-03,141124,,False
运动兴趣,football,football door mat,1,2025-08,141263,,False
运动兴趣,baseball,youth baseball cup,2,2025-03;2025-04,141280,,False
运动兴趣,baseball,girls baseball hat,4,2025-03;2025-04;2025-05;2025-06,141330,,False
运动兴趣,football,football necklace for women,2,2025-08;2025-09,141339,,True
运动兴趣,football,football themed party decorations,3,2025-01;2025-08;2025-09,141569,,False
运动兴趣,baseball,champro baseball pants,1,2025-03,141592,,False
运动兴趣,football,football headband for women,2,2025-08;2025-09,141597,,False
运动兴趣,soccer,soccer shirts for women,1,2025-09,141820,,False
运动兴趣,baseball,green baseball socks,2,2025-03;2025-04,141846,,False
运动兴趣,basketball,basketball stuffed animal,2,2025-02;2025-12,141891,,False
运动兴趣,football,2024 fantasy football ring,2,2025-01;2025-08,141999,,True
运动兴趣,fantasy football,2024 fantasy football ring,2,2025-01;2025-08,141999,,True
运动兴趣,baseball,womens baseball cap,5,2025-04;2025-05;2025-06;2025-07;2025-09,142342,,False
运动兴趣,football,wrist bands football,1,2025-08,142478,,False
运动兴趣,basketball,st johns basketball apparel,1,2025-03,142640,,False
运动兴趣,baseball,swingrail swing trainer baseball,2,2025-03;2025-04,142658,,False
运动兴趣,football,youth football visors for helmet,1,2025-08,142777,,False
运动兴趣,baseball,icon baseball bat,2,2025-05;2025-06,142785,,False
运动兴趣,volleyball,white knee pads volleyball,1,2025-08,142844,,False
运动兴趣,football,football nets for throwing,1,2025-12,142865,,False
运动兴趣,soccer,beach soccer ball,2,2025-06;2025-07,142981,,False
运动兴趣,basketball,basketball white board for coaches,2,2025-01;2025-11,142988,,False
运动兴趣,soccer,soccer earrings,1,2025-09,143046,,True
运动兴趣,softball,softball sunglasses for women,1,2025-03,143096,,False
运动兴趣,baseball,baseball gifts for team,2,2025-05;2025-06,143181,,False
运动兴趣,football,black football gloves,2,2025-08;2025-09,143199,,False
运动兴趣,football,football patches iron on,2,2025-08;2025-09,143216,,False
运动兴趣,baseball,toddler baseball belt,2,2025-03;2025-04,143275,,False
运动兴趣,football,boys football gloves,3,2025-08;2025-09;2025-12,143384,,False
运动兴趣,basketball,basketball shoes kids boys,1,2025-01,143526,,False
运动兴趣,football,champro youth football pants,2,2025-07;2025-08,143551,,False
运动兴趣,basketball,caitlin clark basketball,3,2025-06;2025-11;2025-12,143581,,False
运动兴趣,softball,softball sliding shorts,1,2025-03,143589,,False
运动兴趣,soccer,girl soccer cleats,2,2025-03;2025-08,143781,,False
运动兴趣,soccer,mini soccer goals,5,2025-03;2025-04;2025-06;2025-11;2025-12,143811,,False
运动兴趣,baseball,baseball mom bag,1,2025-03,143922,,False
运动兴趣,soccer,soccer practice equipment,5,2025-03;2025-08;2025-09;2025-11;2025-12,144242,,False
运动兴趣,football,football cards autographed cards,2,2025-02;2025-03,144303,,False
运动兴趣,baseball,swing trainer baseball,3,2025-03;2025-04;2025-05,144354,,False
运动兴趣,baseball,4t baseball pants,2,2025-03;2025-04,144427,,False
运动兴趣,volleyball,volleyball practice equipment,2,2025-09;2025-11,144498,,False
运动兴趣,basketball,nike basketball backpack,2,2025-11;2025-12,144715,,False
运动兴趣,football,pool football for swimming pool,1,2025-06,144875,,False
运动兴趣,football,football movie,1,2025-01,144943,,False
运动兴趣,soccer,baby soccer ball,3,2025-02;2025-03;2025-04,145086,,False
运动兴趣,football,flags for flag football,3,2025-09;2025-10;2025-11,145238,,False
运动兴趣,football,football chin strap youth,1,2025-07,145243,,False
运动兴趣,baseball,baseball bracelet,3,2025-04;2025-05;2025-06,145311,,True
运动兴趣,football,football toys for boys 8-12,1,2025-12,145602,,False
运动兴趣,football,youth pink football socks,2,2025-09;2025-10,145616,,False
运动兴趣,football,red football jersey,2,2025-08;2025-09,145669,,False
运动兴趣,volleyball,volleyball coach gift,1,2025-10,145746,,False
运动兴趣,soccer,soccer pillow,2,2025-11;2025-12,145992,,False
运动兴趣,football,cleats football,1,2025-08,146011,,False
运动兴趣,baseball,baseball gifts for men,1,2025-12,146281,,False
运动兴趣,football,football duffle bags for pads and helmet,1,2025-08,146289,,False
运动兴趣,basketball,kd basketball shoes,7,2025-01;2025-02;2025-03;2025-04;2025-10;2025-11;2025-12,146298,1.121,False
运动兴趣,soccer,soccer barbie,2,2025-11;2025-12,146361,,False
运动兴趣,soccer,nike total 90 soccer shoes men,2,2025-02;2025-03,146499,,False
运动兴趣,soccer,kids soccer shorts,3,2025-03;2025-08;2025-09,146530,,False
运动兴趣,soccer,kids shin guards soccer,1,2025-09,146787,,False
运动兴趣,volleyball,volleyball earrings,2,2025-08;2025-09,146876,,True
运动兴趣,softball,softball batting gloves for women,2,2025-03;2025-04,146992,,False
运动兴趣,basketball,adjustable basketball hoop,3,2025-03;2025-11;2025-12,146992,,False
运动兴趣,basketball,basketball easter basket stuffers,1,2025-04,147282,,False
运动兴趣,volleyball,volleyball sleeves for teen girls,1,2025-08,147391,,False
运动兴趣,soccer,pink soccer ball,5,2025-03;2025-04;2025-09;2025-11;2025-12,147435,,False
运动兴趣,football,7 pad girdle football adult,1,2025-08,147454,,False
运动兴趣,basketball,basketball cake topper,5,2025-01;2025-02;2025-03;2025-04;2025-05,147675,,False
运动兴趣,baseball,baseball card display case,2,2025-11;2025-12,147735,,False
运动兴趣,soccer,soccer balls size 5,9,2025-03;2025-04;2025-05;2025-06;2025-07;2025-08;2025-09;2025-10;2025-11,147823,1.104,False
运动兴趣,soccer,fifa soccer ball,1,2025-12,148006,,False
运动兴趣,football,vikings football,1,2025-01,148203,,False
运动兴趣,baseball,chest protector baseball youth,2,2025-03;2025-04,148375,,False
运动兴趣,baseball,baseball duffle bag,3,2025-02;2025-03;2025-04,148462,,False
运动兴趣,football,football party plates,1,2025-02,148487,,False
运动兴趣,football,football sprinkles,1,2025-02,148487,,False
运动兴趣,baseball,party animals baseball,1,2025-06,148578,,False
运动兴趣,football,football card advent calendar 2025,1,2025-11,148580,,False
运动兴趣,soccer,soccer decorations for party,5,2025-03;2025-04;2025-05;2025-06;2025-09,148651,,False
运动兴趣,football,men football cleats,1,2025-08,148774,,False
运动兴趣,soccer,soccer stickers for kids,1,2025-09,148887,,False
运动兴趣,football,football belt,1,2025-08,149005,,False
运动兴趣,volleyball,volleyball shirts,2,2025-08;2025-09,149107,,False
运动兴趣,soccer,outdoor soccer balls size 4,2,2025-08;2025-09,149178,,False
运动兴趣,football,football party decor,4,2025-01;2025-02;2025-08;2025-09,149196,,False
运动兴趣,basketball,wall basketball hoop,1,2025-12,149207,,False
运动兴趣,soccer,soccer necklace,2,2025-11;2025-12,149207,,True
运动兴趣,soccer,soccer referee jersey,3,2025-08;2025-09;2025-10,149237,,False
运动兴趣,football,black football pants,1,2025-08,149341,,False
运动兴趣,football,youth football receiver gloves,2,2025-08;2025-09,149656,,False
运动兴趣,soccer,goals beyond the shadow: a coming-of-age soccer story for teens,1,2025-10,149660,,False
运动兴趣,baseball,baseball glasses youth 8-12,2,2025-03;2025-04,149667,,False
运动兴趣,volleyball,outdoor volleyball nets,3,2025-04;2025-05;2025-06,149667,,False
运动兴趣,basketball,sklz pro mini basketball hoop,2,2025-02;2025-12,149710,,False
运动兴趣,football,football jersey frame display case,1,2025-01,149721,,False
运动兴趣,basketball,duke basketball apparel,1,2025-03,149750,,False
运动兴趣,baseball,baseball legos,2,2025-11;2025-12,149770,,False
运动兴趣,football,football home decor,1,2025-08,149836,,False
运动兴趣,football,glow in dark football,2,2025-11;2025-12,149879,,False
运动兴趣,football,baby football costume,1,2025-10,149915,,False
运动兴趣,soccer,match attax soccer cards 24/25,5,2025-01;2025-02;2025-03;2025-04;2025-05,150082,,False
运动兴趣,football,white football pants,2,2025-08;2025-10,150164,,False
运动兴趣,baseball,lego baseball,1,2025-12,150174,,False
运动兴趣,soccer,total 90 soccer shoes,1,2025-02,150278,,False
运动兴趣,baseball,baseball bat weight,2,2025-04;2025-05,150279,,False
运动兴趣,basketball,basketball stocking stuffers,1,2025-12,150324,,False
运动兴趣,soccer,sand soccer socks,2,2025-05;2025-06,150522,,False
运动兴趣,soccer,soccer easter basket,1,2025-04,150545,,False
运动兴趣,soccer,pugg soccer goals,2,2025-08;2025-09,150679,,False
运动兴趣,basketball,basketball holder,8,2025-01;2025-02;2025-03;2025-04;2025-05;2025-06;2025-11;2025-12,150735,1.032,False
运动兴趣,soccer,4kickers soccer training mat,1,2025-12,150799,,False
运动兴趣,baseball,boys baseball,1,2025-04,150817,,False
运动兴趣,football,football padded shirt youth,1,2025-08,150830,,False
运动兴趣,football,football eye black,2,2025-09;2025-10,151037,,False
运动兴趣,soccer,red soccer socks,2,2025-08;2025-09,151126,,False
运动兴趣,soccer,soccer ball for dogs,7,2025-03;2025-04;2025-05;2025-06;2025-07;2025-08;2025-12,151175,1.066,False
运动兴趣,soccer,soccer games for kids 8-12,1,2025-12,151406,,False
运动兴趣,basketball,basketball stuff for boys,2,2025-11;2025-12,151464,,False
运动兴趣,baseball,baseball cups,1,2025-05,151654,,False
运动兴趣,basketball,basketball mom,3,2025-01;2025-11;2025-12,151661,,False
运动兴趣,volleyball,nike volleyball shoes women,1,2025-08,151723,,False
运动兴趣,football,kool aid mouth guard football,1,2025-08,151815,,False
运动兴趣,football,nike vapor football cleats,2,2025-07;2025-08,152002,,False
运动兴趣,baseball,baseball bags for boys 12-14,2,2025-03;2025-04,152019,,False
运动兴趣,baseball,baby girl baseball outfit,2,2025-03;2025-04,152117,,False
运动兴趣,baseball,baseball radar gun,4,2025-03;2025-04;2025-05;2025-06,152127,,False
运动兴趣,baseball,royal blue baseball belt,2,2025-02;2025-03,152295,,False
运动兴趣,baseball,baseball sunglasses for boys 6-8,2,2025-03;2025-04,152492,,False
运动兴趣,basketball,basketball shoes for girls,3,2025-01;2025-10;2025-11,152536,,False
运动兴趣,volleyball,volleyball christmas ornament,2,2025-11;2025-12,152556,,False
运动兴趣,basketball,basketball hoop kids,2,2025-11;2025-12,152573,,False
运动兴趣,baseball,baseball cake topper,4,2025-04;2025-05;2025-06;2025-07,152575,,False
运动兴趣,baseball,mens baseball sunglasses,2,2025-03;2025-04,152580,,False
运动兴趣,baseball,baseball books,1,2025-12,152724,,False
运动兴趣,football,football pants men,1,2025-08,152806,,False
运动兴趣,baseball,baseball coach gifts for men,2,2025-05;2025-06,152842,,False
运动兴趣,tennis bracelet,diamond tennis bracelet,1,2025-12,152918,,True
运动兴趣,basketball,wall mount basketball hoop,2,2025-11;2025-12,153052,,False
运动兴趣,volleyball,volley lite volleyball,3,2025-03;2025-08;2025-09,153089,,False
运动兴趣,baseball,baseball easter,1,2025-04,153255,,False
运动兴趣,baseball,baseball card storage,4,2025-01;2025-07;2025-11;2025-12,153272,,False
运动兴趣,basketball,basketball door hoop indoor,1,2025-12,153272,,False
运动兴趣,football,football toothpicks,1,2025-02,153349,,False
运动兴趣,baseball,rawlings baseball,5,2025-03;2025-04;2025-05;2025-06;2025-07,153437,,False
运动兴趣,basketball,basketball gifts for men,1,2025-12,153479,,False
运动兴趣,baseball,home plate baseball,3,2025-03;2025-04;2025-05,153635,,False
运动兴趣,baseball,black baseball cap women,2,2025-06;2025-07,153925,,False
运动兴趣,baseball,left handed baseball glove for kids,2,2025-04;2025-05,153926,,False
运动兴趣,baseball,baseball trophy,2,2025-05;2025-06,153931,,False
运动兴趣,baseball,baseball stand,3,2025-04;2025-05;2025-06,154090,,False
运动兴趣,football,shock mouth guard football,1,2025-08,154188,,False
运动兴趣,soccer,soccer sleeve socks,2,2025-08;2025-09,154188,,False
运动兴趣,baseball,boys baseball hat,3,2025-03;2025-04;2025-06,154326,,False
运动兴趣,baseball,leg guard baseball,4,2025-03;2025-04;2025-05;2025-06,154360,,False
运动兴趣,soccer,toddler soccer shoes,3,2025-03;2025-08;2025-09,154366,,False
运动兴趣,basketball,nerf silent basketball,1,2025-12,154562,,False
运动兴趣,soccer,silent soccer ball indoor,2,2025-11;2025-12,154770,,False
运动兴趣,volleyball,women's volleyball shoes,1,2025-08,154785,,False
运动兴趣,football,glow city football,2,2025-11;2025-12,155007,,False
运动兴趣,baseball,lsu baseball shirt,1,2025-06,155064,,False
运动兴趣,soccer,pink soccer socks youth,1,2025-10,155088,,False
运动兴趣,basketball,jesser mini basketball hoop,2,2025-02;2025-03,155093,,False
运动兴趣,baseball,baseball decor,6,2025-03;2025-04;2025-05;2025-06;2025-07;2025-08,155274,1.043,False
运动兴趣,volleyball,volleyball training,4,2025-09;2025-10;2025-11;2025-12,155275,,False
运动兴趣,baseball,baseball napkins,3,2025-04;2025-05;2025-06,155289,,False
运动兴趣,football,football keychain,2,2025-08;2025-09,155387,,False
运动兴趣,football,toddler football outfit,2,2025-08;2025-09,155496,,False
运动兴趣,softball,nike softball cleats,1,2025-03,155506,,False
运动兴趣,football,football toothpicks for appetizers,1,2025-02,155661,,False
运动兴趣,basketball,basketball arcade game indoor,2,2025-11;2025-12,155757,,False
运动兴趣,volleyball,beach volleyball sunglasses,3,2025-02;2025-05;2025-06,155787,,False
运动兴趣,soccer,kids soccer goalie gloves,1,2025-09,155892,,False
运动兴趣,football,compression pants football,2,2025-08;2025-09,155970,,False
运动兴趣,basketball,arcade basketball,2,2025-11;2025-12,156004,,False
运动兴趣,football,youth compression shirt football,1,2025-08,156050,,False
运动兴趣,softball,rawlings softball glove,2,2025-03;2025-04,156097,,False
运动兴趣,football,padded football pants,1,2025-08,156138,,False
运动兴趣,volleyball,volleyball scorebook,1,2025-08,156138,,False
运动兴趣,basketball,long basketball shorts for men,3,2025-05;2025-06;2025-07,156207,,False
运动兴趣,baseball,purple baseball socks,1,2025-03,156273,,False
运动兴趣,football,lineman football gloves,1,2025-08,156330,,False
运动兴趣,baseball,pitch back baseball rebounder,3,2025-03;2025-04;2025-05,156392,,False
运动兴趣,softball,girls black softball pants,2,2025-03;2025-04,156392,,False
运动兴趣,baseball,baseball wallet,1,2025-12,156700,,False
运动兴趣,basketball,basketball stress balls,2,2025-02;2025-03,156718,,False
运动兴趣,football,ncaa football 25 xbox,1,2025-01,156760,,False
运动兴趣,volleyball,volleyball trainer,2,2025-11;2025-12,156770,,False
运动兴趣,football,football plush,3,2025-09;2025-10;2025-12,156845,,False
运动兴趣,soccer,soccer poster,1,2025-12,156920,,False
运动兴趣,football,football arm sleeves youth,1,2025-09,157079,,False
运动兴趣,soccer,youth soccer goalie gloves,1,2025-09,157079,,False
运动兴趣,basketball,basketball backdrop,2,2025-02;2025-03,157228,,False
运动兴趣,basketball,basketball jerseys,3,2025-02;2025-03;2025-10,157229,,False
运动兴趣,football,playbook football,3,2025-10;2025-11;2025-12,157433,,False
运动兴趣,softball,softball pitching net,4,2025-03;2025-04;2025-05;2025-06,157657,,False
运动兴趣,baseball,baseball gift,1,2025-12,157660,,False
运动兴趣,football,youth mouth guard football with strap,1,2025-08,157691,,False
运动兴趣,football,football rib protector,1,2025-08,157785,,False
运动兴趣,basketball,inground basketball hoop,1,2025-03,157799,,False
运动兴趣,baseball,ice cream drip baseball stuff,1,2025-04,157850,,False
运动兴趣,football,prizm football cards,1,2025-01,157864,,False
运动兴趣,football,football bowls,1,2025-02,157869,,False
运动兴趣,football,football case display clear,4,2025-01;2025-08;2025-11;2025-12,158051,,False
运动兴趣,football,pink football socks youth,1,2025-10,158137,,False
运动兴趣,basketball,evo basketball,2,2025-11;2025-12,158355,,False
运动兴趣,softball,easton softball bat,2,2025-03;2025-04,158507,,False
运动兴趣,football,football visors,1,2025-08,158570,,False
运动兴趣,volleyball,volleyball bags,1,2025-09,158646,,False
运动兴趣,soccer,soccer coaching board,2,2025-08;2025-09,158646,,False
运动兴趣,football,football cards 2024 packs nfl,1,2025-01,158834,,False
运动兴趣,softball,red softball pants,2,2025-02;2025-03,158898,,False
运动兴趣,baseball,baseball sunglasses youth,1,2025-12,159067,,False
运动兴趣,football,alabama football,1,2025-12,159220,,False
运动兴趣,baseball,youth arm sleeve baseball,1,2025-04,159270,,False
运动兴趣,football,football card holder,1,2025-12,159305,,False
运动兴趣,football,bounce back football,2,2025-11;2025-12,159380,,False
运动兴趣,volleyball,volleyball senior night gifts,2,2025-09;2025-10,159435,,False
运动兴趣,softball,softball equipment,1,2025-03,159537,,False
运动兴趣,football,youth arm sleeve football,2,2025-08;2025-09,159793,,False
运动兴趣,soccer,girls shin guards soccer age 6-8,1,2025-08,159793,,False
运动兴趣,baseball,baseball display cases for balls,3,2025-04;2025-05;2025-06,159873,,False
运动兴趣,baseball,baseball jellycat,2,2025-11;2025-12,160031,,False
运动兴趣,basketball,basketball arcade,2,2025-11;2025-12,160031,,False
运动兴趣,basketball,basketball party,2,2025-02;2025-03,160088,,False
运动兴趣,football,hand warmer football,1,2025-10,160112,,False
运动兴趣,soccer,topps soccer cards,2,2025-02;2025-12,160184,,False
运动兴趣,football,lego football helmet,2,2025-11;2025-12,160335,,False
运动兴趣,volleyball,ankle braces for volleyball,1,2025-08,160335,,False
运动兴趣,football,nintendo switch football games,1,2025-11,160348,,False
运动兴趣,soccer,soccer ornaments for christmas tree,2,2025-11;2025-12,160403,,False
运动兴趣,football,football balloon arch,3,2025-01;2025-02;2025-09,160419,,False
运动兴趣,volleyball,asics volleyball shoes,2,2025-08;2025-09,160420,,False
运动兴趣,football,football trunk or treat car decorations kit,1,2025-10,160457,,False
运动兴趣,baseball,cute baseball caps for women,3,2025-04;2025-05;2025-06,160480,,False
运动兴趣,volleyball,adidas knee pads volleyball,1,2025-08,160538,,False
运动兴趣,basketball,basketball gift,1,2025-12,160713,,False
运动兴趣,baseball,nokona baseball gloves,1,2025-03,160745,,False
运动兴趣,volleyball,above ground pool volleyball net,1,2025-06,160788,,False
运动兴趣,volleyball,volleyball arm sleeves youth girls,2,2025-03;2025-04,161132,,False
运动兴趣,football,football nfl games,3,2025-01;2025-09;2025-10,161179,,False
运动兴趣,baseball,baseball catchers bag,2,2025-03;2025-04,161440,,False
运动兴趣,softball,softball bows,2,2025-03;2025-04,161440,,False
运动兴趣,basketball,basketball shorts for men,2,2025-06;2025-08,161617,,False
运动兴趣,baseball,marucci baseball bag,1,2025-03,161638,,False
运动兴趣,softball,softball fielding mask youth girls,1,2025-03,161638,,False
运动兴趣,soccer,soccer cleats womens,2,2025-08;2025-09,161725,,False
运动兴趣,volleyball,kids volleyball shoes,1,2025-08,161841,,False
运动兴趣,baseball,baseball batting cage,3,2025-03;2025-04;2025-05,161916,,False
运动兴趣,softball,softball party decorations,2,2025-05;2025-06,161922,,False
运动兴趣,basketball,over the door basketball hoop indoor kids,2,2025-02;2025-03,162029,,False
运动兴趣,football,football gloves nike,2,2025-08;2025-09,162123,,False
运动兴趣,baseball,royal blue baseball socks youth,3,2025-02;2025-03;2025-04,162180,,False
运动兴趣,basketball,above ground pool basketball hoop,1,2025-06,162188,,False
运动兴趣,volleyball,softy volleyball indoor,1,2025-11,162217,,False
运动兴趣,basketball,basketball favors,1,2025-02,162272,,False
运动兴趣,football,fantasy football championship belt,1,2025-08,162432,,False
运动兴趣,fantasy football,fantasy football championship belt,1,2025-08,162432,,False
运动兴趣,softball,softball senior night gifts 2025,1,2025-04,162500,,False
运动兴趣,baseball,baseball themed party decorations,4,2025-04;2025-05;2025-06;2025-07,162700,,False
运动兴趣,football,football compression pants,1,2025-08,162723,,False
运动兴趣,baseball,baseball caps men,4,2025-03;2025-04;2025-05;2025-06,162733,,False
运动兴趣,baseball,left handed baseball glove adult,1,2025-04,162733,,False
运动兴趣,soccer,soccer bracelets,2,2025-09;2025-10,163122,,True
运动兴趣,baseball,baseball lego,1,2025-12,163196,,False
运动兴趣,football,dog football,3,2025-08;2025-09;2025-12,163353,,False
运动兴趣,football,youth football back plate for boys,1,2025-08,163403,,False
运动兴趣,baseball,baseball easter eggs,1,2025-04,163468,,False
运动兴趣,volleyball,volleyball elbow pads women,1,2025-08,163588,,False
运动兴趣,football,football goodie bags stuffers,1,2025-09,163675,,False
运动兴趣,soccer,soccer treat bags for team snacks,1,2025-09,163793,,False
运动兴趣,baseball,pinstripe baseball pants,2,2025-02;2025-03,163825,,False
运动兴趣,soccer,soccer ball pump with needle,3,2025-03;2025-04;2025-08,163825,,False
运动兴趣,softball,softball cleats youth girls,1,2025-03,163927,,False
运动兴趣,football,under armour football pants,1,2025-08,163994,,False
运动兴趣,soccer,size 1 soccer ball,4,2025-03;2025-04;2025-09;2025-12,164039,,False
运动兴趣,football,football dice game,1,2025-12,164094,,False
运动兴趣,basketball,basketball return,2,2025-04;2025-12,164094,,False
运动兴趣,soccer,youth shin guards soccer girls,2,2025-03;2025-08,164197,,False
运动兴趣,softball,softball practice equipment,2,2025-03;2025-04,164234,,False
运动兴趣,soccer,boys indoor soccer shoes,2,2025-01;2025-11,164237,,False
运动兴趣,football,wilson gst leather football,2,2025-11;2025-12,164417,,False
运动兴趣,basketball,bucketsquad basketball,1,2025-12,164417,,False
运动兴趣,baseball,mlb baseball,3,2025-04;2025-05;2025-06,164717,,False
运动兴趣,football,boys football gifts,1,2025-12,164997,,False
运动兴趣,football,nfl football decor,1,2025-08,165276,,False
运动兴趣,baseball,adidas baseball cleats,2,2025-02;2025-03,165335,,False
运动兴趣,softball,softball bucket,1,2025-03,165428,,False
运动兴趣,volleyball,volleyball knee pads nike,2,2025-08;2025-09,165487,,False
运动兴趣,basketball,dog basketball costume,1,2025-10,165505,,False
运动兴趣,softball,girls softball sunglasses,1,2025-04,165527,,False
运动兴趣,baseball,fantasy baseball magazine 2025,1,2025-02,165567,,False
运动兴趣,soccer,soccer shoes for girls,4,2025-03;2025-04;2025-08;2025-09,165632,,False
运动兴趣,football,fall football decor,2,2025-08;2025-09,165800,,False
运动兴趣,basketball,portable basketball hoops adjustable height,1,2025-12,165881,,True
运动兴趣,softball,softball glove for girls 8-12,2,2025-03;2025-04,166110,,False
运动兴趣,soccer,custom soccer jersey,3,2025-03;2025-04;2025-05,166331,,False
运动兴趣,football,topps football cards 2025,1,2025-12,166352,,False
运动兴趣,baseball,5t baseball pants,2,2025-03;2025-04,166371,,False
运动兴趣,football,chiefs football,2,2025-11;2025-12,166430,,False
运动兴趣,soccer,kids soccer shoes,4,2025-03;2025-04;2025-08;2025-09,166446,,False
运动兴趣,softball,youth softball socks,2,2025-03;2025-04,166475,,False
运动兴趣,basketball,puma basketball shoes,2,2025-01;2025-02,166477,,False
运动兴趣,baseball,baseball movies for kids free,1,2025-05,166614,,False
运动兴趣,baseball,hat hooks for baseball caps,1,2025-01,166652,,False
运动兴趣,football,ea sports college football 26,1,2025-07,166682,,False
运动兴趣,soccer,white soccer socks youth,1,2025-09,166780,,False
运动兴趣,football,football garland,2,2025-08;2025-09,167028,,False
运动兴趣,soccer,nike shin guards soccer,1,2025-08,167028,,False
运动兴趣,volleyball,volleyball goodie bags,1,2025-09,167138,,False
运动兴趣,softball,softball beads,3,2025-04;2025-05;2025-06,167175,,False
运动兴趣,basketball,ncaa basketball,1,2025-03,167177,,False
运动兴趣,softball,softball shirt,3,2025-03;2025-04;2025-05,167308,,False
运动兴趣,baseball,baseball lineup board for dugout,2,2025-03;2025-04,167485,,False
运动兴趣,football,pink football mouth guard,1,2025-10,167541,,False
运动兴趣,baseball,baseball snack bags for team,2,2025-03;2025-04,167639,,False
运动兴趣,baseball,baseball stickers for boys,1,2025-04,167639,,False
运动兴趣,football,adult football mouth guards,1,2025-08,167729,,False
运动兴趣,baseball,baseball tees for women,2,2025-06;2025-08,167842,,False
运动兴趣,baseball,baseball card advent calendar 2025,1,2025-11,167976,,False
运动兴趣,football,boys football socks,1,2025-08,168219,,False
运动兴趣,baseball,boys baseball gifts,1,2025-12,168392,,False
运动兴趣,soccer,soccer hair accessories for girls,1,2025-09,168574,,False
运动兴趣,baseball,easton youth baseball pants,1,2025-03,168619,,False
运动兴趣,football,lions football,3,2025-01;2025-11;2025-12,168619,,False
运动兴趣,football,football for dummies,1,2025-09,168694,,False
运动兴趣,baseball,sports fan baseball caps,3,2025-01;2025-02;2025-11,168778,,False
运动兴趣,softball,softball cleats for men,2,2025-04;2025-05,168798,,False
运动兴趣,football,donruss football cards,2,2025-11;2025-12,168879,,False
运动兴趣,football,football easter basket,1,2025-04,168914,,False
运动兴趣,baseball,youth baseball pants white,1,2025-03,168939,,False
运动兴趣,soccer,soccer ball ornament,2,2025-11;2025-12,168957,,False
运动兴趣,baseball,baseball cards 2024,1,2025-01,169095,,False
运动兴趣,soccer,kids soccer,1,2025-12,169119,,False
运动兴趣,volleyball,volleyball mom,2,2025-08;2025-09,169138,,False
运动兴趣,soccer,toddler cleats soccer,1,2025-08,169138,,False
运动兴趣,baseball,baseball sister shirt,1,2025-03,169290,,False
运动兴趣,football,football legos,2,2025-11;2025-12,169290,,False
运动兴趣,football,football cookie cutters,1,2025-02,169334,,False
运动兴趣,softball,red softball belt,1,2025-03,169638,,False
运动兴趣,softball,softball gifts for girls 8-12,1,2025-04,169746,,False
运动兴趣,soccer,soccer equipment for training,4,2025-02;2025-03;2025-05;2025-06,169753,,False
运动兴趣,basketball,basketball 28.5,1,2025-11,169767,,False
运动兴趣,basketball,basketball team gifts,1,2025-02,169854,,False
运动兴趣,football,youth football arm sleeves,2,2025-08;2025-09,169999,,False
运动兴趣,baseball,ssk baseball glove,1,2025-03,170005,,False
运动兴趣,football,football training,1,2025-12,170006,,False
运动兴趣,baseball,baseball bounce back net,2,2025-04;2025-05,170086,,False
运动兴趣,softball,softball hair ties,1,2025-04,170086,,False
运动兴趣,baseball,baseball pinata,2,2025-05;2025-06,170113,,False
运动兴趣,basketball,basketball snack bags for team,1,2025-01,170304,,False
运动兴趣,football,chin strap football youth,1,2025-07,170382,,False
运动兴趣,baseball,baseball medals,1,2025-05,170428,,False
运动兴趣,soccer,soccer cards 2025,3,2025-04;2025-07;2025-08,170579,,False
运动兴趣,baseball,baseball pitching trainer,1,2025-04,170675,,False
运动兴趣,volleyball,volleyball bags for teen girls,1,2025-08,170961,,False
运动兴趣,football,football for kids,2,2025-11;2025-12,171044,,False
运动兴趣,baseball,baseball mama shirt,2,2025-03;2025-04,171072,,False
运动兴趣,soccer,youth soccer goal,2,2025-04;2025-09,171120,,False
运动兴趣,basketball,basketball jerseys for kids,1,2025-03,171180,,False
运动兴趣,basketball,basketball shorts girls,3,2025-01;2025-11;2025-12,171193,,False
运动兴趣,softball,pink softball belt,2,2025-09;2025-10,171231,,False
运动兴趣,soccer,soccer tape,1,2025-09,171312,,False
运动兴趣,football,football jewelry for women,1,2025-08,171420,,True
运动兴趣,football,football stickers for poster board,1,2025-10,171542,,False
运动兴趣,baseball,baseball headband,3,2025-03;2025-04;2025-05,171726,,False
运动兴趣,baseball,mens white baseball pants,1,2025-03,171726,,False
运动兴趣,soccer,soccer camera,1,2025-09,171778,,False
运动兴趣,soccer,fifa world cup soccer ball,1,2025-12,171833,,False
运动兴趣,baseball,2025 topps chrome baseball cards,1,2025-08,171850,,False
运动兴趣,soccer,mens soccer shorts,2,2025-03;2025-08,171939,,False
运动兴趣,soccer,soccer mat training,1,2025-12,171992,,False
运动兴趣,volleyball,spandex volleyball shorts,1,2025-08,172063,,False
运动兴趣,baseball,baseball display,2,2025-05;2025-06,172139,,False
运动兴趣,volleyball,asics volleyball shoes men,2,2025-02;2025-03,172237,,False
运动兴趣,baseball,christmas baseball cap,1,2025-12,172338,,False
运动兴趣,soccer,soccer shirts for boys,1,2025-12,172338,,False
运动兴趣,football,football jackets for women,1,2025-09,172427,,False
运动兴趣,baseball,yellow baseball pants youth,1,2025-10,172686,,False
运动兴趣,football,football equipment,5,2025-07;2025-08;2025-09;2025-11;2025-12,172895,,False
运动兴趣,soccer,indoor soccer goal,1,2025-12,172899,,False
运动兴趣,softball,softball goodie bag stuffers,2,2025-03;2025-04,172902,,False
运动兴趣,volleyball,volleyball net for above ground pool,1,2025-06,172950,,False
运动兴趣,baseball,baseball decorations for party,4,2025-03;2025-05;2025-06;2025-07,173025,,False
运动兴趣,basketball,basketball pool hoop,1,2025-06,173063,,False
运动兴趣,soccer,soccer plush,1,2025-12,173182,,False
运动兴趣,football,football cards box,1,2025-12,173603,,False
运动兴趣,volleyball,glow in the dark volleyball,3,2025-06;2025-09;2025-10,173620,,False
运动兴趣,football,youth football chin strap for helmet,1,2025-07,173817,,False
运动兴趣,football,football wrapping paper,2,2025-09;2025-10,173841,,False
运动兴趣,soccer,black soccer shorts boys,1,2025-09,174082,,False
运动兴趣,baseball,baseball cleats metal,2,2025-02;2025-03,174179,,False
运动兴趣,soccer,soccer socks toddler,1,2025-09,174207,,False
运动兴趣,baseball,baseball pillow,2,2025-11;2025-12,174281,,False
运动兴趣,football,football trading cards 2025,1,2025-12,174390,,False
运动兴趣,soccer,soccer legos,1,2025-12,174390,,False
运动兴趣,baseball,under armour baseball cleats,1,2025-03,174448,,False
运动兴趣,soccer,soccer mat,1,2025-12,174474,,False
运动兴趣,football,youth football visor,1,2025-08,174552,,False
运动兴趣,baseball,bbcor baseball bat,1,2025-03,174554,,False
运动兴趣,football,abc monday night football,1,2025-11,174718,,False
运动兴趣,football,fantasy football gifts,1,2025-12,174998,,False
运动兴趣,fantasy football,fantasy football gifts,1,2025-12,174998,,False
运动兴趣,football,toddler football jersey,1,2025-09,175243,,False
运动兴趣,baseball,baseball chair,1,2025-03,175715,,False
运动兴趣,basketball,basketball bags for boys,1,2025-12,175727,,False
运动兴趣,softball,softball cooling towels,1,2025-06,175830,,False
运动兴趣,football,plain football jersey,1,2025-08,175958,,False
运动兴趣,baseball,grey baseball pants mens,1,2025-03,175979,,False
运动兴趣,soccer,soccer gloves goalkeeper,1,2025-09,176101,,False
运动兴趣,football,battle mouthguards for football,1,2025-08,176206,,False
运动兴趣,baseball,baseball clipboard for coaches,1,2025-03,176216,,False
运动兴趣,football,football case,1,2025-12,176251,,False
运动兴趣,basketball,basketball mom shirt,2,2025-01;2025-11,176368,,False
运动兴趣,softball,softball pitching trainer,1,2025-04,176381,,False
运动兴趣,baseball,pop up baseball trainer,2,2025-04;2025-12,176421,,False
运动兴趣,baseball,baseball tablecloth plastic,1,2025-05,176462,,False
运动兴趣,basketball,in ground basketball hoop,1,2025-11,176463,,False
运动兴趣,soccer,blue soccer socks,1,2025-09,176470,,False
运动兴趣,volleyball,mizuno volleyball shoes women,1,2025-08,176627,,False
运动兴趣,basketball,custom basketball,1,2025-12,176774,,False
运动兴趣,basketball,basketball mini hoop,3,2025-02;2025-11;2025-12,176876,,False
运动兴趣,baseball,baseball shoes for boys,2,2025-03;2025-04,176937,,False
运动兴趣,basketball,basketball equipment,2,2025-11;2025-12,176960,,False
运动兴趣,football,redskin football merchandise,1,2025-01,177002,,False
运动兴趣,baseball,baseball caps woman,3,2025-03;2025-04;2025-05,177015,,False
运动兴趣,baseball,topps 2025 baseball cards,1,2025-02,177122,,False
运动兴趣,football,football helmet chin strap,1,2025-08,177159,,False
运动兴趣,baseball,blank baseball jersey,4,2025-04;2025-06;2025-08;2025-09,177272,,False
运动兴趣,softball,softball cleats youth,1,2025-08,177272,,False
运动兴趣,volleyball,volleyball practice net,1,2025-09,177380,,False
运动兴趣,baseball,heart of the hide baseball glove,2,2025-03;2025-04,177449,,False
运动兴趣,football,mr. football,1,2025-09,177518,,False
运动兴趣,soccer,soccer accessories for girls,3,2025-03;2025-04;2025-09,177568,,False
运动兴趣,baseball,baseball glasses with camera,1,2025-12,177809,,False
运动兴趣,soccer,jolly pets soccer ball,1,2025-04,177929,,False
运动兴趣,volleyball,mizuno arm sleeves volleyball,1,2025-08,177959,,False
运动兴趣,softball,softball water bottles for girls,2,2025-03;2025-04,178063,,False
运动兴趣,basketball,bedroom basketball hoop,1,2025-12,178785,,False
运动兴趣,basketball,puma basketball shoes men,4,2025-03;2025-04;2025-05;2025-06,178813,,False
运动兴趣,football,football pump,1,2025-11,178934,,False
运动兴趣,soccer,soccer plates,1,2025-05,179046,,False
运动兴趣,football,football leggings,1,2025-08,179120,,False
运动兴趣,baseball,under armour boys baseball pants,1,2025-03,179161,,False
运动兴趣,football,nfl football games,1,2025-01,179321,,False
运动兴趣,basketball,youth basketball shorts,1,2025-01,179321,,False
运动兴趣,soccer,soccer team gifts,1,2025-10,179363,,False
运动兴趣,baseball,water sprinkler baseball toy,1,2025-06,179510,,False
运动兴趣,baseball,jordan cleats baseball,1,2025-03,179620,,False
运动兴趣,football,the dime lab football,1,2025-07,179663,,False
运动兴趣,football,football birthday decorations,1,2025-09,179743,,False
运动兴趣,baseball,boys grey baseball pants,2,2025-03;2025-04,179872,,False
运动兴趣,football,2025 donruss football cards,1,2025-09,179882,,False
运动兴趣,soccer,pop up soccer goals set of 2,2,2025-03;2025-08,180022,,False
运动兴趣,soccer,soccer turf shoes men,6,2025-03;2025-04;2025-06;2025-07;2025-08;2025-09,180103,0.942,False
运动兴趣,soccer,soccer earrings for women,1,2025-09,180127,,True
运动兴趣,soccer,soccer goalie gloves youth,1,2025-09,180127,,False
运动兴趣,softball,kore softball,1,2025-12,180314,,False
运动兴趣,soccer,soccer toys for boys 8-12,1,2025-12,180314,,False
运动兴趣,football,2024 topps chrome football,1,2025-02,180372,,False
运动兴趣,football,nike vapor jet 8.0 football gloves,1,2025-08,180475,,False
运动兴趣,volleyball,adidas volleyball shoes,1,2025-08,180475,,False
运动兴趣,baseball,baseball cards 2025 packs,1,2025-04,180724,,False
运动兴趣,football,football board game,1,2025-12,180793,,False
运动兴趣,soccer,soccer party bags,1,2025-09,180802,,False
运动兴趣,baseball,baseball beaded necklaces for boys,1,2025-04,181128,,True
运动兴趣,football,college football gloves,2,2025-07;2025-08,181141,,False
运动兴趣,soccer,women soccer cleats,1,2025-03,181242,,False
运动兴趣,football,vortex football,1,2025-12,181339,,False
运动兴趣,softball,softball face mask women,1,2025-03,181366,,False
运动兴趣,soccer,soccer goal net,3,2025-03;2025-04;2025-05,181376,,False
运动兴趣,basketball,nike elite basketball bag,1,2025-01,181393,,False
运动兴趣,football,womens football apparel,2,2025-08;2025-09,181407,,False
运动兴趣,baseball,spark catch light up baseball,1,2025-11,181408,,False
运动兴趣,baseball,torpedo baseball bat,1,2025-04,181408,,False
运动兴趣,basketball,silent basketball indoor,1,2025-12,181432,,False
运动兴趣,softball,softball snack bags,2,2025-04;2025-09,181461,,False
运动兴趣,volleyball,volleyball for pool,1,2025-06,181462,,False
运动兴趣,baseball,mini baseball bat,2,2025-04;2025-05,181620,,False
运动兴趣,softball,orange softball socks,2,2025-03;2025-04,181669,,False
运动兴趣,football,football card sleeves,2,2025-01;2025-02,181739,,False
运动兴趣,football,youth football socks for boys,1,2025-08,181786,,False
运动兴趣,baseball,rawlings baseball helmet,1,2025-03,181897,,False
运动兴趣,soccer,adidas f50 soccer cleats,4,2025-03;2025-04;2025-08;2025-09,181911,,False
运动兴趣,baseball,baseball wrapping paper,3,2025-05;2025-09;2025-11,182021,,False
运动兴趣,softball,softball keychain,1,2025-04,182201,,False
运动兴趣,baseball,toddler baseball set,2,2025-11;2025-12,182230,,False
运动兴趣,basketball,basketball drip,1,2025-11,182230,,False
运动兴趣,basketball,spalding tf dna smart basketball,1,2025-12,182456,,False
运动兴趣,football,mens football gloves,2,2025-08;2025-09,182487,,False
运动兴趣,softball,softball gear,1,2025-03,182543,,False
运动兴趣,softball,softball display case,1,2025-05,182650,,False
运动兴趣,baseball,white baseball cap women,2,2025-06;2025-07,182700,,False
运动兴趣,football,football undershirt padded,1,2025-08,182737,,False
运动兴趣,baseball,fitted baseball caps for men,3,2025-04;2025-05;2025-06,182959,,False
运动兴趣,football,eagles football game,1,2025-01,182968,,False
运动兴趣,baseball,baseball leg guard,3,2025-03;2025-04;2025-05,182978,,False
运动兴趣,football,football throw blanket,2,2025-08;2025-09,183026,,False
运动兴趣,softball,royal blue softball socks,1,2025-03,183072,,False
运动兴趣,softball,softball batting gloves for girls,2,2025-03;2025-04,183072,,False
运动兴趣,football,fantasy football draft party,1,2025-08,183110,,False
运动兴趣,fantasy football,fantasy football draft party,1,2025-08,183110,,False
运动兴趣,baseball,topps advent calendar baseball 2025,1,2025-11,183200,,False
运动兴趣,basketball,basketball dry erase board for coaches,2,2025-01;2025-11,183424,,False
运动兴趣,baseball,easton baseball bat,2,2025-03;2025-04,183788,,False
运动兴趣,baseball,youth baseball glasses,1,2025-03,183815,,False
运动兴趣,softball,youth softball bag,1,2025-03,183947,,False
运动兴趣,softball,softball bracelets,2,2025-05;2025-06,183987,,True
运动兴趣,baseball,thumb guard baseball,1,2025-04,184069,,False
运动兴趣,baseball,aluminum baseball bats,3,2025-04;2025-05;2025-06,184114,,False
运动兴趣,football,football basket,1,2025-09,184186,,False
运动兴趣,football,football onesies baby boy,2,2025-08;2025-09,184186,,False
运动兴趣,basketball,glow city basketball,1,2025-12,184350,,False
运动兴趣,baseball,youth baseball cups boys ages 8-12,2,2025-03;2025-04,184362,,False
运动兴趣,football,football outfits for women,2,2025-08;2025-09,184474,,False
运动兴趣,baseball,baby baseball outfit,1,2025-03,184480,,False
运动兴趣,baseball,orange baseball belt,1,2025-03,184480,,False
运动兴趣,soccer,soccer stocking stuffers,1,2025-12,184548,,False
运动兴趣,baseball,baseball ring display case,1,2025-06,184615,,True
运动兴趣,football,football helmet youth,2,2025-06;2025-07,184741,,False
运动兴趣,football,football mouth piece,1,2025-08,184972,,False
运动兴趣,soccer,soccer board game,1,2025-12,185003,,False
运动兴趣,baseball,little league baseball bat,2,2025-03;2025-04,185086,,False
运动兴趣,baseball,baseball necklace for boys,1,2025-09,185128,,True
运动兴趣,softball,softball turf shoes women,1,2025-03,185215,,False
运动兴趣,basketball,women basketball shoes,1,2025-11,185231,,False
运动兴趣,football,football mom shirts for women,1,2025-08,185328,,False
运动兴趣,football,red football socks,1,2025-08,185454,,False
运动兴趣,football,football room decor,1,2025-12,185586,,False
运动兴趣,basketball,gifts for basketball players,1,2025-12,185586,,False
运动兴趣,football,nfl live football games on prime,1,2025-09,186060,,False
运动兴趣,soccer,soccer party,1,2025-05,186077,,False
运动兴趣,baseball,2024 topps chrome baseball cards,1,2025-01,186097,,False
运动兴趣,basketball,basketball necklace for boys,1,2025-12,186203,,True
运动兴趣,soccer,glow soccer ball,1,2025-12,186203,,False
运动兴趣,soccer,soccer shirt,1,2025-09,186349,,False
运动兴趣,baseball,baseball rug,2,2025-07;2025-11,186418,,False
运动兴趣,tennis bracelet,tennis bracelet men,2,2025-04;2025-06,186513,,True
运动兴趣,baseball,baseball communication device,1,2025-03,186580,,False
运动兴趣,baseball,blue baseball belt,1,2025-03,186580,,False
运动兴趣,soccer,boys soccer gifts,1,2025-12,186908,,False
运动兴趣,football,football card packs,1,2025-02,187016,,False
运动兴趣,football,qb54 football toss tailgate game,1,2025-11,187110,,False
运动兴趣,basketball,basketball bracelet,1,2025-02,187153,,True
运动兴趣,football,blank football jersey for women,1,2025-08,187222,,False
运动兴趣,baseball,baseball equipment bag,2,2025-03;2025-04,187257,,False
运动兴趣,football,football centerpieces for table,1,2025-01,187295,,False
运动兴趣,soccer,soccer clipboard for coaches,2,2025-08;2025-09,187315,,False
运动兴趣,baseball,evoshield baseball pants,1,2025-03,187390,,False
运动兴趣,football,football serving tray,1,2025-02,187464,,False
运动兴趣,baseball,orange baseball cap,1,2025-10,187505,,False
运动兴趣,football,football hair clip,2,2025-08;2025-09,187585,,False
运动兴趣,soccer,soccer net for kids,1,2025-12,187610,,False
运动兴趣,volleyball,nike streak volleyball knee pads,1,2025-08,187849,,False
运动兴趣,football,baby football,1,2025-09,188131,,False
运动兴趣,football,toddler football shirt,1,2025-09,188131,,False
运动兴趣,baseball,baseball batting gloves adult,1,2025-03,188205,,False
运动兴趣,softball,softball sliding shorts women,1,2025-03,188205,,False
运动兴趣,volleyball,youth volleyball shoes,1,2025-08,188248,,False
运动兴趣,baseball,baseball bucket bag,1,2025-03,188338,,False
运动兴趣,football,football goal post,2,2025-11;2025-12,188340,,False
运动兴趣,football,mouth guard football kids,1,2025-09,188417,,False
运动兴趣,soccer,soccer ball kids,1,2025-12,188440,,False
运动兴趣,baseball,baseball helmet adult,1,2025-03,188482,,False
运动兴趣,volleyball,volleyball bracelet,1,2025-10,188503,,True
运动兴趣,basketball,basketball backboard replacement,1,2025-03,188615,,False
运动兴趣,football,football necklace for boys,1,2025-12,188630,,True
运动兴趣,football,breast cancer football socks,2,2025-09;2025-10,188838,,False
运动兴趣,football,football pinata,1,2025-09,188958,,False
运动兴趣,baseball,wilson baseball glove,1,2025-03,189190,,False
运动兴趣,football,football ornaments for christmas tree,1,2025-11,189224,,False
运动兴趣,baseball,major league baseball,1,2025-04,189373,,False
运动兴趣,football,dime lab football,2,2025-07;2025-11,189395,,False
运动兴趣,soccer,soccer mom hat,1,2025-09,189395,,False
运动兴趣,football,eagles football party decorations,2,2025-01;2025-02,189424,,False
运动兴趣,basketball,basketball hoop door,1,2025-12,189449,,False
运动兴趣,basketball,topps basketball,1,2025-11,189454,,False
运动兴趣,baseball,baseball chains,1,2025-04,189505,,True
运动兴趣,baseball,nike youth baseball pants,1,2025-03,189588,,False
运动兴趣,soccer,soccer goody bags,1,2025-09,189703,,False
运动兴趣,basketball,nerf basketball hoop,1,2025-12,189745,,False
运动兴趣,soccer,2026 world cup soccer ball,1,2025-12,189854,,False
运动兴趣,basketball,women's basketball shoes,1,2025-11,189893,,False
运动兴趣,baseball,baseball batting trainer,1,2025-04,190049,,False
运动兴趣,volleyball,adidas volleyball shorts,1,2025-08,190067,,False
运动兴趣,soccer,toddler soccer,1,2025-03,190115,,False
运动兴趣,baseball,baseball socks youth,1,2025-04,190212,,False
运动兴趣,football,ravens football,1,2025-12,190324,,False
运动兴趣,soccer,soccer theme party decorations,2,2025-05;2025-06,190381,,False
运动兴趣,football,football table cloth,1,2025-09,190404,,False
运动兴趣,football,football toss game,1,2025-12,190552,,False
运动兴趣,soccer,toddler soccer net,1,2025-04,190630,,False
运动兴趣,basketball,white basketball shorts,1,2025-10,190652,,False
运动兴趣,football,football wreath,1,2025-08,190729,,False
运动兴趣,basketball,basketball decorations for party,1,2025-03,190802,,False
运动兴趣,football,football flags,1,2025-09,190820,,False
运动兴趣,football,football halloween costume,1,2025-10,190861,,False
运动兴趣,softball,softball pants youth,1,2025-04,191075,,False
运动兴趣,football,fantasy football draft board 2025 10 team,1,2025-08,191238,,False
运动兴趣,fantasy football,fantasy football draft board 2025 10 team,1,2025-08,191238,,False
运动兴趣,basketball,huupe basketball hoop,1,2025-12,191269,,False
运动兴趣,softball,navy softball pants,1,2025-03,191328,,False
运动兴趣,volleyball,volleyball equipment,2,2025-09;2025-11,191339,,False
运动兴趣,baseball,baseball cap holder,1,2025-01,191465,,False
运动兴趣,soccer,grip socks soccer kids,1,2025-09,191481,,False
运动兴趣,football,fantasy football shirt,1,2025-08,191517,,False
运动兴趣,soccer,soccer pinnies,1,2025-08,191517,,False
运动兴趣,fantasy football,fantasy football shirt,1,2025-08,191517,,False
运动兴趣,softball,softball helmet girls 6-8,1,2025-03,191612,,False
运动兴趣,basketball,basketball shirt,1,2025-12,191677,,False
运动兴趣,basketball,basketball knee pads youth,1,2025-01,191732,,False
运动兴趣,basketball,basketball size 4,2,2025-11;2025-12,191786,,False
运动兴趣,basketball,noiseless basketball,1,2025-12,191786,,False
运动兴趣,football,football ladder,1,2025-06,191864,,False
运动兴趣,football,oakley football visor,1,2025-08,191898,,False
运动兴趣,volleyball,volleyball shirts for women,2,2025-08;2025-09,191898,,False
运动兴趣,football,boys cleats football,1,2025-08,192035,,False
运动兴趣,baseball,wooden baseball bats,1,2025-05,192062,,False
运动兴趣,basketball,glow in dark basketball,1,2025-12,192292,,False
运动兴趣,softball,softball tank tops for women,1,2025-06,192315,,False
运动兴趣,baseball,black baseball hat,1,2025-10,192383,,False
运动兴趣,football,backplate football youth,1,2025-08,192608,,False
运动兴趣,football,womens football jersey,1,2025-09,192620,,False
运动兴趣,baseball,allen and ginter baseball cards,1,2025-12,192629,,False
运动兴趣,basketball,basketball hoop light,1,2025-11,192640,,False
运动兴趣,basketball,small basketball hoop,1,2025-02,192716,,False
运动兴趣,soccer,soccer crocs,1,2025-04,192813,,False
运动兴趣,basketball,girls basketball bag,2,2025-11;2025-12,192859,,False
运动兴趣,football,football platter,1,2025-02,192863,,False
运动兴趣,basketball,basketball insoles,1,2025-11,192865,,False
运动兴趣,baseball,inflatable baseball bat,1,2025-10,192884,,False
运动兴趣,football,inflatable football,2,2025-02;2025-09,192907,,False
运动兴趣,baseball,yellow baseball socks,2,2025-03;2025-09,193035,,False
运动兴趣,soccer,soccer movies,1,2025-05,193189,,False
运动兴趣,softball,softball pants women,1,2025-03,193190,,False
运动兴趣,baseball,plastic baseball bat,1,2025-10,193247,,False
运动兴趣,softball,softball bows for girls,1,2025-03,193324,,False
运动兴趣,baseball,baseball cleats size 7,1,2025-03,193457,,False
运动兴趣,basketball,silent basketball and hoop set,1,2025-03,193457,,False
运动兴趣,soccer,real madrid soccer ball,1,2025-02,193650,,False
运动兴趣,baseball,baseball hat storage,1,2025-08,193841,,False
运动兴趣,football,baby football outfit girl,1,2025-08,193841,,False
运动兴趣,soccer,soccer calendar 2026,1,2025-12,193933,,False
运动兴趣,football,football stress balls,1,2025-09,194038,,False
运动兴趣,volleyball,silent volleyball indoor,1,2025-12,194038,,False
运动兴趣,basketball,chain basketball net,1,2025-03,194062,,True
运动兴趣,soccer,men soccer cleats,1,2025-03,194062,,False
运动兴趣,soccer,soccer bows,1,2025-09,194164,,False
运动兴趣,baseball,boys baseball cup,1,2025-03,194215,,False
运动兴趣,baseball,toddler girl baseball hat,1,2025-03,194215,,False
运动兴趣,softball,softball cupcake toppers,1,2025-05,194228,,False
运动兴趣,baseball,cap washer for baseball caps,1,2025-06,194397,,False
运动兴趣,baseball,baseball sleeve,1,2025-04,194610,,False
运动兴趣,volleyball,nebraska volleyball,1,2025-12,194707,,False
运动兴趣,football,football hat,1,2025-09,194793,,False
运动兴趣,baseball,baseball catchers gear,1,2025-04,194926,,False
运动兴趣,baseball,stomp toss baseball,1,2025-05,194941,,False
运动兴趣,volleyball,volleyball gear,1,2025-08,194971,,False
运动兴趣,baseball,navy blue baseball belt,1,2025-03,195067,,False
运动兴趣,football,football wreaths for front door,1,2025-08,195111,,False
运动兴趣,basketball,way of wade basketball shoes,1,2025-11,195391,,False
运动兴趣,football,football cutouts,1,2025-09,195396,,False
运动兴趣,soccer,small soccer ball,3,2025-04;2025-09;2025-12,195556,,False
运动兴趣,baseball,baseball tshirts shirts for women,2,2025-03;2025-04,195707,,False
运动兴趣,baseball,black baseball socks youth,1,2025-03,195707,,False
运动兴趣,baseball,baseball bean bag chair,1,2025-11,195726,,False
运动兴趣,basketball,wall mounted basketball hoop,1,2025-12,195742,,False
运动兴趣,football,pink mouthpiece football,1,2025-10,195817,,False
运动兴趣,baseball,youth baseball sunglasses for boys 8-12,1,2025-04,195837,,False
运动兴趣,football,football cleats kids,1,2025-08,195846,,False
运动兴趣,baseball,baseball medals for kids,1,2025-05,195914,,False
运动兴趣,basketball,fisher price basketball hoop,2,2025-11;2025-12,196102,,False
运动兴趣,football,football bulletin board decorations,1,2025-08,196256,,False
运动兴趣,basketball,men basketball shoes,1,2025-11,196452,,False
运动兴趣,basketball,basketball rack,1,2025-03,196487,,False
运动兴趣,basketball,basketball hoop for toddlers,1,2025-12,196546,,False
运动兴趣,baseball,toddler baseball bat,1,2025-04,196574,,False
运动兴趣,baseball,custom baseball cap,1,2025-05,196606,,False
运动兴趣,football,collage football 26,1,2025-11,196808,,False
运动兴趣,soccer,soccer chair,1,2025-09,196894,,False
运动兴趣,football,football blocking pad,1,2025-08,196962,,False
运动兴趣,basketball,basketball backpack for boys,1,2025-08,196962,,False
运动兴趣,basketball,basketball goal indoor,1,2025-12,197022,,False
运动兴趣,soccer,balones de futbol soccer,2,2025-03;2025-05,197035,,False
运动兴趣,soccer,soccer goalie jersey,1,2025-09,197038,,False
运动兴趣,softball,kendra scott softball necklace,1,2025-11,197067,,True
运动兴趣,basketball,kids basketball shorts,1,2025-01,197094,,False
运动兴趣,soccer,soccer ball costume,1,2025-10,197388,,False
运动兴趣,soccer,soccer lunch box,1,2025-08,197402,,False
运动兴趣,basketball,a silent basketball,1,2025-01,197490,,False
运动兴趣,baseball,baseball sprinkler,1,2025-06,197547,,False
运动兴趣,football,football bogg bag,1,2025-08,197547,,False
运动兴趣,soccer,kick it soccer trainer,1,2025-11,197668,,False
运动兴趣,basketball,women basketball shorts,1,2025-06,197693,,False
运动兴趣,football,custom football shirt,1,2025-08,197836,,False
运动兴趣,football,fantasy football trophy 2025,1,2025-08,197836,,False
运动兴趣,soccer,girls cleats soccer,1,2025-08,197836,,False
运动兴趣,fantasy football,fantasy football trophy 2025,1,2025-08,197836,,False
运动兴趣,volleyball,volleyball pads,1,2025-08,198117,,False
运动兴趣,football,pink gloves football,1,2025-10,198190,,False
运动兴趣,baseball,baseball tee shirts for women,1,2025-03,198200,,False
运动兴趣,football,football dog toy,1,2025-09,198286,,False
运动兴趣,football,football cleats size 7,1,2025-08,198411,,False
运动兴趣,softball,rolling softball bag,1,2025-03,198485,,False
运动兴趣,basketball,swimming pool basketball hoop,1,2025-06,198569,,False
运动兴趣,baseball,baseball books for boys 8-12,1,2025-04,198575,,False
运动兴趣,basketball,basketball hoop in ground,1,2025-03,198626,,False
运动兴趣,softball,slowpitch softball glove,1,2025-05,198632,,False
运动兴趣,volleyball,volleyball snack bags,1,2025-09,198754,,False
运动兴趣,volleyball,volleyball ornament for girls,1,2025-12,198916,,False
运动兴趣,softball,softball ornaments for girls,1,2025-11,198938,,False
运动兴趣,soccer,nike soccer shoes,1,2025-03,198947,,False
运动兴趣,football,mouth guards football,1,2025-08,198948,,False
运动兴趣,football,football face paint,1,2025-09,199073,,False
运动兴趣,baseball,trading cards baseball,1,2025-12,199336,,False
运动兴趣,football,pink football,1,2025-09,199374,,False
运动兴趣,basketball,girls basketball socks,1,2025-01,199396,,False
运动兴趣,basketball,panini basketball cards,1,2025-12,199433,,False
运动兴趣,football,buffalo bills football,1,2025-12,199558,,False
运动兴趣,basketball,basketball socks youth boys,1,2025-01,199803,,False
运动兴趣,baseball,baseball pencil pouch,1,2025-08,199807,,False
运动兴趣,soccer,soccer hover ball,1,2025-12,199916,,False
运动兴趣,baseball,alleson baseball pants,1,2025-03,199973,,False
运动兴趣,softball,girls softball,1,2025-03,199973,,False
风格审美,boho,boho tops for women,12,2025-01;2025-02;2025-03;2025-04;2025-05;2025-06;2025-07;2025-08;2025-09;2025-10;2025-11;2025-12,42,0.061,False
风格审美,boho,boho maxi dress,12,2025-01;2025-02;2025-03;2025-04;2025-05;2025-06;2025-07;2025-08;2025-09;2025-10;2025-11;2025-12,118,0.564,False
风格审美,vampire,vampire teeth,12,2025-01;2025-02;2025-03;2025-04;2025-05;2025-06;2025-07;2025-08;2025-09;2025-10;2025-11;2025-12,305,1.208,False
风格审美,vampire,vampire fangs,12,2025-01;2025-02;2025-03;2025-04;2025-05;2025-06;2025-07;2025-08;2025-09;2025-10;2025-11;2025-12,611,0.517,False
风格审美,vampire,the vampire diaries,12,2025-01;2025-02;2025-03;2025-04;2025-05;2025-06;2025-07;2025-08;2025-09;2025-10;2025-11;2025-12,1021,1.976,False
风格审美,vampire,vampire costume,5,2025-06;2025-07;2025-08;2025-09;2025-10,1226,,False
风格审美,boho,best boho chic decor,3,2025-08;2025-09;2025-10,1358,,False
风格审美,boho,boho summer dresses 2025,4,2025-06;2025-07;2025-08;2025-09,1834,,False
风格审美,boho,boho dresses for women 2025,10,2025-01;2025-02;2025-03;2025-04;2025-05;2025-06;2025-07;2025-08;2025-09;2025-10,1837,12.076,False
风格审美,mermaid,mermaid costume women,10,2025-02;2025-03;2025-04;2025-05;2025-06;2025-07;2025-08;2025-09;2025-10;2025-11,1953,0.051,False
风格审美,boho,boho dress,12,2025-01;2025-02;2025-03;2025-04;2025-05;2025-06;2025-07;2025-08;2025-09;2025-10;2025-11;2025-12,2016,5.609,False
风格审美,western,western movies,12,2025-01;2025-02;2025-03;2025-04;2025-05;2025-06;2025-07;2025-08;2025-09;2025-10;2025-11;2025-12,2551,6.495,False
风格审美,y2k,y2k tops,12,2025-01;2025-02;2025-03;2025-04;2025-05;2025-06;2025-07;2025-08;2025-09;2025-10;2025-11;2025-12,2821,0.929,False
风格审美,western,western outfit for women,12,2025-01;2025-02;2025-03;2025-04;2025-05;2025-06;2025-07;2025-08;2025-09;2025-10;2025-11;2025-12,3045,2.052,False
风格审美,vampire,interview with the vampire,12,2025-01;2025-02;2025-03;2025-04;2025-05;2025-06;2025-07;2025-08;2025-09;2025-10;2025-11;2025-12,3116,22.998,False
风格审美,vampire,vampire accessories,4,2025-07;2025-08;2025-09;2025-10,3590,,False
风格审美,boho,best selling boho clothes,5,2025-05;2025-06;2025-07;2025-08;2025-09,3728,,False
风格审美,boho,boho dresses for women,12,2025-01;2025-02;2025-03;2025-04;2025-05;2025-06;2025-07;2025-08;2025-09;2025-10;2025-11;2025-12,3783,0.254,False
风格审美,vampire,vampire costume female,3,2025-08;2025-09;2025-10,3993,,False
风格审美,boho,boho curtains,12,2025-01;2025-02;2025-03;2025-04;2025-05;2025-06;2025-07;2025-08;2025-09;2025-10;2025-11;2025-12,4263,1.898,False
风格审美,y2k,y2k,12,2025-01;2025-02;2025-03;2025-04;2025-05;2025-06;2025-07;2025-08;2025-09;2025-10;2025-11;2025-12,4326,1.127,False
风格审美,boho,boho decor,12,2025-01;2025-02;2025-03;2025-04;2025-05;2025-06;2025-07;2025-08;2025-09;2025-10;2025-11;2025-12,4373,3.102,False
风格审美,boho,boho tops,12,2025-01;2025-02;2025-03;2025-04;2025-05;2025-06;2025-07;2025-08;2025-09;2025-10;2025-11;2025-12,4667,1.173,False
风格审美,vampire,vampire costume for girls,3,2025-08;2025-09;2025-10,4973,,False
风格审美,boho,boho swimwear,3,2025-06;2025-07;2025-08,5317,,False
风格审美,mermaid,mermaid costume for girls,7,2025-06;2025-07;2025-08;2025-09;2025-10;2025-11;2025-12,5578,0.597,False
风格审美,vampire,vampire cape,2,2025-09;2025-10,5702,,False
风格审美,western,western belts for woman,12,2025-01;2025-02;2025-03;2025-04;2025-05;2025-06;2025-07;2025-08;2025-09;2025-10;2025-11;2025-12,5790,2.132,False
风格审美,mermaid,mermaid top,6,2025-05;2025-06;2025-07;2025-08;2025-09;2025-10,5799,0.212,False
风格审美,mermaid,mermaid accessories,6,2025-05;2025-06;2025-07;2025-08;2025-09;2025-10,5914,0.33,False
风格审美,boho,boho+tops+for+women,6,2025-06;2025-07;2025-08;2025-09;2025-10;2025-11,6032,5.742,False
风格审美,boho,boho fashion,4,2025-09;2025-10;2025-11;2025-12,6093,,False
风格审美,boho,boho dresses,12,2025-01;2025-02;2025-03;2025-04;2025-05;2025-06;2025-07;2025-08;2025-09;2025-10;2025-11;2025-12,6540,0.67,False
风格审美,western,western dress for women,12,2025-01;2025-02;2025-03;2025-04;2025-05;2025-06;2025-07;2025-08;2025-09;2025-10;2025-11;2025-12,6576,1.668,False
风格审美,boho,boho+maxi+dress,4,2025-07;2025-08;2025-09;2025-10,6697,,False
风格审美,boho,boho hair for braiding,12,2025-01;2025-02;2025-03;2025-04;2025-05;2025-06;2025-07;2025-08;2025-09;2025-10;2025-11;2025-12,7047,0.438,False
风格审美,boho,boho wall decor,12,2025-01;2025-02;2025-03;2025-04;2025-05;2025-06;2025-07;2025-08;2025-09;2025-10;2025-11;2025-12,7173,2.099,False
风格审美,vampire,vampire,12,2025-01;2025-02;2025-03;2025-04;2025-05;2025-06;2025-07;2025-08;2025-09;2025-10;2025-11;2025-12,7209,2.174,False
风格审美,gothic,gothic dress,12,2025-01;2025-02;2025-03;2025-04;2025-05;2025-06;2025-07;2025-08;2025-09;2025-10;2025-11;2025-12,7220,0.86,False
风格审美,mermaid,mermaid tail for swimming,12,2025-01;2025-02;2025-03;2025-04;2025-05;2025-06;2025-07;2025-08;2025-09;2025-10;2025-11;2025-12,7321,1.232,False
风格审美,boho,boho shower curtain,12,2025-01;2025-02;2025-03;2025-04;2025-05;2025-06;2025-07;2025-08;2025-09;2025-10;2025-11;2025-12,7359,2.136,False
风格审美,mermaid,mermaid birthday decorations,12,2025-01;2025-02;2025-03;2025-04;2025-05;2025-06;2025-07;2025-08;2025-09;2025-10;2025-11;2025-12,7407,2.537,False
风格审美,y2k,y2k clothes,12,2025-01;2025-02;2025-03;2025-04;2025-05;2025-06;2025-07;2025-08;2025-09;2025-10;2025-11;2025-12,7468,1.326,False
风格审美,vampire,buffy the vampire slayer,12,2025-01;2025-02;2025-03;2025-04;2025-05;2025-06;2025-07;2025-08;2025-09;2025-10;2025-11;2025-12,7771,4.531,False
风格审美,vampire,vampire costume men,2,2025-09;2025-10,7941,,False
风格审美,mermaid,mermaid skirt,10,2025-01;2025-02;2025-03;2025-04;2025-05;2025-06;2025-07;2025-08;2025-09;2025-10,8019,0.194,False
风格审美,boho,best boho decor,3,2025-08;2025-09;2025-10,8344,,False
风格审美,gothic,gothic clothes for women,12,2025-01;2025-02;2025-03;2025-04;2025-05;2025-06;2025-07;2025-08;2025-09;2025-10;2025-11;2025-12,8638,1.092,False
风格审美,boho,boho chic clothing,5,2025-06;2025-07;2025-08;2025-09;2025-10,8644,,False
风格审美,western,western belt,12,2025-01;2025-02;2025-03;2025-04;2025-05;2025-06;2025-07;2025-08;2025-09;2025-10;2025-11;2025-12,9315,1.273,False
风格审美,mermaid,mermaid barbie,12,2025-01;2025-02;2025-03;2025-04;2025-05;2025-06;2025-07;2025-08;2025-09;2025-10;2025-11;2025-12,9362,0.163,False
风格审美,mermaid,mermaid tail,12,2025-01;2025-02;2025-03;2025-04;2025-05;2025-06;2025-07;2025-08;2025-09;2025-10;2025-11;2025-12,9669,2.084,False
风格审美,boho,versatile boho inspired tops,3,2025-09;2025-10;2025-11,10273,,False
风格审美,vampire,vampire costume kids,3,2025-08;2025-09;2025-10,10309,,False
风格审美,western,western shirts for women,12,2025-01;2025-02;2025-03;2025-04;2025-05;2025-06;2025-07;2025-08;2025-09;2025-10;2025-11;2025-12,10472,2.525,False
风格审美,vampire,vampire costume women,3,2025-08;2025-09;2025-10,10567,,False
风格审美,gothic,gothic dresses for women,12,2025-01;2025-02;2025-03;2025-04;2025-05;2025-06;2025-07;2025-08;2025-09;2025-10;2025-11;2025-12,10715,0.879,False
风格审美,boho,boho rug,12,2025-01;2025-02;2025-03;2025-04;2025-05;2025-06;2025-07;2025-08;2025-09;2025-10;2025-11;2025-12,10777,1.408,False
风格审美,vampire,vampire teeth adult,3,2025-08;2025-09;2025-10,10789,,False
风格审美,western,western dress,12,2025-01;2025-02;2025-03;2025-04;2025-05;2025-06;2025-07;2025-08;2025-09;2025-10;2025-11;2025-12,10790,1.084,False
风格审美,western,western jewelry for women,12,2025-01;2025-02;2025-03;2025-04;2025-05;2025-06;2025-07;2025-08;2025-09;2025-10;2025-11;2025-12,11102,1.271,True
风格审美,y2k,y2k sunglasses,12,2025-01;2025-02;2025-03;2025-04;2025-05;2025-06;2025-07;2025-08;2025-09;2025-10;2025-11;2025-12,11212,1.55,False
风格审美,boho,boho womens clothing winter,2,2025-11;2025-12,11516,,False
风格审美,vampire,vampire teeth kids,2,2025-09;2025-10,12034,,False
风格审美,goth,goth,12,2025-01;2025-02;2025-03;2025-04;2025-05;2025-06;2025-07;2025-08;2025-09;2025-10;2025-11;2025-12,12826,0.696,False
风格审美,vampire,vampire dress,3,2025-08;2025-09;2025-10,12982,,False
风格审美,vampire,vampire corset,2,2025-09;2025-10,13959,,False
风格审美,western,western decor,12,2025-01;2025-02;2025-03;2025-04;2025-05;2025-06;2025-07;2025-08;2025-09;2025-10;2025-11;2025-12,14686,1.62,False
风格审美,mermaid,mermaid costume,6,2025-05;2025-06;2025-07;2025-08;2025-09;2025-10,14871,0.195,False
风格审美,western,western,12,2025-01;2025-02;2025-03;2025-04;2025-05;2025-06;2025-07;2025-08;2025-09;2025-10;2025-11;2025-12,15174,1.123,False
风格审美,mermaid,the little mermaid,12,2025-01;2025-02;2025-03;2025-04;2025-05;2025-06;2025-07;2025-08;2025-09;2025-10;2025-11;2025-12,15308,2.312,False
风格审美,vampire,interview with the vampire series,4,2025-09;2025-10;2025-11;2025-12,15318,,False
风格审美,y2k,y2k accessories,12,2025-01;2025-02;2025-03;2025-04;2025-05;2025-06;2025-07;2025-08;2025-09;2025-10;2025-11;2025-12,16235,1.036,False
风格审美,boho,boho classroom decor,9,2025-01;2025-02;2025-03;2025-04;2025-05;2025-06;2025-07;2025-08;2025-09,16908,0.125,False
风格审美,mermaid,mermaid,12,2025-01;2025-02;2025-03;2025-04;2025-05;2025-06;2025-07;2025-08;2025-09;2025-10;2025-11;2025-12,16920,1.303,False
风格审美,boho,best selling boho tank tops,4,2025-05;2025-06;2025-07;2025-08,17017,,False
风格审美,gothic,gothic decor,12,2025-01;2025-02;2025-03;2025-04;2025-05;2025-06;2025-07;2025-08;2025-09;2025-10;2025-11;2025-12,17263,0.872,False
风格审美,boho,boho skirt,12,2025-01;2025-02;2025-03;2025-04;2025-05;2025-06;2025-07;2025-08;2025-09;2025-10;2025-11;2025-12,17362,1.844,False
风格审美,western,western tops for women,12,2025-01;2025-02;2025-03;2025-04;2025-05;2025-06;2025-07;2025-08;2025-09;2025-10;2025-11;2025-12,17389,1.608,False
风格审美,y2k,y2k hoodie,12,2025-01;2025-02;2025-03;2025-04;2025-05;2025-06;2025-07;2025-08;2025-09;2025-10;2025-11;2025-12,17418,1.548,False
风格审美,mermaid,mermaid toys,12,2025-01;2025-02;2025-03;2025-04;2025-05;2025-06;2025-07;2025-08;2025-09;2025-10;2025-11;2025-12,17509,0.555,False
风格审美,mermaid,mermaid man costume,2,2025-09;2025-10,17862,,False
风格审美,vampire,vampire makeup,2,2025-09;2025-10,18526,,False
风格审美,mermaid,barbie mermaid,12,2025-01;2025-02;2025-03;2025-04;2025-05;2025-06;2025-07;2025-08;2025-09;2025-10;2025-11;2025-12,18643,0.245,False
风格审美,mermaid,mermaid accessories women,7,2025-04;2025-05;2025-06;2025-07;2025-08;2025-09;2025-10,18713,0.513,False
风格审美,goth,goth dress,12,2025-01;2025-02;2025-03;2025-04;2025-05;2025-06;2025-07;2025-08;2025-09;2025-10;2025-11;2025-12,19490,1.528,False
风格审美,vampire,vampire fangs for adults,2,2025-09;2025-10,19926,,False
风格审美,boho,boho decor deals,4,2025-08;2025-09;2025-10;2025-11,19963,,False
风格审美,boho,boho,12,2025-01;2025-02;2025-03;2025-04;2025-05;2025-06;2025-07;2025-08;2025-09;2025-10;2025-11;2025-12,20201,1.16,False
风格审美,mermaid,mermaid tail blanket,12,2025-01;2025-02;2025-03;2025-04;2025-05;2025-06;2025-07;2025-08;2025-09;2025-10;2025-11;2025-12,20416,0.294,False
风格审美,boho,boho pants for women,12,2025-01;2025-02;2025-03;2025-04;2025-05;2025-06;2025-07;2025-08;2025-09;2025-10;2025-11;2025-12,20726,2.683,False
风格审美,western,western shirts for men,12,2025-01;2025-02;2025-03;2025-04;2025-05;2025-06;2025-07;2025-08;2025-09;2025-10;2025-11;2025-12,20744,0.863,False
风格审美,vampire,vampire academy,12,2025-01;2025-02;2025-03;2025-04;2025-05;2025-06;2025-07;2025-08;2025-09;2025-10;2025-11;2025-12,20800,3.541,False
风格审美,vampire,vampire diaries,12,2025-01;2025-02;2025-03;2025-04;2025-05;2025-06;2025-07;2025-08;2025-09;2025-10;2025-11;2025-12,20827,1.685,False
风格审美,boho,boho braids human hair,12,2025-01;2025-02;2025-03;2025-04;2025-05;2025-06;2025-07;2025-08;2025-09;2025-10;2025-11;2025-12,21418,4.761,False
风格审美,y2k,y2k dress,12,2025-01;2025-02;2025-03;2025-04;2025-05;2025-06;2025-07;2025-08;2025-09;2025-10;2025-11;2025-12,21625,1.337,False
风格审美,vampire,sexy vampire costume for women,2,2025-09;2025-10,21736,,False
风格审美,boho,boho pants,12,2025-01;2025-02;2025-03;2025-04;2025-05;2025-06;2025-07;2025-08;2025-09;2025-10;2025-11;2025-12,21910,1.565,False
风格审美,boho,best selling boho dresses,3,2025-05;2025-06;2025-07,22177,,False
风格审美,vampire,womens vampire costume,2,2025-09;2025-10,22243,,False
风格审美,y2k,y2k belt,12,2025-01;2025-02;2025-03;2025-04;2025-05;2025-06;2025-07;2025-08;2025-09;2025-10;2025-11;2025-12,22514,0.871,False
风格审美,vampire,vampire necklace,2,2025-09;2025-10,22542,,True
风格审美,gothic,gothic jewelry,12,2025-01;2025-02;2025-03;2025-04;2025-05;2025-06;2025-07;2025-08;2025-09;2025-10;2025-11;2025-12,22651,0.578,True
风格审美,boho,best+boho+chic+decor,3,2025-08;2025-09;2025-10,22865,,False
风格审美,boho,wall art abstract boho large,1,2025-11,23017,,False
风格审美,vampire,the little vampire,9,2025-04;2025-05;2025-06;2025-07;2025-08;2025-09;2025-10;2025-11;2025-12,23638,1.584,False
风格审美,boho,best selling boho maxi dresses,3,2025-06;2025-07;2025-08,24734,,False
风格审美,goth,goth accessories,12,2025-01;2025-02;2025-03;2025-04;2025-05;2025-06;2025-07;2025-08;2025-09;2025-10;2025-11;2025-12,24736,0.617,False
风格审美,y2k,y2k outfits for women,11,2025-02;2025-03;2025-04;2025-05;2025-06;2025-07;2025-08;2025-09;2025-10;2025-11;2025-12,25191,0.262,False
风格审美,boho,boho chic decor,3,2025-08;2025-09;2025-10,25246,,False
风格审美,boho,boho jewelry,12,2025-01;2025-02;2025-03;2025-04;2025-05;2025-06;2025-07;2025-08;2025-09;2025-10;2025-11;2025-12,25436,0.634,True
风格审美,gothic,black gothic dress,4,2025-07;2025-08;2025-09;2025-10,25562,,False
风格审美,vampire,kids vampire teeth,2,2025-09;2025-10,25725,,False
风格审美,vampire,girls vampire costume,2,2025-09;2025-10,25749,,False
风格审美,western,western boots women,12,2025-01;2025-02;2025-03;2025-04;2025-05;2025-06;2025-07;2025-08;2025-09;2025-10;2025-11;2025-12,25869,1.626,False
风格审美,boho,boho skirts for women,12,2025-01;2025-02;2025-03;2025-04;2025-05;2025-06;2025-07;2025-08;2025-09;2025-10;2025-11;2025-12,25900,2.984,False
风格审美,boho,boho throw blanket,12,2025-01;2025-02;2025-03;2025-04;2025-05;2025-06;2025-07;2025-08;2025-09;2025-10;2025-11;2025-12,26147,1.54,False
风格审美,boho,boho bathroom rugs,12,2025-01;2025-02;2025-03;2025-04;2025-05;2025-06;2025-07;2025-08;2025-09;2025-10;2025-11;2025-12,26258,2.496,False
风格审美,vampire,vampire cape women,2,2025-09;2025-10,26456,,False
风格审美,mermaid,mermaid man and barnacle boy costumes,2,2025-09;2025-10,26844,,False
风格审美,vampire,vampire accessories women,2,2025-09;2025-10,26897,,False
风格审美,boho,boho wall art,12,2025-01;2025-02;2025-03;2025-04;2025-05;2025-06;2025-07;2025-08;2025-09;2025-10;2025-11;2025-12,27055,1.722,False
风格审美,y2k,y2k jeans,12,2025-01;2025-02;2025-03;2025-04;2025-05;2025-06;2025-07;2025-08;2025-09;2025-10;2025-11;2025-12,27245,0.632,False
风格审美,boho,boho bathroom decor,12,2025-01;2025-02;2025-03;2025-04;2025-05;2025-06;2025-07;2025-08;2025-09;2025-10;2025-11;2025-12,27648,2.016,False
风格审美,y2k,y2k top,12,2025-01;2025-02;2025-03;2025-04;2025-05;2025-06;2025-07;2025-08;2025-09;2025-10;2025-11;2025-12,27777,1.141,False
风格审美,vampire,empire of the vampire,12,2025-01;2025-02;2025-03;2025-04;2025-05;2025-06;2025-07;2025-08;2025-09;2025-10;2025-11;2025-12,28286,0.749,False
风格审美,mermaid,little mermaid costume,3,2025-08;2025-09;2025-10,28417,,False
风格审美,vampire,kids vampire costume,2,2025-09;2025-10,28546,,False
风格审美,western,western home decor,12,2025-01;2025-02;2025-03;2025-04;2025-05;2025-06;2025-07;2025-08;2025-09;2025-10;2025-11;2025-12,28579,1.533,False
风格审美,mermaid,mermaid tail for swimming kids,4,2025-05;2025-06;2025-07;2025-08,28705,,False
风格审美,y2k,y2k shirts,12,2025-01;2025-02;2025-03;2025-04;2025-05;2025-06;2025-07;2025-08;2025-09;2025-10;2025-11;2025-12,28768,0.487,False
风格审美,vampire,court of the vampire queen,12,2025-01;2025-02;2025-03;2025-04;2025-05;2025-06;2025-07;2025-08;2025-09;2025-10;2025-11;2025-12,28777,1.753,False
风格审美,boho,best selling boho purses,6,2025-06;2025-07;2025-08;2025-09;2025-10;2025-11,28923,1.013,False
风格审美,boho,boho bedding,12,2025-01;2025-02;2025-03;2025-04;2025-05;2025-06;2025-07;2025-08;2025-09;2025-10;2025-11;2025-12,29119,1.505,False
风格审美,western,western wear,4,2025-06;2025-07;2025-08;2025-09,29298,,False
风格审美,boho,human boho braiding hair,12,2025-01;2025-02;2025-03;2025-04;2025-05;2025-06;2025-07;2025-08;2025-09;2025-10;2025-11;2025-12,29506,0.975,False
风格审美,gothic,gothic home decor,12,2025-01;2025-02;2025-03;2025-04;2025-05;2025-06;2025-07;2025-08;2025-09;2025-10;2025-11;2025-12,29720,1.056,False
风格审美,mermaid,mermaid party favors,12,2025-01;2025-02;2025-03;2025-04;2025-05;2025-06;2025-07;2025-08;2025-09;2025-10;2025-11;2025-12,29782,2.461,False
风格审美,vampire,mens vampire costume,2,2025-09;2025-10,29797,,False
风格审美,mermaid,mermaid costume accessories,2,2025-09;2025-10,30292,,False
风格审美,y2k,hoodies y2k,12,2025-01;2025-02;2025-03;2025-04;2025-05;2025-06;2025-07;2025-08;2025-09;2025-10;2025-11;2025-12,30998,1.121,False
风格审美,y2k,y2k tops for women,12,2025-01;2025-02;2025-03;2025-04;2025-05;2025-06;2025-07;2025-08;2025-09;2025-10;2025-11;2025-12,31100,0.903,False
风格审美,boho,boho pillow covers,12,2025-01;2025-02;2025-03;2025-04;2025-05;2025-06;2025-07;2025-08;2025-09;2025-10;2025-11;2025-12,31294,2.11,False
风格审美,vampire,shadow of the vampire,2,2025-01;2025-02,31389,,False
风格审美,boho,boho human hair for braiding,8,2025-05;2025-06;2025-07;2025-08;2025-09;2025-10;2025-11;2025-12,31557,1.538,False
风格审美,boho,boho christmas decor,3,2025-10;2025-11;2025-12,31623,,False
风格审美,gothic,gothic,12,2025-01;2025-02;2025-03;2025-04;2025-05;2025-06;2025-07;2025-08;2025-09;2025-10;2025-11;2025-12,31625,0.636,False
风格审美,western,western christmas decor,3,2025-10;2025-11;2025-12,31638,,False
风格审美,western,western inspired clothes,5,2025-06;2025-07;2025-08;2025-09;2025-10,31739,,False
风格审美,vampire,vampire makeup kit,1,2025-10,32440,,False
风格审美,mermaid,little mermaid costume women,2,2025-09;2025-10,32785,,False
风格审美,western,western christmas ornaments,3,2025-10;2025-11;2025-12,32796,,False
风格审美,y2k,y2k pants,12,2025-01;2025-02;2025-03;2025-04;2025-05;2025-06;2025-07;2025-08;2025-09;2025-10;2025-11;2025-12,33072,0.774,False
风格审美,goth,goth clothes,12,2025-01;2025-02;2025-03;2025-04;2025-05;2025-06;2025-07;2025-08;2025-09;2025-10;2025-11;2025-12,33176,0.945,False
风格审美,western,western belts for men,12,2025-01;2025-02;2025-03;2025-04;2025-05;2025-06;2025-07;2025-08;2025-09;2025-10;2025-11;2025-12,33291,0.893,False
风格审美,boho,boho throw pillows,12,2025-01;2025-02;2025-03;2025-04;2025-05;2025-06;2025-07;2025-08;2025-09;2025-10;2025-11;2025-12,33449,1.78,False
风格审美,western,western shower curtain,12,2025-01;2025-02;2025-03;2025-04;2025-05;2025-06;2025-07;2025-08;2025-09;2025-10;2025-11;2025-12,33545,1.725,False
风格审美,western,western gifts for women,3,2025-01;2025-11;2025-12,33793,,False
风格审美,vampire,vampire jewelry,2,2025-09;2025-10,34026,,True
风格审美,boho,boho human braiding hair curly,7,2025-01;2025-02;2025-03;2025-04;2025-05;2025-06;2025-07,34129,0.799,False
风格审美,y2k,graphic tees y2k,12,2025-01;2025-02;2025-03;2025-04;2025-05;2025-06;2025-07;2025-08;2025-09;2025-10;2025-11;2025-12,34241,1.632,False
风格审美,boho,boho lamp,12,2025-01;2025-02;2025-03;2025-04;2025-05;2025-06;2025-07;2025-08;2025-09;2025-10;2025-11;2025-12,34934,1.744,False
风格审美,vampire,vampire costume for adults,2,2025-09;2025-10,35116,,False
风格审美,y2k,y2k shorts,12,2025-01;2025-02;2025-03;2025-04;2025-05;2025-06;2025-07;2025-08;2025-09;2025-10;2025-11;2025-12,35291,0.957,False
风格审美,y2k,room decor y2k,12,2025-01;2025-02;2025-03;2025-04;2025-05;2025-06;2025-07;2025-08;2025-09;2025-10;2025-11;2025-12,35743,1.578,False
风格审美,vampire,vampire blood,1,2025-10,35788,,False
风格审美,boho,boho clothes for women,12,2025-01;2025-02;2025-03;2025-04;2025-05;2025-06;2025-07;2025-08;2025-09;2025-10;2025-11;2025-12,35843,3.584,False
风格审美,mermaid,mermaid backpack,3,2025-06;2025-07;2025-08,35962,,False
风格审美,boho,boho earrings for women,12,2025-01;2025-02;2025-03;2025-04;2025-05;2025-06;2025-07;2025-08;2025-09;2025-10;2025-11;2025-12,36138,1.599,True
风格审美,boho,peel and stick wallpaper boho,12,2025-01;2025-02;2025-03;2025-04;2025-05;2025-06;2025-07;2025-08;2025-09;2025-10;2025-11;2025-12,36505,2.661,False
风格审美,boho,shower curtain boho,12,2025-01;2025-02;2025-03;2025-04;2025-05;2025-06;2025-07;2025-08;2025-09;2025-10;2025-11;2025-12,36605,1.405,False
风格审美,boho,boho room decor,12,2025-01;2025-02;2025-03;2025-04;2025-05;2025-06;2025-07;2025-08;2025-09;2025-10;2025-11;2025-12,36783,1.48,False
风格审美,boho,human braiding hair for boho braids,12,2025-01;2025-02;2025-03;2025-04;2025-05;2025-06;2025-07;2025-08;2025-09;2025-10;2025-11;2025-12,36902,2.715,False
风格审美,mermaid,mermaid pool toys,6,2025-03;2025-04;2025-05;2025-06;2025-07;2025-08,37027,0.636,False
风格审美,mermaid,mermaid hair accessories,6,2025-05;2025-06;2025-07;2025-08;2025-09;2025-10,37058,0.708,False
风格审美,western,western bedding,12,2025-01;2025-02;2025-03;2025-04;2025-05;2025-06;2025-07;2025-08;2025-09;2025-10;2025-11;2025-12,37150,1.178,False
风格审美,goth,goth boots,12,2025-01;2025-02;2025-03;2025-04;2025-05;2025-06;2025-07;2025-08;2025-09;2025-10;2025-11;2025-12,37264,0.821,False
风格审美,western,western wall decor,12,2025-01;2025-02;2025-03;2025-04;2025-05;2025-06;2025-07;2025-08;2025-09;2025-10;2025-11;2025-12,37597,1.358,False
风格审美,y2k,leg warmers y2k,12,2025-01;2025-02;2025-03;2025-04;2025-05;2025-06;2025-07;2025-08;2025-09;2025-10;2025-11;2025-12,37779,0.329,False
风格审美,y2k,y2k purse,12,2025-01;2025-02;2025-03;2025-04;2025-05;2025-06;2025-07;2025-08;2025-09;2025-10;2025-11;2025-12,38037,0.702,False
风格审美,mermaid,mermaid crown,6,2025-05;2025-06;2025-07;2025-08;2025-09;2025-10,38332,0.72,False
风格审美,western,western party decorations,12,2025-01;2025-02;2025-03;2025-04;2025-05;2025-06;2025-07;2025-08;2025-09;2025-10;2025-11;2025-12,38366,1.889,False
风格审美,boho,boho maxi dress plus size,4,2025-07;2025-08;2025-09;2025-10,38385,,False
风格审美,vampire,vampire costume for women,2,2025-09;2025-10,38547,,False
风格审美,boho,boho bedroom decor,12,2025-01;2025-02;2025-03;2025-04;2025-05;2025-06;2025-07;2025-08;2025-09;2025-10;2025-11;2025-12,38634,1.604,False
风格审美,western,western backpack,3,2025-06;2025-07;2025-08,38693,,False
风格审美,mermaid,mermaid top women,2,2025-09;2025-10,38780,,False
风格审美,boho,boho table runner,12,2025-01;2025-02;2025-03;2025-04;2025-05;2025-06;2025-07;2025-08;2025-09;2025-10;2025-11;2025-12,38786,1.969,False
风格审美,gothic,gothic skirt,9,2025-04;2025-05;2025-06;2025-07;2025-08;2025-09;2025-10;2025-11;2025-12,38876,0.996,False
风格审美,gothic,gothic christmas decor,2,2025-11;2025-12,39028,,False
风格审美,mermaid,mermaid doll,12,2025-01;2025-02;2025-03;2025-04;2025-05;2025-06;2025-07;2025-08;2025-09;2025-10;2025-11;2025-12,39277,0.39,False
风格审美,western,all quiet on the western front book,12,2025-01;2025-02;2025-03;2025-04;2025-05;2025-06;2025-07;2025-08;2025-09;2025-10;2025-11;2025-12,39369,1.547,False
风格审美,western,western bathroom decor,12,2025-01;2025-02;2025-03;2025-04;2025-05;2025-06;2025-07;2025-08;2025-09;2025-10;2025-11;2025-12,39528,1.864,False
风格审美,vampire,vampire skirt,1,2025-10,39573,,False
风格审美,boho,flowy boho tops for women,2,2025-08;2025-09,39787,,False
风格审美,mermaid,barbie mermaid dolls,6,2025-06;2025-07;2025-09;2025-10;2025-11;2025-12,39865,0.374,False
风格审美,boho,boho area rug,12,2025-01;2025-02;2025-03;2025-04;2025-05;2025-06;2025-07;2025-08;2025-09;2025-10;2025-11;2025-12,39956,0.9,False
风格审美,boho,boho dresses for women 2024,1,2025-01,40143,,False
风格审美,boho,boho jewelry for women,12,2025-01;2025-02;2025-03;2025-04;2025-05;2025-06;2025-07;2025-08;2025-09;2025-10;2025-11;2025-12,40232,1.45,True
风格审美,vampire,interview with the vampire book,10,2025-01;2025-02;2025-03;2025-06;2025-07;2025-08;2025-09;2025-10;2025-11;2025-12,40457,0.406,False
风格审美,boho,boho hair,12,2025-01;2025-02;2025-03;2025-04;2025-05;2025-06;2025-07;2025-08;2025-09;2025-10;2025-11;2025-12,40624,0.789,False
风格审美,boho,boho human hair,12,2025-01;2025-02;2025-03;2025-04;2025-05;2025-06;2025-07;2025-08;2025-09;2025-10;2025-11;2025-12,40709,0.789,False
风格审美,boho,boho curtains 2 panels,12,2025-01;2025-02;2025-03;2025-04;2025-05;2025-06;2025-07;2025-08;2025-09;2025-10;2025-11;2025-12,41020,2.132,False
风格审美,vampire,vampire costume accessories,2,2025-09;2025-10,41059,,False
风格审美,western,all quiet on the western front,12,2025-01;2025-02;2025-03;2025-04;2025-05;2025-06;2025-07;2025-08;2025-09;2025-10;2025-11;2025-12,41584,2.348,False
风格审美,boho,boho comforter set queen,12,2025-01;2025-02;2025-03;2025-04;2025-05;2025-06;2025-07;2025-08;2025-09;2025-10;2025-11;2025-12,42462,1.449,False
风格审美,mermaid,mermaid makeup,3,2025-07;2025-09;2025-10,42568,,False
风格审美,y2k,y2k skirt,12,2025-01;2025-02;2025-03;2025-04;2025-05;2025-06;2025-07;2025-08;2025-09;2025-10;2025-11;2025-12,42638,1.191,False
风格审美,vampire,loving a vampire is total chaos,5,2025-06;2025-07;2025-08;2025-09;2025-10,42760,,False
风格审美,mermaid,little mermaid,12,2025-01;2025-02;2025-03;2025-04;2025-05;2025-06;2025-07;2025-08;2025-09;2025-10;2025-11;2025-12,42895,1.401,False
风格审美,western,womens western tops,12,2025-01;2025-02;2025-03;2025-04;2025-05;2025-06;2025-07;2025-08;2025-09;2025-10;2025-11;2025-12,42968,2.07,False
风格审美,gothic,gothic necklace,11,2025-02;2025-03;2025-04;2025-05;2025-06;2025-07;2025-08;2025-09;2025-10;2025-11;2025-12,43093,0.668,True
风格审美,boho,boho earrings,12,2025-01;2025-02;2025-03;2025-04;2025-05;2025-06;2025-07;2025-08;2025-09;2025-10;2025-11;2025-12,43232,0.885,True
风格审美,boho,boho shower curtains for bathroom,12,2025-01;2025-02;2025-03;2025-04;2025-05;2025-06;2025-07;2025-08;2025-09;2025-10;2025-11;2025-12,43410,1.926,False
风格审美,vampire,women's vampire costume,1,2025-10,43469,,False
风格审美,boho,womens boho dresses,10,2025-01;2025-02;2025-03;2025-04;2025-05;2025-06;2025-07;2025-08;2025-09;2025-10,43517,1.126,False
风格审美,boho,natural life boho bandeau,5,2025-03;2025-04;2025-05;2025-06;2025-07,43660,,False
风格审美,western,western jewelry,12,2025-01;2025-02;2025-03;2025-04;2025-05;2025-06;2025-07;2025-08;2025-09;2025-10;2025-11;2025-12,43702,0.65,True
风格审美,western,womens western belt,12,2025-01;2025-02;2025-03;2025-04;2025-05;2025-06;2025-07;2025-08;2025-09;2025-10;2025-11;2025-12,43907,1.482,False
风格审美,western,western purse,12,2025-01;2025-02;2025-03;2025-04;2025-05;2025-06;2025-07;2025-08;2025-09;2025-10;2025-11;2025-12,43995,0.752,False
风格审美,goth,goth swimsuit,6,2025-02;2025-03;2025-04;2025-05;2025-06;2025-07,44269,0.589,False
风格审美,western,western digital external hard drive,12,2025-01;2025-02;2025-03;2025-04;2025-05;2025-06;2025-07;2025-08;2025-09;2025-10;2025-11;2025-12,44738,1.019,False
风格审美,boho,boho crochet braids human hair,12,2025-01;2025-02;2025-03;2025-04;2025-05;2025-06;2025-07;2025-08;2025-09;2025-10;2025-11;2025-12,45266,2.099,False
风格审美,mermaid,mermaid dress,12,2025-01;2025-02;2025-03;2025-04;2025-05;2025-06;2025-07;2025-08;2025-09;2025-10;2025-11;2025-12,45311,3.024,False
风格审美,y2k,y2k beanie,11,2025-01;2025-02;2025-03;2025-04;2025-05;2025-06;2025-08;2025-09;2025-10;2025-11;2025-12,45410,1.32,False
风格审美,vampire,fake vampire teeth,2,2025-09;2025-10,45531,,False
风格审美,western,mens western shirts,12,2025-01;2025-02;2025-03;2025-04;2025-05;2025-06;2025-07;2025-08;2025-09;2025-10;2025-11;2025-12,45890,0.927,False
风格审美,y2k,y2k glasses,12,2025-01;2025-02;2025-03;2025-04;2025-05;2025-06;2025-07;2025-08;2025-09;2025-10;2025-11;2025-12,46401,1.47,False
风格审美,boho,boho floor lamp,12,2025-01;2025-02;2025-03;2025-04;2025-05;2025-06;2025-07;2025-08;2025-09;2025-10;2025-11;2025-12,46582,1.433,False
风格审美,y2k,y2k room decor,12,2025-01;2025-02;2025-03;2025-04;2025-05;2025-06;2025-07;2025-08;2025-09;2025-10;2025-11;2025-12,46582,1.221,False
风格审美,boho,boho comforter,12,2025-01;2025-02;2025-03;2025-04;2025-05;2025-06;2025-07;2025-08;2025-09;2025-10;2025-11;2025-12,46626,0.932,False
风格审美,western,western dresses,12,2025-01;2025-02;2025-03;2025-04;2025-05;2025-06;2025-07;2025-08;2025-09;2025-10;2025-11;2025-12,46893,1.618,False
风格审美,western,western wedding guest dress,7,2025-04;2025-05;2025-06;2025-07;2025-08;2025-09;2025-10,47318,0.401,False
风格审美,boho,boho summer dress,6,2025-03;2025-04;2025-05;2025-06;2025-07;2025-08,47620,0.824,False
风格审美,goth,goth skirt,12,2025-01;2025-02;2025-03;2025-04;2025-05;2025-06;2025-07;2025-08;2025-09;2025-10;2025-11;2025-12,48095,1.134,False
风格审美,boho,boho bandeau,6,2025-02;2025-03;2025-04;2025-05;2025-06;2025-07,48172,0.803,False
风格审美,vampire,vampire cloak,1,2025-10,48304,,False
风格审美,y2k,shirts y2k,8,2025-05;2025-06;2025-07;2025-08;2025-09;2025-10;2025-11;2025-12,48312,1.019,False
风格审美,boho,boho necklaces for women,12,2025-01;2025-02;2025-03;2025-04;2025-05;2025-06;2025-07;2025-08;2025-09;2025-10;2025-11;2025-12,48349,1.907,True
风格审美,mermaid,little mermaid party decorations,11,2025-01;2025-02;2025-03;2025-04;2025-05;2025-06;2025-07;2025-08;2025-09;2025-10;2025-11,48419,2.067,False
风格审美,boho,boho blackout curtains,12,2025-01;2025-02;2025-03;2025-04;2025-05;2025-06;2025-07;2025-08;2025-09;2025-10;2025-11;2025-12,48512,1.262,False
风格审美,boho,boho christmas ornaments,2,2025-11;2025-12,48982,,False
风格审美,mermaid,mermaid prom dress,5,2025-01;2025-02;2025-03;2025-04;2025-05,49081,,False
风格审美,y2k,y2k backpack,3,2025-06;2025-07;2025-08,49101,,False
风格审美,y2k,belts y2k,12,2025-01;2025-02;2025-03;2025-04;2025-05;2025-06;2025-07;2025-08;2025-09;2025-10;2025-11;2025-12,49339,0.87,False
风格审美,vampire,vampire dress for women,2,2025-09;2025-10,49551,,False
风格审美,boho,best+selling+boho+clothes,2,2025-06;2025-07,49760,,False
风格审美,y2k,y2k shirt,12,2025-01;2025-02;2025-03;2025-04;2025-05;2025-06;2025-07;2025-08;2025-09;2025-10;2025-11;2025-12,49833,1.092,False
风格审美,boho,boho furniture and decor,1,2025-10,49849,,False
风格审美,boho,boho wallpaper,12,2025-01;2025-02;2025-03;2025-04;2025-05;2025-06;2025-07;2025-08;2025-09;2025-10;2025-11;2025-12,50048,1.847,False
风格审美,boho,womens boho tops,12,2025-01;2025-02;2025-03;2025-04;2025-05;2025-06;2025-07;2025-08;2025-09;2025-10;2025-11;2025-12,50166,2.03,False
风格审美,mermaid,mermaid party decorations,11,2025-01;2025-02;2025-03;2025-04;2025-05;2025-06;2025-07;2025-08;2025-09;2025-10;2025-11,50564,1.544,False
风格审美,mermaid,mermaid tails for girls,12,2025-01;2025-02;2025-03;2025-04;2025-05;2025-06;2025-07;2025-08;2025-09;2025-10;2025-11;2025-12,50667,1.424,False
风格审美,gothic,mexican gothic,12,2025-01;2025-02;2025-03;2025-04;2025-05;2025-06;2025-07;2025-08;2025-09;2025-10;2025-11;2025-12,51168,1.046,False
风格审美,boho,boho outfits for women,12,2025-01;2025-02;2025-03;2025-04;2025-05;2025-06;2025-07;2025-08;2025-09;2025-10;2025-11;2025-12,51372,1.776,False
风格审美,vampire,scooby-doo and the legend of the vampire,9,2025-02;2025-03;2025-04;2025-05;2025-06;2025-07;2025-08;2025-09;2025-10,51382,1.466,False
风格审美,boho,boho wedding dress,12,2025-01;2025-02;2025-03;2025-04;2025-05;2025-06;2025-07;2025-08;2025-09;2025-10;2025-11;2025-12,51581,1.939,False
风格审美,vampire,vampire costume for boys,2,2025-09;2025-10,51708,,False
风格审美,boho,boho headbands for women,12,2025-01;2025-02;2025-03;2025-04;2025-05;2025-06;2025-07;2025-08;2025-09;2025-10;2025-11;2025-12,52238,1.75,False
风格审美,boho,boho rugs for living room,12,2025-01;2025-02;2025-03;2025-04;2025-05;2025-06;2025-07;2025-08;2025-09;2025-10;2025-11;2025-12,52251,2.212,False
风格审美,western,western room decor,12,2025-01;2025-02;2025-03;2025-04;2025-05;2025-06;2025-07;2025-08;2025-09;2025-10;2025-11;2025-12,52287,1.021,False
风格审美,gothic,gothic earrings,12,2025-01;2025-02;2025-03;2025-04;2025-05;2025-06;2025-07;2025-08;2025-09;2025-10;2025-11;2025-12,52506,0.691,True
风格审美,boho,boho belt,9,2025-02;2025-03;2025-04;2025-05;2025-06;2025-07;2025-08;2025-09;2025-10,52872,0.776,False
风格审美,boho,boho maxi skirt,9,2025-02;2025-03;2025-04;2025-05;2025-06;2025-07;2025-08;2025-09;2025-10,53049,0.75,False
风格审美,boho,boho maxi dresses for women 2025,5,2025-03;2025-04;2025-05;2025-06;2025-07,53345,,False
风格审美,vampire,filthy rich vampire,11,2025-01;2025-02;2025-03;2025-04;2025-05;2025-06;2025-07;2025-08;2025-09;2025-10;2025-11,53431,2.448,False
风格审美,goth,goth christmas decor,1,2025-11,53482,,False
风格审美,boho,boho bracelets for women,12,2025-01;2025-02;2025-03;2025-04;2025-05;2025-06;2025-07;2025-08;2025-09;2025-10;2025-11;2025-12,53482,1.174,True
风格审美,vampire,vampire cape men,1,2025-10,53507,,False
风格审美,vampire,vampire movies,10,2025-01;2025-02;2025-03;2025-04;2025-05;2025-06;2025-07;2025-08;2025-09;2025-10,53585,2.804,False
风格审美,gothic,gothic gifts,2,2025-11;2025-12,53930,,False
风格审美,boho,boho home decor,12,2025-01;2025-02;2025-03;2025-04;2025-05;2025-06;2025-07;2025-08;2025-09;2025-10;2025-11;2025-12,53944,1.271,False
风格审美,vampire,women vampire costume,1,2025-10,54040,,False
风格审美,boho,boho+summer+dresses+2025,2,2025-06;2025-07,54213,,False
风格审美,western,western accessories for women,12,2025-01;2025-02;2025-03;2025-04;2025-05;2025-06;2025-07;2025-08;2025-09;2025-10;2025-11;2025-12,54246,0.84,False
风格审美,mermaid,mermaid skirt women,2,2025-09;2025-10,54415,,False
风格审美,vampire,vampire diaries merch,12,2025-01;2025-02;2025-03;2025-04;2025-05;2025-06;2025-07;2025-08;2025-09;2025-10;2025-11;2025-12,54815,0.751,False
风格审美,western,western skirt,12,2025-01;2025-02;2025-03;2025-04;2025-05;2025-06;2025-07;2025-08;2025-09;2025-10;2025-11;2025-12,55463,1.209,False
风格审美,boho,human hair boho braiding hair,10,2025-01;2025-02;2025-03;2025-04;2025-05;2025-06;2025-07;2025-08;2025-09;2025-10,55590,1.172,False
风格审美,western,western boots,12,2025-01;2025-02;2025-03;2025-04;2025-05;2025-06;2025-07;2025-08;2025-09;2025-10;2025-11;2025-12,55749,1.126,False
风格审美,boho,boho pillows,12,2025-01;2025-02;2025-03;2025-04;2025-05;2025-06;2025-07;2025-08;2025-09;2025-10;2025-11;2025-12,55795,1.881,False
风格审美,boho,boho top,10,2025-02;2025-03;2025-04;2025-05;2025-06;2025-07;2025-08;2025-09;2025-10;2025-11,56117,1.117,False
风格审美,boho,boho blanket,12,2025-01;2025-02;2025-03;2025-04;2025-05;2025-06;2025-07;2025-08;2025-09;2025-10;2025-11;2025-12,56283,1.308,False
风格审美,vampire,vampire earrings,1,2025-10,56483,,True
风格审美,vampire,vampire fangs for kids,1,2025-10,56497,,False
风格审美,boho,boho dress for women,7,2025-01;2025-02;2025-03;2025-04;2025-05;2025-06;2025-07,56616,0.813,False
风格审美,boho,boho summer dresses for women 2025,3,2025-04;2025-05;2025-06,56697,,False
风格审美,mermaid,mermaid wedding dresses for bride,11,2025-01;2025-02;2025-03;2025-04;2025-05;2025-06;2025-07;2025-08;2025-09;2025-10;2025-11,56722,1.183,False
风格审美,boho,boho tops for women 2025,7,2025-02;2025-03;2025-04;2025-05;2025-06;2025-07;2025-08,58139,0.863,False
风格审美,goth,goth gifts,2,2025-11;2025-12,58870,,False
风格审美,western,western necklaces for women,12,2025-01;2025-02;2025-03;2025-04;2025-05;2025-06;2025-07;2025-08;2025-09;2025-10;2025-11;2025-12,58991,1.57,True
风格审美,y2k,y2k jacket,12,2025-01;2025-02;2025-03;2025-04;2025-05;2025-06;2025-07;2025-08;2025-09;2025-10;2025-11;2025-12,59092,0.606,False
风格审美,western,western bedroom decor,12,2025-01;2025-02;2025-03;2025-04;2025-05;2025-06;2025-07;2025-08;2025-09;2025-10;2025-11;2025-12,59612,1.469,False
风格审美,y2k,y2k swimsuit,5,2025-03;2025-04;2025-05;2025-06;2025-07,59645,,False
风格审美,vampire,humanist vampire seeking consenting suicidal person,2,2025-01;2025-02,59696,,False
风格审美,vampire,retractable vampire fangs,2,2025-09;2025-10,59766,,False
风格审美,boho,human hair for boho braids,8,2025-05;2025-06;2025-07;2025-08;2025-09;2025-10;2025-11;2025-12,59842,2.761,False
风格审美,western,western rug,12,2025-01;2025-02;2025-03;2025-04;2025-05;2025-06;2025-07;2025-08;2025-09;2025-10;2025-11;2025-12,59959,1.142,False
风格审美,vampire,vampire hunter d,12,2025-01;2025-02;2025-03;2025-04;2025-05;2025-06;2025-07;2025-08;2025-09;2025-10;2025-11;2025-12,60055,1.478,False
风格审美,western,western jackets for women,9,2025-01;2025-02;2025-03;2025-04;2025-05;2025-09;2025-10;2025-11;2025-12,60296,1.263,False
风格审美,y2k,y2k bikini,6,2025-02;2025-03;2025-04;2025-05;2025-06;2025-07,60940,0.638,False
风格审美,mermaid,mermaid jewelry,2,2025-09;2025-10,61063,,True
风格审美,western,western purses for women,12,2025-01;2025-02;2025-03;2025-04;2025-05;2025-06;2025-07;2025-08;2025-09;2025-10;2025-11;2025-12,61147,1.43,False
风格审美,mermaid,mermaid balloons,10,2025-01;2025-02;2025-03;2025-04;2025-05;2025-06;2025-07;2025-08;2025-09;2025-10,61353,0.799,False
风格审美,gothic,gothic tops for women,11,2025-01;2025-02;2025-03;2025-04;2025-05;2025-06;2025-07;2025-08;2025-09;2025-10;2025-11,61408,0.505,False
风格审美,western,western blanket,12,2025-01;2025-02;2025-03;2025-04;2025-05;2025-06;2025-07;2025-08;2025-09;2025-10;2025-11;2025-12,61593,0.57,False
风格审美,western,western earrings,12,2025-01;2025-02;2025-03;2025-04;2025-05;2025-06;2025-07;2025-08;2025-09;2025-10;2025-11;2025-12,61664,1.065,True
风格审美,mermaid,toddler mermaid costume,2,2025-09;2025-10,62386,,False
风格审美,western,womens western boots,12,2025-01;2025-02;2025-03;2025-04;2025-05;2025-06;2025-07;2025-08;2025-09;2025-10;2025-11;2025-12,62461,1.389,False
风格审美,western,western skirts for women,11,2025-01;2025-02;2025-03;2025-04;2025-05;2025-06;2025-07;2025-08;2025-09;2025-10;2025-11,62490,1.327,False
风格审美,gothic,gothic corset,2,2025-09;2025-10,62834,,False
风格审美,mermaid,mermaid net skirt,1,2025-10,62859,,False
风格审美,vampire,vampire romance,12,2025-01;2025-02;2025-03;2025-04;2025-05;2025-06;2025-07;2025-08;2025-09;2025-10;2025-11;2025-12,62902,1.582,False
风格审美,vampire,slaying the vampire conqueror,9,2025-01;2025-02;2025-03;2025-04;2025-05;2025-06;2025-07;2025-08;2025-11,63213,2.305,False
风格审美,mermaid,mermaid dress women,10,2025-01;2025-02;2025-03;2025-04;2025-05;2025-06;2025-07;2025-08;2025-09;2025-10,63222,0.797,False
风格审美,mermaid,little mermaid toys,12,2025-01;2025-02;2025-03;2025-04;2025-05;2025-06;2025-07;2025-08;2025-09;2025-10;2025-11;2025-12,63457,0.665,False
风格审美,western,western sweaters for women,6,2025-01;2025-02;2025-09;2025-10;2025-11;2025-12,64068,0.497,False
风格审美,boho,boho tapestry,12,2025-01;2025-02;2025-03;2025-04;2025-05;2025-06;2025-07;2025-08;2025-09;2025-10;2025-11;2025-12,64200,1.52,False
风格审美,boho,boho hair for braiding human,6,2025-03;2025-04;2025-05;2025-06;2025-07;2025-08,64249,1.003,False
风格审美,boho,best selling boho bikinis,2,2025-06;2025-07,64334,,False
风格审美,western,mens western belt,12,2025-01;2025-02;2025-03;2025-04;2025-05;2025-06;2025-07;2025-08;2025-09;2025-10;2025-11;2025-12,64385,0.915,False
风格审美,mermaid,mermaid necklace,1,2025-10,64529,,True
风格审美,vampire,vampire top,1,2025-10,64594,,False
风格审美,vampire,interview with a vampire,12,2025-01;2025-02;2025-03;2025-04;2025-05;2025-06;2025-07;2025-08;2025-09;2025-10;2025-11;2025-12,64817,0.844,False
风格审美,boho,boho tank tops for women,6,2025-03;2025-04;2025-05;2025-06;2025-07;2025-08,64880,0.671,False
风格审美,vampire,vampire nails,1,2025-10,64981,,False
风格审美,y2k,y2k shoes,12,2025-01;2025-02;2025-03;2025-04;2025-05;2025-06;2025-07;2025-08;2025-09;2025-10;2025-11;2025-12,65061,0.853,False
风格审美,boho,boho dresser,12,2025-01;2025-02;2025-03;2025-04;2025-05;2025-06;2025-07;2025-08;2025-09;2025-10;2025-11;2025-12,65129,1.939,False
风格审美,gothic,gothic choker,2,2025-09;2025-10,65272,,True
风格审美,y2k,y2k stickers,12,2025-01;2025-02;2025-03;2025-04;2025-05;2025-06;2025-07;2025-08;2025-09;2025-10;2025-11;2025-12,65354,1.171,False
风格审美,mermaid,little mermaid pool toy,1,2025-04,65415,,False
风格审美,vampire,toddler vampire costume boy,2,2025-09;2025-10,66263,,False
风格审美,western,western dresses for women,11,2025-01;2025-02;2025-03;2025-04;2025-05;2025-06;2025-07;2025-08;2025-09;2025-10;2025-11,66448,1.255,False
风格审美,western,western earrings for women,12,2025-01;2025-02;2025-03;2025-04;2025-05;2025-06;2025-07;2025-08;2025-09;2025-10;2025-11;2025-12,66763,1.735,True
风格审美,western,western dresses to wear with boots,11,2025-01;2025-02;2025-03;2025-04;2025-05;2025-06;2025-07;2025-08;2025-09;2025-10;2025-11,67058,0.99,False
风格审美,boho,boho+tops,2,2025-07;2025-09,67100,,False
风格审美,western,western tops,12,2025-01;2025-02;2025-03;2025-04;2025-05;2025-06;2025-07;2025-08;2025-09;2025-10;2025-11;2025-12,67254,1.124,False
风格审美,boho,boho office decor,11,2025-01;2025-02;2025-03;2025-04;2025-05;2025-06;2025-07;2025-08;2025-09;2025-10;2025-11,67455,1.382,False
风格审美,western,western curtains,12,2025-01;2025-02;2025-03;2025-04;2025-05;2025-06;2025-07;2025-08;2025-09;2025-10;2025-11;2025-12,67502,1.372,False
风格审美,vampire,vampire contact lenses,1,2025-10,67838,,False
风格审美,mermaid,little mermaid backpack,2,2025-07;2025-08,68099,,False
风格审美,boho,boho wedding dresses for bride,9,2025-01;2025-02;2025-03;2025-04;2025-05;2025-06;2025-07;2025-08;2025-09,68214,1.436,False
风格审美,boho,boho sandals for women,7,2025-02;2025-03;2025-04;2025-05;2025-06;2025-07;2025-08,68801,0.955,False
风格审美,boho,boho peel and stick wallpaper,12,2025-01;2025-02;2025-03;2025-04;2025-05;2025-06;2025-07;2025-08;2025-09;2025-10;2025-11;2025-12,68842,1.927,False
风格审美,western,western belts for women,12,2025-01;2025-02;2025-03;2025-04;2025-05;2025-06;2025-07;2025-08;2025-09;2025-10;2025-11;2025-12,68848,1.055,False
风格审美,boho,boho curtain rod,9,2025-01;2025-02;2025-03;2025-04;2025-05;2025-06;2025-07;2025-08;2025-09,68921,0.707,False
风格审美,western,ariat boots mens western,12,2025-01;2025-02;2025-03;2025-04;2025-05;2025-06;2025-07;2025-08;2025-09;2025-10;2025-11;2025-12,69148,1.12,False
风格审美,mermaid,mermaid barbie dolls,6,2025-07;2025-08;2025-09;2025-10;2025-11;2025-12,71142,0.766,False
风格审美,mermaid,mermaid blanket,6,2025-07;2025-08;2025-09;2025-10;2025-11;2025-12,71254,0.643,False
风格审美,gothic,gothic costumes for women,1,2025-10,71384,,False
风格审美,goth,goth makeup,12,2025-01;2025-02;2025-03;2025-04;2025-05;2025-06;2025-07;2025-08;2025-09;2025-10;2025-11;2025-12,71427,0.772,False
风格审美,boho,boho rugs,12,2025-01;2025-02;2025-03;2025-04;2025-05;2025-06;2025-07;2025-08;2025-09;2025-10;2025-11;2025-12,71478,1.749,False
风格审美,gothic,gothic black dress,2,2025-09;2025-10,71517,,False
风格审美,western,western wear for women,12,2025-01;2025-02;2025-03;2025-04;2025-05;2025-06;2025-07;2025-08;2025-09;2025-10;2025-11;2025-12,71717,1.384,False
风格审美,boho,boho bed frame,12,2025-01;2025-02;2025-03;2025-04;2025-05;2025-06;2025-07;2025-08;2025-09;2025-10;2025-11;2025-12,71848,2.151,False
风格审美,goth,goth shoes,12,2025-01;2025-02;2025-03;2025-04;2025-05;2025-06;2025-07;2025-08;2025-09;2025-10;2025-11;2025-12,71863,1.038,False
风格审美,goth,goth top,9,2025-04;2025-05;2025-06;2025-07;2025-08;2025-09;2025-10;2025-11;2025-12,71863,1.073,False
风格审美,boho,boho bulletin board border,2,2025-07;2025-08,72348,,False
风格审美,boho,plus size boho dress,10,2025-01;2025-02;2025-03;2025-04;2025-05;2025-06;2025-07;2025-08;2025-09;2025-10,72704,0.895,False
风格审美,y2k,y2k sweater,7,2025-01;2025-02;2025-08;2025-09;2025-10;2025-11;2025-12,73921,0.631,False
风格审美,boho,human hair for boho knotless braids,5,2025-01;2025-02;2025-03;2025-04;2025-05,73947,,False
风格审美,gothic,gothic cat tree,12,2025-01;2025-02;2025-03;2025-04;2025-05;2025-06;2025-07;2025-08;2025-09;2025-10;2025-11;2025-12,74214,1.587,False
风格审美,mermaid,mermaid cake topper,10,2025-01;2025-02;2025-03;2025-04;2025-05;2025-06;2025-07;2025-08;2025-09;2025-10,74450,1.193,False
风格审美,boho,white boho dress,10,2025-01;2025-02;2025-03;2025-04;2025-05;2025-06;2025-07;2025-08;2025-09;2025-10,74810,0.56,False
风格审美,vampire,vampire knight,8,2025-01;2025-02;2025-03;2025-04;2025-05;2025-06;2025-07;2025-08,75103,0.833,False
风格审美,vampire,vampire choker,1,2025-10,75321,,True
风格审美,boho,ywigs store human hair boho braiding,7,2025-05;2025-06;2025-07;2025-08;2025-09;2025-10;2025-12,75708,1.81,False
风格审美,western,western gifts,2,2025-11;2025-12,76000,,False
风格审美,mermaid,mermaid man costume women,1,2025-10,76186,,False
风格审美,boho,boho necklace,11,2025-02;2025-03;2025-04;2025-05;2025-06;2025-07;2025-08;2025-09;2025-10;2025-11;2025-12,76487,1.083,True
风格审美,western,western belts,12,2025-01;2025-02;2025-03;2025-04;2025-05;2025-06;2025-07;2025-08;2025-09;2025-10;2025-11;2025-12,76535,1.045,False
风格审美,mermaid,womens mermaid costume,2,2025-09;2025-10,76796,,False
风格审美,goth,goth dress for women,10,2025-01;2025-02;2025-03;2025-04;2025-05;2025-06;2025-07;2025-08;2025-09;2025-10,76824,0.653,False
风格审美,boho,boho skirts,9,2025-02;2025-03;2025-04;2025-05;2025-06;2025-07;2025-08;2025-09;2025-10,77062,1.213,False
风格审美,y2k,y2k shirts men,9,2025-04;2025-05;2025-06;2025-07;2025-08;2025-09;2025-10;2025-11;2025-12,77718,0.879,False
风格审美,vampire,dog vampire costume,3,2025-08;2025-09;2025-10,77860,,False
风格审美,mermaid,mermaid cake decorations,10,2025-01;2025-02;2025-03;2025-04;2025-05;2025-06;2025-07;2025-08;2025-09;2025-10,77930,0.961,False
风格审美,boho,boho bag,12,2025-01;2025-02;2025-03;2025-04;2025-05;2025-06;2025-07;2025-08;2025-09;2025-10;2025-11;2025-12,78641,0.927,False
风格审美,y2k,y2k bag,12,2025-01;2025-02;2025-03;2025-04;2025-05;2025-06;2025-07;2025-08;2025-09;2025-10;2025-11;2025-12,78872,0.765,False
风格审美,goth,goth decor,12,2025-01;2025-02;2025-03;2025-04;2025-05;2025-06;2025-07;2025-08;2025-09;2025-10;2025-11;2025-12,78897,1.045,False
风格审美,gothic,gothic wall decor,12,2025-01;2025-02;2025-03;2025-04;2025-05;2025-06;2025-07;2025-08;2025-09;2025-10;2025-11;2025-12,79010,1.172,False
风格审美,western,western jackets for men,5,2025-01;2025-02;2025-10;2025-11;2025-12,79069,,False
风格审美,goth,goth jewelry,12,2025-01;2025-02;2025-03;2025-04;2025-05;2025-06;2025-07;2025-08;2025-09;2025-10;2025-11;2025-12,79096,0.595,True
风格审美,y2k,baggy jeans y2k,12,2025-01;2025-02;2025-03;2025-04;2025-05;2025-06;2025-07;2025-08;2025-09;2025-10;2025-11;2025-12,79468,0.836,False
风格审美,boho,boho mini dress,7,2025-04;2025-05;2025-06;2025-07;2025-08;2025-09;2025-10,79670,1.065,False
风格审美,mermaid,barbie in a mermaid tale,6,2025-01;2025-03;2025-05;2025-06;2025-07;2025-08,79722,0.667,False
风格审美,gothic,gothic curtains,12,2025-01;2025-02;2025-03;2025-04;2025-05;2025-06;2025-07;2025-08;2025-09;2025-10;2025-11;2025-12,80007,1.015,False
风格审美,mermaid,mermaid bra,1,2025-10,80048,,False
风格审美,western,western movies in english,6,2025-01;2025-02;2025-03;2025-04;2025-05;2025-06,80063,1.334,False
风格审美,goth,goth earrings,12,2025-01;2025-02;2025-03;2025-04;2025-05;2025-06;2025-07;2025-08;2025-09;2025-10;2025-11;2025-12,80262,0.86,True
风格审美,boho,human boho curly hair,5,2025-03;2025-04;2025-05;2025-06;2025-07,80504,,False
风格审美,y2k,y2k tank top,9,2025-02;2025-03;2025-04;2025-05;2025-06;2025-07;2025-08;2025-09;2025-10,80857,0.883,False
风格审美,western,womens western wear,10,2025-01;2025-02;2025-05;2025-06;2025-07;2025-08;2025-09;2025-10;2025-11;2025-12,80903,0.748,False
风格审美,boho,boho coffee table,11,2025-01;2025-02;2025-03;2025-04;2025-05;2025-06;2025-07;2025-08;2025-09;2025-10;2025-11,81094,1.762,False
风格审美,boho,boho purses for women,10,2025-01;2025-02;2025-03;2025-04;2025-05;2025-06;2025-07;2025-08;2025-09;2025-12,81182,1.754,False
风格审美,y2k,y2k jewelry,12,2025-01;2025-02;2025-03;2025-04;2025-05;2025-06;2025-07;2025-08;2025-09;2025-10;2025-11;2025-12,81363,0.838,True
风格审美,mermaid,mermaid bath toys,11,2025-02;2025-03;2025-04;2025-05;2025-06;2025-07;2025-08;2025-09;2025-10;2025-11;2025-12,81943,0.567,False
风格审美,western,womens western dress,10,2025-02;2025-03;2025-04;2025-05;2025-06;2025-07;2025-08;2025-09;2025-10;2025-11,82044,0.974,False
风格审美,goth,goth christmas,2,2025-11;2025-12,82286,,False
风格审美,boho,boho outdoor rug,5,2025-03;2025-04;2025-05;2025-06;2025-07,82574,,False
风格审美,western,black western dress,10,2025-02;2025-03;2025-04;2025-05;2025-06;2025-07;2025-08;2025-09;2025-10;2025-11,83455,0.684,False
风格审美,boho,boho braiding hair,7,2025-03;2025-04;2025-05;2025-06;2025-07;2025-08;2025-09,83604,0.992,False
风格审美,mermaid,mermaid pool toy,1,2025-04,84023,,False
风格审美,boho,boho comforter set king,12,2025-01;2025-02;2025-03;2025-04;2025-05;2025-06;2025-07;2025-08;2025-09;2025-10;2025-11;2025-12,84039,1.179,False
风格审美,gothic,gothic boots,5,2025-08;2025-09;2025-10;2025-11;2025-12,84236,,False
风格审美,boho,boho chandelier,11,2025-01;2025-02;2025-03;2025-04;2025-05;2025-06;2025-07;2025-08;2025-09;2025-10;2025-11,84247,1.536,False
风格审美,boho,embroidered boho tops for women,1,2025-08,84307,,False
风格审美,western,western belt buckle,12,2025-01;2025-02;2025-03;2025-04;2025-05;2025-06;2025-07;2025-08;2025-09;2025-10;2025-11;2025-12,84327,0.77,False
风格审美,gothic,gothic rings,12,2025-01;2025-02;2025-03;2025-04;2025-05;2025-06;2025-07;2025-08;2025-09;2025-10;2025-11;2025-12,84899,0.752,True
风格审美,boho,boho purse,12,2025-01;2025-02;2025-03;2025-04;2025-05;2025-06;2025-07;2025-08;2025-09;2025-10;2025-11;2025-12,84977,0.859,False
风格审美,goth,gothdark women's 2025 summer floral print vintage goth dress mesh spliced double-layered irregular h,2,2025-04;2025-06,85087,,False
风格审美,goth,goth belt,12,2025-01;2025-02;2025-03;2025-04;2025-05;2025-06;2025-07;2025-08;2025-09;2025-10;2025-11;2025-12,85508,0.994,False
风格审美,mermaid,mermaid bathing suit for girls,5,2025-03;2025-04;2025-05;2025-06;2025-07,85561,,False
风格审美,goth,goth necklace,11,2025-02;2025-03;2025-04;2025-05;2025-06;2025-07;2025-08;2025-09;2025-10;2025-11;2025-12,86046,0.798,True
风格审美,western,western hats for women,10,2025-01;2025-02;2025-03;2025-04;2025-05;2025-06;2025-07;2025-08;2025-09;2025-10,86313,1.22,False
风格审美,boho,boho duvet cover,12,2025-01;2025-02;2025-03;2025-04;2025-05;2025-06;2025-07;2025-08;2025-09;2025-10;2025-11;2025-12,86605,1.109,False
风格审美,western,western decor for home,12,2025-01;2025-02;2025-03;2025-04;2025-05;2025-06;2025-07;2025-08;2025-09;2025-10;2025-11;2025-12,87017,1.38,False
风格审美,mermaid,mermaid toys for girls 4-6,12,2025-01;2025-02;2025-03;2025-04;2025-05;2025-06;2025-07;2025-08;2025-09;2025-10;2025-11;2025-12,87484,0.602,False
风格审美,vampire,plus size vampire costume women,1,2025-10,87600,,False
风格审美,boho,best selling boho shoes,3,2025-06;2025-07;2025-08,87618,,False
风格审美,western,western vest women,12,2025-01;2025-02;2025-03;2025-04;2025-05;2025-06;2025-07;2025-08;2025-09;2025-10;2025-11;2025-12,87710,1.623,False
风格审美,y2k,y2k hoodies,11,2025-01;2025-02;2025-03;2025-04;2025-05;2025-07;2025-08;2025-09;2025-10;2025-11;2025-12,87912,0.782,False
风格审美,y2k,stickers y2k,6,2025-01;2025-05;2025-06;2025-07;2025-08;2025-09,88036,0.801,False
风格审美,vampire,vampire diaries complete series,4,2025-08;2025-09;2025-10;2025-11,88265,,False
风格审美,gothic,black gothic dress for women,1,2025-10,88377,,False
风格审美,western,western tank tops for women,5,2025-04;2025-05;2025-06;2025-07;2025-08,88498,,False
风格审美,boho,boho wedding guest dresses,6,2025-04;2025-05;2025-07;2025-08;2025-09;2025-10,88663,0.73,False
风格审美,boho,boho+chic+clothing,3,2025-07;2025-08;2025-09,88669,,False
风格审美,y2k,y2k sweatpants,10,2025-01;2025-02;2025-03;2025-04;2025-07;2025-08;2025-09;2025-10;2025-11;2025-12,88679,0.564,False
风格审美,boho,womens boho summer dresses,3,2025-05;2025-06;2025-07,88705,,False
风格审美,boho,curly human hair for boho braids,6,2025-02;2025-03;2025-04;2025-05;2025-06;2025-07,88762,0.943,False
风格审美,vampire,boys vampire costume,1,2025-10,88823,,False
风格审美,boho,boho shorts,5,2025-03;2025-04;2025-05;2025-06;2025-07,88919,,False
风格审美,goth,goth gifts for women,1,2025-12,88993,,False
风格审美,western,western digital ssd,11,2025-01;2025-02;2025-03;2025-04;2025-05;2025-06;2025-07;2025-08;2025-09;2025-10;2025-11,89258,1.727,False
风格审美,boho,best selling boho skirts,2,2025-06;2025-07,89273,,False
风格审美,boho,human boho hair,7,2025-05;2025-06;2025-07;2025-08;2025-09;2025-10;2025-12,89468,1.396,False
风格审美,mermaid,adult mermaid costume,2,2025-09;2025-10,89566,,False
风格审美,y2k,y2k necklace,12,2025-01;2025-02;2025-03;2025-04;2025-05;2025-06;2025-07;2025-08;2025-09;2025-10;2025-11;2025-12,89817,1.131,True
风格审美,western,western necklace,11,2025-02;2025-03;2025-04;2025-05;2025-06;2025-07;2025-08;2025-09;2025-10;2025-11;2025-12,89901,0.995,True
风格审美,vampire,vampire teeth for kids,1,2025-10,89959,,False
风格审美,western,western gifts for men,1,2025-12,89965,,False
风格审美,boho,human curly hair for boho braids,8,2025-01;2025-02;2025-03;2025-04;2025-05;2025-06;2025-07;2025-08,90407,0.959,False
风格审美,western,men's western boots,9,2025-01;2025-02;2025-03;2025-04;2025-05;2025-09;2025-10;2025-11;2025-12,90495,1.946,False
风格审美,western,ariat boots womens western,12,2025-01;2025-02;2025-03;2025-04;2025-05;2025-06;2025-07;2025-08;2025-09;2025-10;2025-11;2025-12,90548,1.555,False
风格审美,vampire,vampire clips electrical,1,2025-11,90984,,False
风格审美,vampire,the vampire diaries books,12,2025-01;2025-02;2025-03;2025-04;2025-05;2025-06;2025-07;2025-08;2025-09;2025-10;2025-11;2025-12,91320,1.269,False
风格审美,boho,boho hair ties,4,2025-01;2025-04;2025-11;2025-12,91468,,False
风格审美,gothic,gothic shower curtain,11,2025-01;2025-02;2025-03;2025-04;2025-05;2025-06;2025-07;2025-08;2025-09;2025-10;2025-11,91539,1.05,False
风格审美,boho,4/27/30 boho human hair,4,2025-05;2025-06;2025-07;2025-08,91760,,False
风格审美,boho,boho pillow covers 18x18,6,2025-01;2025-02;2025-03;2025-04;2025-05;2025-07,91776,1.478,False
风格审美,western,womens western shirts,12,2025-01;2025-02;2025-03;2025-04;2025-05;2025-06;2025-07;2025-08;2025-09;2025-10;2025-11;2025-12,92243,1.488,False
风格审美,vampire,vampire shirt,1,2025-10,92601,,False
风格审美,goth,goth pants,12,2025-01;2025-02;2025-03;2025-04;2025-05;2025-06;2025-07;2025-08;2025-09;2025-10;2025-11;2025-12,92660,0.939,False
风格审美,western,western boots men,12,2025-01;2025-02;2025-03;2025-04;2025-05;2025-06;2025-07;2025-08;2025-09;2025-10;2025-11;2025-12,92858,1.077,False
风格审美,boho,boho shirts for women,10,2025-01;2025-02;2025-03;2025-04;2025-05;2025-06;2025-07;2025-08;2025-09;2025-10,93026,1.332,False
风格审美,vampire,vampire cape kids,1,2025-10,93335,,False
风格审美,western,western shirt,11,2025-02;2025-03;2025-04;2025-05;2025-06;2025-07;2025-08;2025-09;2025-10;2025-11;2025-12,93530,1.004,False
风格审美,boho,boho crochet braids,12,2025-01;2025-02;2025-03;2025-04;2025-05;2025-06;2025-07;2025-08;2025-09;2025-10;2025-11;2025-12,93711,0.923,False
风格审美,mermaid,mermaid cupcake toppers,9,2025-01;2025-02;2025-03;2025-04;2025-05;2025-06;2025-07;2025-08;2025-09,93798,0.747,False
风格审美,boho,boho runner rug,11,2025-01;2025-02;2025-03;2025-04;2025-05;2025-06;2025-07;2025-08;2025-09;2025-10;2025-11,94046,1.442,False
风格审美,boho,boho pants for women 2025,5,2025-04;2025-05;2025-06;2025-07;2025-08,94088,,False
风格审美,y2k,y2k summer tops,5,2025-03;2025-04;2025-05;2025-06;2025-07,94126,,False
风格审美,vampire,mens vampire costume adult,1,2025-10,94225,,False
风格审美,western,western backdrop,10,2025-01;2025-02;2025-03;2025-04;2025-05;2025-06;2025-07;2025-08;2025-09;2025-10,94326,1.0,False
风格审美,mermaid,mermaid tails,6,2025-03;2025-04;2025-05;2025-06;2025-07;2025-08,94473,0.551,False
风格审美,boho,boho nightstand,11,2025-01;2025-02;2025-03;2025-04;2025-05;2025-06;2025-07;2025-08;2025-09;2025-10;2025-11,94862,1.809,False
风格审美,boho,boho locs crochet hair,9,2025-01;2025-02;2025-03;2025-04;2025-05;2025-06;2025-07;2025-08;2025-09,94930,1.028,False
风格审美,boho,boho rugs for bedroom,9,2025-01;2025-02;2025-03;2025-04;2025-05;2025-06;2025-07;2025-08;2025-09,95029,1.237,False
风格审美,goth,goth shirt,11,2025-02;2025-03;2025-04;2025-05;2025-06;2025-07;2025-08;2025-09;2025-10;2025-11;2025-12,95091,0.848,False
风格审美,mermaid,mermaid skeleton,2,2025-09;2025-10,95158,,False
风格审美,western,western top,9,2025-02;2025-03;2025-04;2025-05;2025-06;2025-07;2025-08;2025-09;2025-10,95400,0.702,False
风格审美,boho,boho jumpsuit for women,6,2025-02;2025-03;2025-04;2025-05;2025-06;2025-07,95823,0.849,False
风格审美,goth,goth purse,12,2025-01;2025-02;2025-03;2025-04;2025-05;2025-06;2025-07;2025-08;2025-09;2025-10;2025-11;2025-12,95845,0.837,False
风格审美,boho,boho decor bedroom,8,2025-01;2025-02;2025-03;2025-04;2025-05;2025-06;2025-07;2025-08,95934,0.979,False
风格审美,mermaid,mermaid man belt,1,2025-10,96158,,False
风格审美,goth,black goth dress,2,2025-09;2025-10,96290,,False
风格审美,vampire,vampire wig,1,2025-10,96290,,False
风格审美,boho,boho baby shower decorations,3,2025-01;2025-02;2025-03,96298,,False
风格审美,gothic,gothic clothes,12,2025-01;2025-02;2025-03;2025-04;2025-05;2025-06;2025-07;2025-08;2025-09;2025-10;2025-11;2025-12,96588,0.654,False
风格审美,goth,goth bikini,5,2025-03;2025-04;2025-05;2025-06;2025-07,96702,,False
风格审美,boho,boho midi dress,7,2025-03;2025-04;2025-05;2025-06;2025-07;2025-08;2025-09,96863,0.925,False
风格审美,goth,corporate goth,7,2025-02;2025-05;2025-06;2025-07;2025-08;2025-09;2025-10,97500,0.644,False
风格审美,boho,ygwigs boho human hair,8,2025-05;2025-06;2025-07;2025-08;2025-09;2025-10;2025-11;2025-12,97543,1.236,False
风格审美,y2k,y2k clothes men,12,2025-01;2025-02;2025-03;2025-04;2025-05;2025-06;2025-07;2025-08;2025-09;2025-10;2025-11;2025-12,97633,1.319,False
风格审美,mermaid,mermaid wig,1,2025-10,97774,,False
风格审美,mermaid,mermaid costume adult,2,2025-09;2025-10,97804,,False
风格审美,vampire,girls vampire costume 10-12,1,2025-10,97879,,False
风格审美,gothic,gothic halloween decor,2,2025-09;2025-10,98407,,False
风格审美,western,womens western clothing,8,2025-01;2025-02;2025-03;2025-04;2025-05;2025-07;2025-08;2025-09,98414,1.766,False
风格审美,y2k,y2k men,10,2025-01;2025-02;2025-04;2025-05;2025-07;2025-08;2025-09;2025-10;2025-11;2025-12,98433,0.577,False
风格审美,boho,boho tablecloth,11,2025-01;2025-02;2025-03;2025-04;2025-05;2025-06;2025-07;2025-08;2025-09;2025-10;2025-11,98563,1.316,False
风格审美,y2k,nail charms y2k,11,2025-01;2025-02;2025-03;2025-04;2025-05;2025-06;2025-07;2025-08;2025-09;2025-11;2025-12,98753,1.523,True
风格审美,boho,boho curly human hair for braiding,6,2025-02;2025-03;2025-04;2025-05;2025-06;2025-07,99003,0.967,False
风格审美,boho,boho clothes,9,2025-01;2025-02;2025-03;2025-04;2025-05;2025-06;2025-07;2025-08;2025-09,99225,0.793,False
风格审美,vampire,vampire plugs,2,2025-11;2025-12,99314,,False
风格审美,western,western jeans for women,12,2025-01;2025-02;2025-03;2025-04;2025-05;2025-06;2025-07;2025-08;2025-09;2025-10;2025-11;2025-12,99576,1.424,False
风格审美,mermaid,mermaid pinata,8,2025-01;2025-03;2025-04;2025-05;2025-06;2025-07;2025-08;2025-09,99748,0.655,False
风格审美,vampire,victorian vampire costume women,1,2025-10,100128,,False
风格审美,western,western wall art,12,2025-01;2025-02;2025-03;2025-04;2025-05;2025-06;2025-07;2025-08;2025-09;2025-10;2025-11;2025-12,100267,1.315,False
风格审美,boho,boho romper,5,2025-04;2025-05;2025-06;2025-07;2025-08,100336,,False
风格审美,mermaid,mermaid tablecloth,7,2025-03;2025-04;2025-05;2025-06;2025-07;2025-08;2025-09,100357,0.792,False
风格审美,boho,boho light fixture,11,2025-01;2025-02;2025-03;2025-04;2025-05;2025-06;2025-07;2025-08;2025-09;2025-10;2025-11,100625,1.426,False
风格审美,vampire,vampire accessories men,1,2025-10,100693,,False
风格审美,boho,boho maxi dress long sleeve,2,2025-08;2025-09,100734,,False
风格审美,gothic,gothic lolita dress,2,2025-09;2025-10,100735,,False
风格审美,vampire,sexy vampire costume,1,2025-10,100930,,False
风格审美,boho,crochet boho braids,5,2025-05;2025-06;2025-07;2025-08;2025-09,100931,,False
风格审美,boho,boho locs,10,2025-01;2025-02;2025-03;2025-04;2025-05;2025-06;2025-07;2025-08;2025-09;2025-10,101012,1.036,False
风格审美,boho,best selling boho jewelry,2,2025-06;2025-07,101242,,True
风格审美,goth,goth bathing suit,5,2025-03;2025-04;2025-05;2025-06;2025-07,101354,,False
风格审美,vampire,vampire diaries book,12,2025-01;2025-02;2025-03;2025-04;2025-05;2025-06;2025-07;2025-08;2025-09;2025-10;2025-11;2025-12,101526,0.78,False
风格审美,boho,empire bulk human hair boho braids,5,2025-04;2025-05;2025-06;2025-07;2025-08,101930,,False
风格审美,vampire,vampire grillz,1,2025-10,102049,,False
风格审美,boho,boho bath mat,11,2025-01;2025-02;2025-03;2025-04;2025-05;2025-06;2025-07;2025-08;2025-09;2025-10;2025-11,102259,1.185,False
风格审美,goth,goth clothes for women,12,2025-01;2025-02;2025-03;2025-04;2025-05;2025-06;2025-07;2025-08;2025-09;2025-10;2025-11;2025-12,102329,0.715,False
风格审美,boho,boho quilt,10,2025-01;2025-02;2025-03;2025-04;2025-05;2025-06;2025-07;2025-08;2025-09;2025-10,103476,1.154,False
风格审美,boho,boho maternity dress,9,2025-01;2025-02;2025-03;2025-04;2025-05;2025-06;2025-07;2025-08;2025-09,103899,1.329,False
风格审美,boho,boho curtain rods,1,2025-08,103915,,False
风格审美,vampire,girl vampire costume,1,2025-10,103992,,False
风格审美,gothic,gothic cross necklace,3,2025-08;2025-09;2025-10,104088,,True
风格审美,boho,human hair bundles for boho braids,5,2025-02;2025-03;2025-04;2025-05;2025-06,104206,,False
风格审美,boho,best selling boho outfits,2,2025-06;2025-07,104335,,False
风格审美,vampire,abraham lincoln: vampire hunter,7,2025-01;2025-02;2025-03;2025-04;2025-05;2025-06;2025-11,104468,0.982,False
风格审美,boho,best boho tops for women,1,2025-08,104565,,False
风格审美,gothic,gothic gifts for women,1,2025-12,104820,,False
风格审美,gothic,gothic victorian dress,2,2025-09;2025-10,105244,,False
风格审美,y2k,y2k outfits,4,2025-06;2025-07;2025-08;2025-09,105494,,False
风格审美,boho,boho king size comforter set,7,2025-01;2025-02;2025-03;2025-04;2025-05;2025-07;2025-08,105533,1.538,False
风格审美,vampire,female vampire costume,1,2025-10,105769,,False
风格审美,goth,goth sandals,4,2025-04;2025-05;2025-06;2025-07,105958,,False
风格审美,gothic,plus size gothic dress,2,2025-09;2025-10,106147,,False
风格审美,vampire,vampire costume woman,1,2025-10,106147,,False
风格审美,boho,boho+dresses+for+women,1,2025-10,106147,,False
风格审美,boho,boho gifts for women,1,2025-12,106175,,False
风格审美,boho,fall boho dresses for women 2025,3,2025-08;2025-09;2025-10,106368,,False
风格审美,mermaid,mermaid corset,1,2025-10,106427,,False
风格审美,vampire,vampire weekend,7,2025-01;2025-02;2025-03;2025-04;2025-05;2025-06;2025-09,106436,1.471,False
风格审美,gothic,gothic swimsuits for women,3,2025-05;2025-06;2025-07,106445,,False
风格审美,y2k,y2k party decorations,11,2025-01;2025-02;2025-03;2025-04;2025-05;2025-06;2025-07;2025-08;2025-09;2025-10;2025-11,106598,1.153,False
风格审美,western,western vest,12,2025-01;2025-02;2025-03;2025-04;2025-05;2025-06;2025-07;2025-08;2025-09;2025-10;2025-11;2025-12,106614,1.033,False
风格审美,gothic,gothic top,2,2025-09;2025-10,106657,,False
风格审美,western,western throw pillows,11,2025-01;2025-02;2025-03;2025-04;2025-05;2025-06;2025-07;2025-08;2025-09;2025-10;2025-11,106743,1.34,False
风格审美,mermaid,kids mermaid tails for swimming,2,2025-06;2025-07,106765,,False
风格审美,vampire,vampire bite marks,1,2025-10,106788,,False
风格审美,boho,summer boho dresses for women 2025,4,2025-04;2025-05;2025-06;2025-07,106931,,False
风格审美,western,western car accessories,12,2025-01;2025-02;2025-03;2025-04;2025-05;2025-06;2025-07;2025-08;2025-09;2025-10;2025-11;2025-12,106987,1.338,False
风格审美,boho,boho living room decor,10,2025-01;2025-02;2025-03;2025-04;2025-05;2025-06;2025-07;2025-08;2025-09;2025-10,107095,1.416,False
风格审美,western,plus size western wear for women,9,2025-01;2025-02;2025-03;2025-04;2025-05;2025-06;2025-07;2025-08;2025-09,107112,1.383,False
风格审美,boho,boho bracelets,6,2025-04;2025-05;2025-06;2025-07;2025-08;2025-09,107162,0.937,True
风格审美,mermaid,mermaid leggings for women,1,2025-10,107219,,False
风格审美,vampire,my vampire system,9,2025-01;2025-02;2025-03;2025-04;2025-05;2025-06;2025-07;2025-08;2025-09,107305,1.473,False
风格审美,boho,boho classroom,3,2025-06;2025-07;2025-08,107363,,False
风格审美,mermaid,mermaid ears,1,2025-10,107473,,False
风格审美,goth,goth christmas sweater,2,2025-11;2025-12,107483,,False
风格审美,mermaid,mermaid decor,10,2025-01;2025-02;2025-03;2025-04;2025-05;2025-06;2025-07;2025-08;2025-09;2025-12,107619,1.146,False
风格审美,goth,white foundation goth,2,2025-09;2025-10,107755,,False
风格审美,western,western cowboy boots for women,3,2025-02;2025-03;2025-04,107885,,False
风格审美,boho,boho braids,4,2025-05;2025-06;2025-07;2025-08,107957,,False
风格审美,y2k,y2k hoodie men,5,2025-01;2025-09;2025-10;2025-11;2025-12,108114,,False
风格审美,vampire,black vampire dress,1,2025-10,108622,,False
风格审美,mermaid,mermaid headband,1,2025-10,108740,,False
风格审美,western,western sandals for women,5,2025-03;2025-04;2025-05;2025-06;2025-07,108814,,False
风格审美,gothic,gothic wrapping paper,2,2025-11;2025-12,108883,,False
风格审美,boho,boho placemats,10,2025-01;2025-02;2025-03;2025-04;2025-05;2025-06;2025-07;2025-08;2025-09;2025-11,108911,1.198,False
风格审美,mermaid,mermaid costume top,1,2025-10,109238,,False
风格审美,western,black western belt,6,2025-05;2025-06;2025-07;2025-08;2025-09;2025-10,109240,0.791,False
风格审美,gothic,gothic christmas ornaments,1,2025-11,109411,,False
风格审美,y2k,jorts y2k,8,2025-03;2025-04;2025-05;2025-06;2025-07;2025-08;2025-09;2025-10,109586,1.099,False
风格审美,boho,boho kitchen decor,10,2025-01;2025-02;2025-03;2025-04;2025-05;2025-06;2025-07;2025-08;2025-09;2025-10,109737,1.275,False
风格审美,western,western wallet,5,2025-07;2025-08;2025-09;2025-11;2025-12,110371,,False
风格审美,mermaid,mermaid leggings,1,2025-10,110807,,False
风格审美,gothic,gothic rug,11,2025-01;2025-02;2025-03;2025-04;2025-06;2025-07;2025-08;2025-09;2025-10;2025-11;2025-12,111073,0.83,False
风格审美,vampire,my roommate is a vampire,3,2025-08;2025-09;2025-10,111114,,False
风格审美,boho,boho furniture,7,2025-01;2025-02;2025-03;2025-04;2025-07;2025-09;2025-10,111791,0.823,False
风格审美,gothic,gothic purse,12,2025-01;2025-02;2025-03;2025-04;2025-05;2025-06;2025-07;2025-08;2025-09;2025-10;2025-11;2025-12,111924,0.688,False
风格审美,western,western vanity,4,2025-01;2025-02;2025-11;2025-12,112040,,False
风格审美,western,wild rags for women western,2,2025-11;2025-12,112248,,False
风格审美,boho,boho sandals,5,2025-03;2025-04;2025-05;2025-06;2025-07,112489,,False
风格审美,y2k,y2k tankini,3,2025-05;2025-06;2025-07,112559,,False
风格审美,gothic,gothic vampire dress,1,2025-10,112638,,False
风格审美,vampire,gothic vampire dress,1,2025-10,112638,,False
风格审美,mermaid,mermaid earrings,1,2025-10,112713,,True
风格审美,goth,goth corset,2,2025-09;2025-10,113205,,False
风格审美,y2k,black shorts y2k,1,2025-10,113376,,False
风格审美,western,saloon girl costumes for women western,2,2025-09;2025-10,113553,,False
风格审美,y2k,y2k long sleeve top,4,2025-09;2025-10;2025-11;2025-12,113812,,False
风格审美,y2k,y2k bathing suit,3,2025-05;2025-06;2025-07,113841,,False
风格审美,boho,table runner boho,6,2025-06;2025-08;2025-09;2025-10;2025-11;2025-12,113867,1.02,False
风格审美,y2k,hoodie y2k,6,2025-02;2025-08;2025-09;2025-10;2025-11;2025-12,113977,0.764,False
风格审美,western,western outfit for girls,3,2025-02;2025-09;2025-10,114105,,False
风格审美,y2k,y2k halter top,6,2025-04;2025-05;2025-06;2025-07;2025-08;2025-09,114418,1.14,False
风格审美,vampire,vampire teeth fangs,1,2025-10,114430,,False
风格审美,boho,boho fall dress,2,2025-09;2025-10,114566,,False
风格审美,y2k,posters y2k,8,2025-01;2025-02;2025-03;2025-04;2025-05;2025-06;2025-07;2025-08,114678,0.727,False
风格审美,western,western themed party decorations,8,2025-02;2025-03;2025-04;2025-05;2025-06;2025-07;2025-08;2025-09,114685,1.007,False
风格审美,goth,goth choker,2,2025-09;2025-10,114751,,True
风格审美,goth,goth car accessories,10,2025-01;2025-02;2025-03;2025-04;2025-05;2025-06;2025-07;2025-08;2025-09;2025-10,114945,1.001,False
风格审美,mermaid,little mermaid costume for girls,1,2025-10,115165,,False
风格审美,vampire,vampire the masquerade,5,2025-08;2025-09;2025-10;2025-11;2025-12,115912,,False
风格审美,goth,goth stickers,12,2025-01;2025-02;2025-03;2025-04;2025-05;2025-06;2025-07;2025-08;2025-09;2025-10;2025-11;2025-12,115979,1.21,False
风格审美,gothic,gothic christmas,1,2025-11,116024,,False
风格审美,boho,boho mirror,10,2025-01;2025-02;2025-03;2025-04;2025-05;2025-06;2025-07;2025-08;2025-09;2025-10,116473,1.407,False
风格审美,mermaid,little mermaid dress,8,2025-01;2025-02;2025-03;2025-04;2025-05;2025-06;2025-07;2025-08,116596,1.116,False
风格审美,boho,boho table lamp,8,2025-01;2025-02;2025-03;2025-04;2025-06;2025-07;2025-08;2025-09,116647,1.307,False
风格审美,vampire,realistic vampire fangs,1,2025-10,116791,,False
风格审美,y2k,y2k hat,12,2025-01;2025-02;2025-03;2025-04;2025-05;2025-06;2025-07;2025-08;2025-09;2025-10;2025-11;2025-12,117051,0.933,False
风格审美,mermaid,mermaid party,6,2025-01;2025-04;2025-05;2025-06;2025-07;2025-08,117622,0.664,False
风格审美,gothic,gothic bedding,7,2025-01;2025-06;2025-07;2025-08;2025-09;2025-10;2025-11,117701,0.949,False
风格审美,y2k,y2k halloween costumes,1,2025-10,117837,,False
风格审美,western,mens western boots,12,2025-01;2025-02;2025-03;2025-04;2025-05;2025-06;2025-07;2025-08;2025-09;2025-10;2025-11;2025-12,117968,1.058,False
风格审美,western,fringe vest women western,6,2025-02;2025-03;2025-04;2025-05;2025-06;2025-07,118588,1.053,False
风格审美,vampire,toddler vampire costume girl,1,2025-10,118607,,False
风格审美,western,western cowboy hats,2,2025-09;2025-10,118701,,False
风格审美,boho,black boho dress,7,2025-04;2025-05;2025-06;2025-07;2025-08;2025-09;2025-10,118701,0.845,False
风格审美,vampire,vampire dog costume,1,2025-10,119575,,False
风格审美,western,western phone case,12,2025-01;2025-02;2025-03;2025-04;2025-05;2025-06;2025-07;2025-08;2025-09;2025-10;2025-11;2025-12,119693,1.143,False
风格审美,boho,boho chair,9,2025-01;2025-02;2025-03;2025-04;2025-05;2025-06;2025-07;2025-08;2025-09,119815,1.196,False
风格审美,y2k,jackets y2k,5,2025-07;2025-08;2025-10;2025-11;2025-12,119933,,False
风格审美,western,western hat,9,2025-02;2025-03;2025-04;2025-05;2025-06;2025-07;2025-08;2025-09;2025-10,119940,0.981,False
风格审美,western,western ornaments,1,2025-11,119989,,False
风格审美,boho,freetress boho hair,5,2025-06;2025-07;2025-08;2025-09;2025-10,120294,,False
风格审美,boho,boho tops for grandmas,1,2025-07,120344,,False
风格审美,boho,boho bags for women,7,2025-02;2025-03;2025-04;2025-05;2025-06;2025-07;2025-08,120426,1.027,False
风格审美,gothic,gothic bathroom decor,10,2025-01;2025-02;2025-03;2025-04;2025-05;2025-06;2025-07;2025-08;2025-09;2025-10,120673,0.808,False
风格审美,boho,boho belts for women,6,2025-03;2025-04;2025-05;2025-06;2025-07;2025-08,120799,1.222,False
风格审美,western,western digital,3,2025-07;2025-10;2025-11,121084,,False
风格审美,western,western baby boy clothes,9,2025-01;2025-02;2025-03;2025-04;2025-05;2025-06;2025-07;2025-08;2025-09,121412,1.3,False
风格审美,gothic,gothic corset tops for women,6,2025-05;2025-06;2025-07;2025-08;2025-09;2025-10,121436,0.802,False
风格审美,western,western baby stuff,12,2025-01;2025-02;2025-03;2025-04;2025-05;2025-06;2025-07;2025-08;2025-09;2025-10;2025-11;2025-12,121635,1.285,False
风格审美,boho,boho apple watch bands for women,6,2025-03;2025-04;2025-05;2025-06;2025-07;2025-08,122419,1.002,False
风格审美,boho,boho sundress,4,2025-04;2025-05;2025-06;2025-07,122728,,False
风格审美,boho,boho decor for living room,8,2025-01;2025-02;2025-03;2025-04;2025-05;2025-06;2025-07;2025-08,123033,1.088,False
风格审美,western,western clothes for women,12,2025-01;2025-02;2025-03;2025-04;2025-05;2025-06;2025-07;2025-08;2025-09;2025-10;2025-11;2025-12,123106,0.72,False
风格审美,western,western throw blanket,12,2025-01;2025-02;2025-03;2025-04;2025-05;2025-06;2025-07;2025-08;2025-09;2025-10;2025-11;2025-12,123163,0.989,False
风格审美,boho,boho car accessories,7,2025-02;2025-03;2025-04;2025-05;2025-06;2025-07;2025-08,124025,1.096,False
风格审美,vampire,vampire collar,1,2025-10,124132,,False
风格审美,boho,human hair boho,4,2025-05;2025-06;2025-07;2025-08,124188,,False
风格审美,mermaid,mermaid costume toddler,1,2025-10,124336,,False
风格审美,mermaid,girls mermaid costume,2,2025-09;2025-10,124489,,False
风格审美,western,western keychain,4,2025-07;2025-08;2025-09;2025-12,124793,,False
风格审美,gothic,gothic shoes,4,2025-07;2025-08;2025-09;2025-10,125449,,False
风格审美,western,western movies prime free,6,2025-01;2025-02;2025-03;2025-04;2025-05;2025-06,125729,1.198,False
风格审美,mermaid,mermaid stickers,9,2025-01;2025-02;2025-03;2025-04;2025-05;2025-06;2025-07;2025-08;2025-09,125809,0.762,False
风格审美,goth,goth tops for women,7,2025-03;2025-04;2025-05;2025-07;2025-08;2025-09;2025-10,126033,0.837,False
风格审美,boho,boho tops for women plus size,2,2025-07;2025-08,126289,,False
风格审美,y2k,y2k jersey,4,2025-05;2025-07;2025-08;2025-09,126300,,False
风格审美,goth,goth swimsuits for women,2,2025-05;2025-06,126320,,False
风格审美,goth,goth makeup kit,2,2025-10;2025-12,126577,,False
风格审美,mermaid,mermaid swimsuit,3,2025-05;2025-06;2025-07,126602,,False
风格审美,gothic,gothic accessories for woman,2,2025-09;2025-10,126966,,False
风格审美,goth,goth tops,9,2025-01;2025-02;2025-03;2025-05;2025-06;2025-07;2025-08;2025-09;2025-10,127017,0.783,False
风格审美,y2k,summer tops y2k,2,2025-05;2025-06,127170,,False
风格审美,western,western comforter,6,2025-01;2025-08;2025-09;2025-10;2025-11;2025-12,127281,0.973,False
风格审美,western,western wallets for women,4,2025-01;2025-02;2025-03;2025-12,127432,,False
风格审美,boho,boho kitchen curtains,9,2025-01;2025-02;2025-03;2025-04;2025-05;2025-06;2025-07;2025-08;2025-09,127457,1.305,False
风格审美,y2k,y2k keychain,9,2025-01;2025-02;2025-03;2025-04;2025-05;2025-06;2025-07;2025-08;2025-09,127910,0.72,False
风格审美,boho,best+boho+decor,1,2025-09,127958,,False
风格审美,goth,goth heels,3,2025-08;2025-09;2025-10,128029,,False
风格审美,boho,boho skirts for women 2025,4,2025-04;2025-05;2025-06;2025-07,128114,,False
风格审美,boho,boho duvet cover queen,3,2025-01;2025-02;2025-03,128350,,False
风格审美,gothic,black corset dress gothic,1,2025-10,128452,,False
风格审美,boho,womens boho clothing,7,2025-02;2025-03;2025-04;2025-05;2025-06;2025-07;2025-08,128637,1.08,False
风格审美,mermaid,mermaid net,1,2025-10,128794,,False
风格审美,western,black western belt women,4,2025-02;2025-03;2025-04;2025-05,129236,,False
风格审美,western,western tree skirt,1,2025-11,129285,,False
风格审美,boho,boho kitchen rug,8,2025-01;2025-02;2025-03;2025-04;2025-05;2025-06;2025-07;2025-08,129447,1.231,False
风格审美,boho,boho bandeau natural life,1,2025-06,129500,,False
风格审美,western,ely cattleman western shirts for men,8,2025-02;2025-03;2025-04;2025-05;2025-06;2025-07;2025-08;2025-10,129744,0.819,False
风格审美,goth,goth boots for women,3,2025-08;2025-09;2025-10,129962,,False
风格审美,vampire,vampire necklace for women,1,2025-10,130139,,True
风格审美,mermaid,mermaid pants,1,2025-10,130287,,False
风格审美,boho,boho cardigan,4,2025-08;2025-09;2025-10;2025-11,130346,,False
风格审美,y2k,belt y2k,4,2025-07;2025-08;2025-09;2025-10,130533,,False
风格审美,western,western sweater,3,2025-10;2025-11;2025-12,130565,,False
风格审美,western,western belt buckles for men,8,2025-01;2025-02;2025-03;2025-04;2025-05;2025-08;2025-10;2025-12,130857,1.36,False
风格审美,gothic,gothic jewelry for women,4,2025-08;2025-09;2025-10;2025-12,131068,,True
风格审美,y2k,graphic tees for women y2k,5,2025-02;2025-03;2025-04;2025-07;2025-08,131249,,False
风格审美,mermaid,mermaid hair clips,1,2025-10,131365,,False
风格审美,mermaid,blue mermaid top,1,2025-10,131507,,False
风格审美,boho,boho vase,8,2025-01;2025-02;2025-03;2025-04;2025-05;2025-07;2025-08;2025-09,131806,1.295,False
风格审美,y2k,y2k sunglasses for women,6,2025-04;2025-05;2025-06;2025-07;2025-08;2025-10,133329,0.803,False
风格审美,vampire,manic panic vampire red,4,2025-05;2025-06;2025-07;2025-08,133589,,False
风格审美,vampire,vampire womens costume,1,2025-10,133827,,False
风格审美,vampire,vampire the masquerade bloodlines 2,1,2025-10,133889,,False
风格审美,mermaid,mermaid face gems,1,2025-10,134086,,False
风格审美,boho,boho gifts,1,2025-12,134273,,False
风格审美,mermaid,mermaid shirt,1,2025-10,134381,,False
风格审美,boho,boho wallpaper peel and stick,6,2025-01;2025-02;2025-03;2025-06;2025-07;2025-08,134865,1.323,False
风格审美,western,western christmas wrapping paper,2,2025-11;2025-12,134894,,False
风格审美,goth,goth room decor,11,2025-01;2025-02;2025-03;2025-04;2025-05;2025-06;2025-07;2025-08;2025-09;2025-11;2025-12,134918,1.115,False
风格审美,y2k,y2k dresses,8,2025-02;2025-03;2025-04;2025-05;2025-06;2025-07;2025-08;2025-09,135228,0.962,False
风格审美,boho,boho curtain,9,2025-01;2025-02;2025-03;2025-04;2025-05;2025-06;2025-07;2025-08;2025-09,135233,0.868,False
风格审美,vampire,vampire costume adult,1,2025-10,135240,,False
风格审美,western,western steering wheel cover,4,2025-08;2025-09;2025-10;2025-11,135510,,False
风格审美,western,girls western shirt,5,2025-02;2025-03;2025-07;2025-09;2025-10,135579,,False
风格审美,western,western wrapping paper,2,2025-11;2025-12,135588,,False
风格审美,boho,boho bathroom,7,2025-01;2025-02;2025-03;2025-04;2025-05;2025-06;2025-07,135860,1.272,False
风格审美,y2k,y2k graphic tee,3,2025-06;2025-07;2025-08,136300,,False
风格审美,boho,boho duvet cover king,3,2025-01;2025-02;2025-03,136597,,False
风格审美,goth,goth rings,6,2025-02;2025-07;2025-08;2025-09;2025-10;2025-12,136710,0.732,True
风格审美,gothic,gothic halloween costumes women,1,2025-10,136723,,False
风格审美,goth,goth valentines gifts,1,2025-02,136806,,False
风格审美,western,western bathroom rugs,4,2025-01;2025-02;2025-03;2025-08,136947,,False
风格审美,western,western formal dresses for women,5,2025-01;2025-02;2025-08;2025-09;2025-10,137140,,False
风格审美,y2k,y2k earrings,10,2025-01;2025-02;2025-03;2025-04;2025-05;2025-06;2025-07;2025-08;2025-09;2025-10,137260,0.889,True
风格审美,vampire,a vampire bewitched,1,2025-04,137296,,False
风格审美,mermaid,sexy mermaid costume women,1,2025-10,137386,,False
风格审美,y2k,y2k mens fashion,1,2025-10,137450,,False
风格审美,boho,color 30 boho curls human hair,1,2025-05,138052,,False
风格审美,mermaid,mermaid wedding dress,3,2025-01;2025-02;2025-03,138178,,False
风格审美,boho,summer dresses for women 2025 boho breeze,1,2025-08,138496,,False
风格审美,goth,goth wrapping paper,1,2025-12,138637,,False
风格审美,boho,boho knotless braids human hair,1,2025-05,138754,,False
风格审美,western,western graphic tees for women,7,2025-02;2025-03;2025-04;2025-05;2025-06;2025-07;2025-08,138790,1.161,False
风格审美,boho,boho classroom rug,2,2025-07;2025-08,138795,,False
风格审美,mermaid,green mermaid skirt,1,2025-10,138806,,False
风格审美,boho,boho curtains blackout,10,2025-01;2025-02;2025-03;2025-05;2025-06;2025-07;2025-08;2025-09;2025-10;2025-11,138869,1.188,False
风格审美,gothic,plus size gothic clothing,4,2025-07;2025-08;2025-09;2025-10,138902,,False
风格审美,western,western rugs,6,2025-01;2025-02;2025-03;2025-07;2025-08;2025-09,139114,1.31,False
风格审美,mermaid,mermaid tail adult,3,2025-05;2025-06;2025-07,139164,,False
风格审美,western,western tshirts shirts for women,2,2025-03;2025-04,139298,,False
风格审美,gothic,gothic wallpaper,7,2025-01;2025-02;2025-03;2025-07;2025-08;2025-09;2025-10,139360,0.836,False
风格审美,boho,white boho skirt,5,2025-04;2025-05;2025-06;2025-07;2025-08,139522,,False
风格审美,mermaid,adult mermaid costumes for women,1,2025-10,139603,,False
风格审美,mermaid,mermaid swimsuit for girls 4-6,3,2025-05;2025-06;2025-07,139878,,False
风格审美,vampire,vampire costumes,1,2025-10,139976,,False
风格审美,vampire,vampire blood bath and body works,5,2025-08;2025-09;2025-10;2025-11;2025-12,140099,,False
风格审美,boho,boho queen comforter set,9,2025-01;2025-02;2025-03;2025-04;2025-05;2025-06;2025-07;2025-08;2025-09,140109,1.168,False
风格审美,goth,goth cat tree,9,2025-01;2025-02;2025-03;2025-04;2025-05;2025-06;2025-07;2025-08;2025-09,140123,0.968,False
风格审美,western,western makeup bag,2,2025-11;2025-12,140138,,False
风格审美,gothic,gothic boots for women,2,2025-09;2025-10,140227,,False
风格审美,western,indo western outfits for women,2,2025-09;2025-10,140439,,False
风格审美,western,western shower curtains for bathroom,3,2025-01;2025-02;2025-03,140488,,False
风格审美,western,western boots for women,5,2025-02;2025-09;2025-10;2025-11;2025-12,140536,,False
风格审美,boho,boho backpack,2,2025-07;2025-08,140537,,False
风格审美,vampire,vampire gloves,1,2025-10,140626,,False
风格审美,vampire,kids vampire costume girls,1,2025-10,140699,,False
风格审美,boho,plus size boho tops,4,2025-06;2025-07;2025-08;2025-09,141093,,False
风格审美,western,turquoise belts for women western,5,2025-02;2025-03;2025-04;2025-05;2025-06,141246,,False
风格审美,boho,curtains boho,11,2025-01;2025-02;2025-03;2025-04;2025-05;2025-06;2025-07;2025-08;2025-09;2025-10;2025-11,141404,1.238,False
风格审美,boho,boho shorts for women,4,2025-04;2025-05;2025-06;2025-07,141505,,False
风格审美,boho,boho couch cover,11,2025-01;2025-02;2025-03;2025-04;2025-05;2025-06;2025-07;2025-08;2025-09;2025-10;2025-11,141927,1.253,False
风格审美,boho,boho tv stand,9,2025-01;2025-02;2025-03;2025-04;2025-05;2025-06;2025-07;2025-08;2025-09,141991,1.268,False
风格审美,boho,boho bikini,2,2025-05;2025-06,142012,,False
风格审美,western,western vest for men,7,2025-01;2025-02;2025-03;2025-04;2025-10;2025-11;2025-12,142027,0.939,False
风格审美,y2k,y2k rug,6,2025-01;2025-06;2025-07;2025-08;2025-11;2025-12,142073,1.07,False
风格审美,gothic,gothic crown,1,2025-10,142238,,False
风格审美,mermaid,purple mermaid top,1,2025-10,142306,,False
风格审美,vampire,vampire mask,1,2025-10,142367,,False
风格审美,boho,boho ceiling fan with light,7,2025-02;2025-03;2025-04;2025-05;2025-06;2025-07;2025-08,142441,0.936,False
风格审美,y2k,y2k phone case,11,2025-01;2025-02;2025-03;2025-04;2025-05;2025-06;2025-07;2025-08;2025-09;2025-11;2025-12,142655,1.021,False
风格审美,boho,boho bookshelf,6,2025-01;2025-02;2025-03;2025-04;2025-06;2025-07,142731,1.226,False
风格审美,western,western hats for men,11,2025-01;2025-02;2025-03;2025-04;2025-05;2025-06;2025-07;2025-08;2025-09;2025-10;2025-12,142814,1.256,False
风格审美,gothic,gothic lamp,7,2025-01;2025-07;2025-08;2025-09;2025-10;2025-11;2025-12,143301,1.08,False
风格审美,boho,boho bedding sets queen,7,2025-02;2025-03;2025-05;2025-06;2025-07;2025-08;2025-09,143359,1.148,False
风格审美,boho,boho blouses for women,6,2025-03;2025-04;2025-05;2025-06;2025-07;2025-08,143503,1.218,False
风格审美,y2k,tights y2k,3,2025-07;2025-08;2025-10,143701,,False
风格审美,goth,goth shorts,6,2025-04;2025-05;2025-06;2025-07;2025-08;2025-09,143793,1.203,False
风格审美,western,western decorations party,6,2025-02;2025-03;2025-04;2025-05;2025-06;2025-07,143838,1.083,False
风格审美,gothic,gothic witch costume,1,2025-10,144146,,False
风格审美,vampire,vampire in brooklyn,3,2025-02;2025-03;2025-04,144667,,False
风格审美,boho,loose wave boho human hair,3,2025-06;2025-07;2025-08,144875,,False
风格审美,gothic,gothic makeup,2,2025-09;2025-10,144963,,False
风格审美,goth,goth tights,3,2025-08;2025-09;2025-10,144963,,False
风格审美,gothic,gothic wedding dress,3,2025-08;2025-09;2025-10,145005,,False
风格审美,boho,boho womens clothing,8,2025-01;2025-02;2025-03;2025-04;2025-05;2025-06;2025-07;2025-08,145006,1.061,False
风格审美,western,western shirts,5,2025-05;2025-07;2025-08;2025-09;2025-10,145035,,False
风格审美,western,western rugs for living room,4,2025-01;2025-02;2025-03;2025-04,145162,,False
风格审美,vampire,adult vampire costume female,1,2025-10,145337,,False
风格审美,vampire,gold vampire fangs,1,2025-10,145474,,False
风格审美,western,western blouses for women,3,2025-08;2025-09;2025-10,145577,,False
风格审美,y2k,y2k belts,5,2025-07;2025-08;2025-09;2025-11;2025-12,145599,,False
风格审美,goth,goth lingerie,10,2025-01;2025-02;2025-03;2025-05;2025-06;2025-07;2025-08;2025-09;2025-10;2025-12,145669,0.933,False
风格审美,boho,boho sheets,9,2025-01;2025-02;2025-03;2025-04;2025-05;2025-06;2025-07;2025-08;2025-09,145972,1.005,False
风格审美,boho,boho desk,8,2025-01;2025-02;2025-03;2025-04;2025-05;2025-06;2025-07;2025-08,146061,0.979,False
风格审美,y2k,y2k pants men,5,2025-08;2025-09;2025-10;2025-11;2025-12,146086,,False
风格审美,vampire,vampire jewelry for women,1,2025-10,146456,,True
风格审美,western,western wallet for men,1,2025-12,146602,,False
风格审美,boho,boho headbands,5,2025-03;2025-05;2025-06;2025-07;2025-08,146717,,False
风格审美,mermaid,mermaid costume for women,1,2025-10,147162,,False
风格审美,boho,boho bathroom rug,9,2025-01;2025-02;2025-03;2025-04;2025-05;2025-06;2025-07;2025-08;2025-09,147370,1.243,False
风格审美,vampire,vampire decorations,1,2025-10,147387,,False
风格审美,boho,r.vivimos maxi dress for women long sleeve v neck empire waist layered ruffle boho casual flowy long,1,2025-12,147435,,False
风格审美,western,western kitchen decor,3,2025-01;2025-02;2025-07,147788,,False
风格审美,boho,bora bora boho braiding human hair,3,2025-06;2025-07;2025-08,147810,,False
风格审美,goth,goth press on nails,5,2025-05;2025-07;2025-08;2025-09;2025-10,147823,,False
风格审美,western,western wedding dress,3,2025-01;2025-02;2025-09,147878,,False
风格审美,gothic,gothic wall art,2,2025-08;2025-09,147994,,False
风格审美,western,ariat western boots for men,1,2025-12,148143,,False
风格审美,western,western comforter set queen,4,2025-01;2025-02;2025-03;2025-05,148310,,False
风格审美,western,misreading scripture with western eyes,1,2025-02,148578,,False
风格审美,western,western booties for women,4,2025-02;2025-03;2025-09;2025-10,148978,,False
风格审美,boho,boho swimsuits for women,2,2025-05;2025-06,149126,,False
风格审美,boho,body wave boho human hair,3,2025-06;2025-07;2025-08,149289,,False
风格审美,mermaid,mermaid outfit women,4,2025-06;2025-07;2025-08;2025-10,149446,,False
风格审美,gothic,gothic belt,2,2025-09;2025-10,149595,,False
风格审美,western,western movie,3,2025-01;2025-02;2025-03,149721,,False
风格审美,western,western hoodies for men,1,2025-12,149770,,False
风格审美,vampire,vampire halloween costume woman,1,2025-10,149828,,False
风格审美,vampire,adult vampire costume,1,2025-10,149999,,False
风格审美,boho,boho sweater,4,2025-09;2025-10;2025-11;2025-12,150316,,False
风格审美,boho,deep wave boho human hair,2,2025-06;2025-07,150466,,False
风格审美,vampire,vampire costumes for women,1,2025-10,150557,,False
风格审美,mermaid,mermaid dress for girls,5,2025-06;2025-07;2025-08;2025-09;2025-10,150601,,False
风格审美,western,brown western belt women,4,2025-03;2025-04;2025-05;2025-06,150642,,False
风格审美,y2k,y2k nails,11,2025-01;2025-02;2025-03;2025-04;2025-05;2025-06;2025-07;2025-08;2025-09;2025-11;2025-12,150740,0.995,False
风格审美,western,western stuff,2,2025-11;2025-12,150785,,False
风格审美,western,western christmas,1,2025-11,150855,,False
风格审美,gothic,gothic accessories,2,2025-09;2025-10,150883,,False
风格审美,boho,human bulk hair for boho braids,1,2025-05,151143,,False
风格审美,boho,boho sweater for women,3,2025-10;2025-11;2025-12,151149,,False
风格审美,boho,plus size boho dresses for curvy women,2,2025-04;2025-05,151270,,False
风格审美,western,western belt women,9,2025-02;2025-03;2025-04;2025-05;2025-06;2025-07;2025-08;2025-09;2025-10,151378,0.978,False
风格审美,goth,goth hair accessories,4,2025-07;2025-08;2025-09;2025-10,151401,,False
风格审美,western,mens western shirt,1,2025-09,151483,,False
风格审美,western,western rings,12,2025-01;2025-02;2025-03;2025-04;2025-05;2025-06;2025-07;2025-08;2025-09;2025-10;2025-11;2025-12,151764,0.926,True
风格审美,vampire,kids vampire cape,1,2025-10,151927,,False
风格审美,western,western baby girl clothes,4,2025-01;2025-02;2025-03;2025-04,152129,,False
风格审美,vampire,vampire hunter d (english dubbed),2,2025-06;2025-07,152160,,False
风格审美,y2k,y2k hair accessories,3,2025-07;2025-08;2025-09,152190,,False
风格审美,gothic,white gothic dress,1,2025-10,152403,,False
风格审美,western,western ornaments for christmas tree,1,2025-11,152635,,False
风格审美,mermaid,little mermaid costume adult,1,2025-10,153039,,False
风格审美,boho,boho blouse,6,2025-03;2025-04;2025-05;2025-06;2025-08;2025-09,153169,1.122,False
风格审美,boho,crochet boho tops for women,1,2025-08,153169,,False
风格审美,mermaid,mermaid homecoming dresses,1,2025-09,153366,,False
风格审美,boho,crochet boho box braids with human hair curls,4,2025-02;2025-03;2025-04;2025-06,153541,,False
风格审美,boho,boho rompers for women,4,2025-04;2025-05;2025-06;2025-07,153553,,False
风格审美,western,western bracelets for women,5,2025-03;2025-04;2025-05;2025-06;2025-07,154103,,True
风格审美,gothic,gothic room decor,6,2025-01;2025-07;2025-08;2025-09;2025-11;2025-12,154115,0.935,False
风格审美,western,western decor for bedroom,3,2025-01;2025-02;2025-08,154318,,False
风格审美,vampire,i accidentally hooked up with a vampire,1,2025-03,154631,,False
风格审美,vampire,kids vampire fangs,1,2025-10,154754,,False
风格审美,boho,boho throw pillow covers,3,2025-01;2025-02;2025-03,154764,,False
风格审美,mermaid,canmake mermaid skin gel uv spf 50,3,2025-03;2025-04;2025-05,155243,,False
风格审美,y2k,y2k sandals,3,2025-05;2025-06;2025-07,155252,,False
风格审美,goth,goth backpack,2,2025-07;2025-08,155414,,False
风格审美,western,plus size western dresses for women,5,2025-05;2025-06;2025-07;2025-08;2025-09,155496,,False
风格审美,western,western hoodies for women,2,2025-11;2025-12,155757,,False
风格审美,western,western booties,2,2025-09;2025-10,155796,,False
风格审美,boho,best selling boho sofa,1,2025-10,155836,,False
风格审美,y2k,y2k clothes women,7,2025-03;2025-05;2025-06;2025-07;2025-08;2025-11;2025-12,156123,0.98,False
风格审美,vampire,mated to the vampire,1,2025-04,156160,,False
风格审美,boho,613 boho curls human hair,2,2025-06;2025-07,156212,,False
风格审美,gothic,gothic dresses,2,2025-09;2025-10,156295,,False
风格审美,mermaid,mermaid plates,4,2025-05;2025-06;2025-07;2025-08,156295,,False
风格审美,vampire,vampire costume girls,1,2025-10,156537,,False
风格审美,vampire,vampire headpiece,1,2025-10,156537,,False
风格审美,mermaid,mermaid hair,1,2025-10,156696,,False
风格审美,mermaid,mermaid bra top,1,2025-10,156950,,False
风格审美,western,western apple watch bands for women,8,2025-01;2025-02;2025-03;2025-04;2025-05;2025-06;2025-07;2025-08,157030,1.055,False
风格审美,boho,boho lamp shade,5,2025-01;2025-02;2025-03;2025-07;2025-08,157142,,False
风格审美,boho,4/30 boho human hair,3,2025-06;2025-07;2025-08,157252,,False
风格审美,y2k,beanie y2k,2,2025-11;2025-12,157280,,False
风格审美,mermaid,mermaid tail for kids,2,2025-06;2025-07,157335,,False
风格审美,vampire,men vampire costume,1,2025-10,157485,,False
风格审美,gothic,gothic tops,4,2025-06;2025-08;2025-09;2025-10,157499,,False
风格审美,boho,boho crossbody bags for women,6,2025-03;2025-04;2025-05;2025-06;2025-07;2025-08,157552,1.13,False
风格审美,mermaid,mermaid arm cuff,1,2025-10,157648,,True
风格审美,gothic,victorian gothic dress,1,2025-10,157723,,False
风格审美,vampire,vampire corset women,1,2025-10,157723,,False
风格审美,western,western holster,1,2025-10,157885,,False
风格审美,western,plus size western belt,4,2025-04;2025-05;2025-06;2025-07,158480,,False
风格审美,mermaid,mermaid shower curtain,8,2025-01;2025-02;2025-03;2025-04;2025-05;2025-06;2025-07;2025-08,158576,0.972,False
风格审美,vampire,slaying the vampire conquerer,4,2025-02;2025-03;2025-04;2025-08,158709,,False
风格审美,western,mens western jacket,2,2025-01;2025-12,158775,,False
风格审美,gothic,gothic shirt,2,2025-09;2025-10,158816,,False
风格审美,western,western t shirts for women,4,2025-05;2025-06;2025-07;2025-09,158859,,False
风格审美,mermaid,mermaid ear cuffs,1,2025-10,159096,,True
风格审美,western,western dog collar,3,2025-01;2025-02;2025-03,159286,,False
风格审美,vampire,vampire diaries book complete set,1,2025-03,159428,,False
风格审美,mermaid,mermaid man,1,2025-10,159590,,False
风格审美,boho,boho bathroom accessories,3,2025-01;2025-02;2025-03,159728,,False
风格审美,boho,best+selling+boho+tank+tops,1,2025-07,159767,,False
风格审美,gothic,gothic press on nails,3,2025-08;2025-09;2025-10,159792,,False
风格审美,mermaid,mermaid pool float,1,2025-06,159846,,False
风格审美,y2k,pins for backpacks y2k,2,2025-07;2025-08,159986,,False
风格审美,vampire,vampire decor,3,2025-08;2025-09;2025-10,160112,,False
风格审美,western,western wallpaper,6,2025-01;2025-02;2025-03;2025-06;2025-07;2025-08,160442,1.063,False
风格审美,vampire,vampire knight manga,1,2025-08,160627,,False
风格审美,y2k,suuksess women sexy square neck tank top summer y2k going out basic cami shirt,2,2025-05;2025-07,160795,,False
风格审美,goth,black lipstick goth,1,2025-10,160846,,False
风格审美,boho,boho overalls for women,3,2025-04;2025-05;2025-06,161031,,False
风格审美,mermaid,mermaid tops,1,2025-10,161303,,False
风格审美,boho,boho shirt,5,2025-04;2025-05;2025-06;2025-07;2025-08,161319,,False
风格审美,western,western wear for men,1,2025-12,161389,,False
风格审美,mermaid,mermaid birthday outfit,9,2025-01;2025-02;2025-03;2025-04;2025-05;2025-06;2025-07;2025-08;2025-09,161440,1.094,False
风格审美,vampire,scarecrow vampire fangs,1,2025-10,161474,,False
风格审美,mermaid,white mermaid top,1,2025-10,161474,,False
风格审美,vampire,womens vampire costumes,1,2025-10,161561,,False
风格审美,western,women cowboy boots western,2,2025-09;2025-10,161690,,False
风格审美,western,western costume for women,1,2025-10,161836,,False
风格审美,gothic,gothic pants,2,2025-09;2025-10,161937,,False
风格审美,goth,goth nails,3,2025-08;2025-09;2025-10,161992,,False
风格审美,mermaid,mermaid headpiece,1,2025-10,162044,,False
风格审美,vampire,vampire teeth bulk,1,2025-10,162499,,False
风格审美,western,western diaper bag,5,2025-01;2025-02;2025-03;2025-04;2025-07,162513,,False
风格审美,mermaid,mermaid dress up for girls 4-6,7,2025-01;2025-02;2025-03;2025-04;2025-05;2025-06;2025-07,162865,0.929,False
风格审美,vampire,vampire contacts,1,2025-10,162944,,False
风格审美,gothic,gothic bedroom decor,3,2025-07;2025-08;2025-09,163004,,False
风格审美,western,western outfits for women,1,2025-09,163018,,False
风格审美,western,boys western shirts,3,2025-02;2025-09;2025-10,163233,,False
风格审美,boho,fall boho dress,1,2025-09,163238,,False
风格审美,boho,womens boho summer tops,2,2025-06;2025-07,163260,,False
风格审美,western,western swimsuits for women,2,2025-05;2025-06,163783,,False
风格审美,vampire,halloween costumes for women vampire,1,2025-10,163820,,False
风格审美,western,the golden thread a history of the western tradition,2,2025-08;2025-10,164197,,False
风格审美,western,cowgirl jewelry for women western,2,2025-04;2025-05,164534,,True
风格审美,boho,boho summer tops,2,2025-05;2025-06,164624,,False
风格审美,gothic,gothic earrings for women,1,2025-10,164646,,True
风格审美,y2k,y2k bottoms,3,2025-07;2025-08;2025-09,164755,,False
风格审美,boho,boho tree skirt,1,2025-11,165054,,False
风格审美,boho,summer dresses for women 2025 boho-chic,1,2025-08,165075,,False
风格审美,y2k,y2k dress for women,5,2025-04;2025-05;2025-06;2025-07;2025-08,165174,,False
风格审美,vampire,halloween vampire teeth,1,2025-10,165784,,False
风格审美,y2k,women lolita lace ruffled layered shorts y2k fairy tiered bloomers pumpkin party festival boy shorts,1,2025-10,165784,,False
风格审美,goth,goth sweater,3,2025-10;2025-11;2025-12,165881,,False
风格审美,western,western digital red,1,2025-11,165992,,False
风格审美,western,western jacket,5,2025-01;2025-02;2025-10;2025-11;2025-12,166193,,False
风格审美,y2k,y2k heels,2,2025-08;2025-09,166244,,False
风格审美,mermaid,mermaid gifts for women,1,2025-12,166666,,False
风格审美,vampire,vampire shirt men,1,2025-10,166754,,False
风格审美,mermaid,mermaid birthday,4,2025-01;2025-06;2025-07;2025-08,166774,,False
风格审美,boho,boho fall dresses for women 2025,1,2025-09,166912,,False
风格审美,vampire,vampire romance books for adults,7,2025-01;2025-02;2025-03;2025-06;2025-07;2025-08;2025-09,166939,0.916,False
风格审美,boho,boho rainbow classroom decor,1,2025-07,167074,,False
风格审美,y2k,y2k decor,6,2025-06;2025-07;2025-08;2025-09;2025-11;2025-12,167452,1.013,False
风格审美,mermaid,little mermaid costume toddler,1,2025-10,167458,,False
风格审美,y2k,spider hoodie y2k,2,2025-01;2025-02,167495,,False
风格审美,boho,boho living room rug,5,2025-01;2025-02;2025-03;2025-04;2025-07,167608,,False
风格审美,gothic,long black gothic dress,1,2025-10,167830,,False
风格审美,vampire,vampire mens costume,1,2025-10,167830,,False
风格审美,western,western party decor,3,2025-05;2025-06;2025-09,168044,,False
风格审美,gothic,gothic shirts for women,2,2025-09;2025-10,168104,,False
风格审美,vampire,vampire costume for kids,1,2025-10,168196,,False
风格审美,boho,boho maxi dress for women,1,2025-02,168224,,False
风格审美,boho,boho tops for women hippie,2,2025-07;2025-08,168385,,False
风格审美,vampire,vampire outfit women,1,2025-10,169083,,False
风格审美,vampire,baby vampire costume boy,1,2025-10,169178,,False
风格审美,goth,goth girl gifts,1,2025-12,169597,,False
风格审美,boho,boho kitchen towels,2,2025-01;2025-02,170092,,False
风格审美,vampire,cat vampire costume,1,2025-10,170154,,False
风格审美,goth,goth rug,1,2025-09,170365,,False
风格审美,gothic,gothic choker necklace,1,2025-10,170586,,True
风格审美,goth,goth valentines,1,2025-01,170631,,False
风格审美,y2k,y2k outfit,2,2025-08;2025-09,170830,,False
风格审美,gothic,gothic witch dress,1,2025-10,170935,,False
风格审美,vampire,womens vampire costume sexy,1,2025-10,170935,,False
风格审美,boho,boho lamps,5,2025-01;2025-02;2025-03;2025-07;2025-08,171086,,False
风格审美,goth,goth jewelry for women,1,2025-10,171542,,True
风格审美,vampire,kids vampire costume boys,1,2025-10,171542,,False
风格审美,western,western bedding sets queen,3,2025-01;2025-02;2025-03,171604,,False
风格审美,boho,womens boho pants,3,2025-04;2025-05;2025-06,171720,,False
风格审美,vampire,plastic vampire teeth,1,2025-10,171753,,False
风格审美,vampire,vampire woman costume,1,2025-10,172259,,False
风格审美,western,western crossbody bags for women,2,2025-03;2025-04,172287,,False
风格审美,goth,goth bracelets,3,2025-08;2025-09;2025-10,172357,,True
风格审美,western,western christmas decorations,1,2025-11,172559,,False
风格审美,y2k,y2k zip up hoodie,4,2025-08;2025-10;2025-11;2025-12,172645,,False
风格审美,western,western nail charms,1,2025-05,172699,,True
风格审美,y2k,y2k bracelets,3,2025-07;2025-08;2025-09,172814,,True
风格审美,boho,summer boho dress,2,2025-05;2025-06,173387,,False
风格审美,western,western chief rain boots boys,1,2025-02,173419,,False
风格审美,boho,boho curtains for living room,4,2025-01;2025-02;2025-03;2025-04,173419,,False
风格审美,mermaid,women's midi bodycon dress summer sleeveless ruffle mermaid dress cocktail party tank dresses for we,1,2025-05,173469,,False
风格审美,vampire,buffy the vampire slayer complete series,1,2025-03,173722,,False
风格审美,gothic,gothic christmas wrapping paper,1,2025-12,173781,,False
风格审美,gothic,gothic rings for women,1,2025-10,173886,,True
风格审美,y2k,graphic tees men y2k,2,2025-07;2025-08,173918,,False
风格审美,western,western birthday party decorations,6,2025-02;2025-03;2025-04;2025-07;2025-08;2025-09,174015,0.939,False
风格审美,gothic,gothic necklaces for women,1,2025-10,174081,,True
风格审美,vampire,vampire outfit,1,2025-10,174172,,False
风格审美,mermaid,little mermaid pool toy in shell,1,2025-04,174361,,False
风格审美,mermaid,mermaid balloon arch kit,2,2025-06;2025-07,174423,,False
风格审美,boho,queen comforter set boho,5,2025-02;2025-03;2025-05;2025-07;2025-08,174535,,False
风格审美,boho,boho shirts,1,2025-08,174680,,False
风格审美,y2k,cute tops y2k,1,2025-08,174680,,False
风格审美,mermaid,mermaid swimsuit women,2,2025-06;2025-07,174767,,False
风格审美,western,western school supplies,1,2025-07,175048,,False
风格审美,boho,boho pillow covers 20x20,1,2025-01,175534,,False
风格审美,gothic,gothic pants for women,2,2025-08;2025-09,175621,,False
风格审美,boho,boho braids human hair crochet,4,2025-02;2025-03;2025-04;2025-05,175621,,False
风格审美,goth,goth dresses,1,2025-09,175740,,False
风格审美,mermaid,mermaid birthday party decorations,1,2025-01,175860,,False
风格审美,boho,white boho top,4,2025-05;2025-06;2025-07;2025-08,175894,,False
风格审美,western,free western movies,1,2025-01,175978,,False
风格审美,mermaid,mermaid toy,3,2025-07;2025-11;2025-12,176008,,False
风格审美,y2k,y2k set,2,2025-07;2025-08,176099,,False
风格审美,boho,oversized giant turkish beach towel blanket extra large xxl lightweight quick dry sand free boho thr,1,2025-05,176330,,False
风格审美,y2k,sunglasses y2k,3,2025-05;2025-06;2025-07,176485,,False
风格审美,vampire,vampire eye contacts,1,2025-10,176615,,False
风格审美,boho,boho comforter set,2,2025-08;2025-09,176687,,False
风格审美,vampire,vampire costume for men,1,2025-10,176717,,False
风格审美,boho,boho rings,6,2025-04;2025-05;2025-06;2025-07;2025-08;2025-09,176737,0.963,True
风格审美,mermaid,net skirt mermaid,1,2025-10,176823,,False
风格审美,mermaid,mermaid shirt women,1,2025-10,177326,,False
风格审美,boho,boho rings for women,4,2025-02;2025-03;2025-04;2025-05,177450,,True
风格审美,goth,goth lingerie for women,1,2025-02,177829,,False
风格审美,mermaid,mermaid bathroom decor,5,2025-02;2025-03;2025-05;2025-06;2025-07,178006,,False
风格审美,gothic,gothic dress plus size,1,2025-10,178077,,False
风格审美,gothic,gothic prom dress,1,2025-04,179074,,False
风格审美,boho,boho desk accessories,1,2025-08,179120,,False
风格审美,mermaid,mermaid waist chain,1,2025-10,179158,,True
风格审美,y2k,y2k sets 2 piece outfit,3,2025-06;2025-07;2025-08,179328,,False
风格审美,boho,long sleeve boho dress,1,2025-09,179602,,False
风格审美,gothic,gothic vampire costume,1,2025-10,179815,,False
风格审美,vampire,gothic vampire costume,1,2025-10,179815,,False
风格审美,boho,boho curtains for bedroom,4,2025-01;2025-02;2025-03;2025-04,179872,,False
风格审美,y2k,y2k mini dress,2,2025-05;2025-06,179886,,False
风格审美,western,girls western outfit,2,2025-02;2025-09,180269,,False
风格审美,boho,boho outfits,1,2025-03,180350,,False
风格审美,vampire,sexy vampire,1,2025-10,180647,,False
风格审美,boho,long boho dresses for women,1,2025-04,180724,,False
风格审美,western,western purses,1,2025-12,180793,,False
风格审美,goth,pastel goth,4,2025-08;2025-09;2025-11;2025-12,180866,,False
风格审美,goth,corporate goth clothing women,1,2025-08,181067,,False
风格审美,y2k,y2k skirts,1,2025-08,181067,,False
风格审美,y2k,y2k going out tops,1,2025-09,181209,,False
风格审美,mermaid,mermaid backdrop,2,2025-06;2025-07,181347,,False
风格审美,vampire,the vampire dairies,1,2025-04,181408,,False
风格审美,boho,boho hair accessories,3,2025-04;2025-05;2025-06,181595,,False
风格审美,western,western corset tops for women,2,2025-03;2025-04,181625,,False
风格审美,mermaid,mermaid tails for girls swimming,1,2025-06,181717,,False
风格审美,gothic,gothic lingerie,2,2025-09;2025-10,181731,,False
风格审美,western,western pillows,1,2025-01,181987,,False
风格审美,western,girls western dress,1,2025-02,182005,,False
风格审美,mermaid,plus size mermaid costume,1,2025-10,182123,,False
风格审美,vampire,vampire cane,1,2025-10,182233,,False
风格审美,vampire,vampire accessories kids,1,2025-10,182596,,False
风格审美,mermaid,mermaid candy,3,2025-05;2025-06;2025-07,182700,,False
风格审美,western,western stickers,7,2025-01;2025-02;2025-04;2025-05;2025-06;2025-07;2025-08,182832,0.976,False
风格审美,gothic,gothic headpiece,1,2025-10,182871,,False
风格审美,boho,boho summer tops for women,2,2025-05;2025-06,182959,,False
风格审美,boho,boho beach dress,2,2025-05;2025-06,183084,,False
风格审美,western,western outfit,1,2025-09,183138,,False
风格审美,vampire,vampire teeth glue,1,2025-10,183332,,False
风格审美,boho,boho shelf decor,1,2025-01,183564,,False
风格审美,mermaid,kids mermaid costume,1,2025-10,183696,,False
风格审美,vampire,vampire hunter d bloodlust,2,2025-09;2025-11,183874,,False
风格审美,gothic,black gothic skirt,1,2025-10,183922,,False
风格审美,boho,plus size boho,3,2025-05;2025-06;2025-07,184058,,False
风格审美,boho,boho table decor,1,2025-01,184157,,False
风格审美,goth,goth outfits for women,1,2025-09,184335,,False
风格审美,boho,womens boho dress,1,2025-04,184533,,False
风格审美,boho,boho fall clothes for women,1,2025-09,184589,,False
风格审美,y2k,beanies y2k,1,2025-01,184661,,False
风格审美,mermaid,barbie flower magic mermaid,1,2025-11,184686,,False
风格审美,boho,boho side table,2,2025-01;2025-02,184803,,False
风格审美,y2k,y2k mini skirt,1,2025-10,184942,,False
风格审美,vampire,vampire crown,1,2025-10,185507,,False
风格审美,boho,girls boho dress,2,2025-04;2025-09,185519,,False
风格审美,goth,plus size goth dress,1,2025-10,185863,,False
风格审美,y2k,black y2k top,4,2025-07;2025-08;2025-09;2025-10,185863,,False
风格审美,boho,boho midi skirt,3,2025-05;2025-06;2025-07,185871,,False
风格审美,mermaid,mermaid costume women top,1,2025-10,185969,,False
风格审美,mermaid,mermaid decorations,1,2025-07,186035,,False
风格审美,boho,boho bedroom,2,2025-01;2025-02,186283,,False
风格审美,gothic,gothic tights,1,2025-10,186453,,False
风格审美,goth,goth home decor,2,2025-08;2025-09,186615,,False
风格审美,y2k,y2k accessories women,2,2025-07;2025-08,186634,,False
风格审美,y2k,fur boots y2k,1,2025-01,186751,,False
风格审美,vampire,vampire teeth and blood,1,2025-10,186905,,False
风格审美,goth,goth prom dress,1,2025-04,186948,,False
风格审美,western,western sandals,4,2025-04;2025-05;2025-06;2025-07,187166,,False
风格审美,vampire,anne rice vampire chronicles,1,2025-10,187253,,False
风格审美,western,western lamp,1,2025-01,187561,,False
风格审美,y2k,y2k jeans men,2,2025-08;2025-12,187701,,False
风格审美,goth,goth sunglasses,4,2025-05;2025-06;2025-07;2025-08,187794,,False
风格审美,vampire,vampire choker necklace,1,2025-10,188018,,True
风格审美,y2k,baby tees for women y2k,1,2025-04,188061,,False
风格审美,boho,water wave boho human hair,1,2025-06,188501,,False
风格审美,vampire,vampire kit,1,2025-10,188974,,False
风格审美,boho,boho beaded wallet keychain,1,2025-09,189113,,False
风格审美,boho,boho jumpsuit,2,2025-04;2025-05,189318,,False
风格审美,boho,boho wedding decor,1,2025-01,190433,,False
风格审美,western,western tablecloth,2,2025-05;2025-06,190515,,False
风格审美,vampire,toddler vampire costume,1,2025-10,190538,,False
风格审美,mermaid,mermaid dolls,1,2025-07,190825,,False
风格审美,gothic,gothic christmas decorations,1,2025-11,190836,,False
风格审美,boho,boho clothing,2,2025-07;2025-08,190860,,False
风格审美,western,gold western belt,2,2025-05;2025-07,190956,,False
风格审美,western,western party favors,3,2025-05;2025-06;2025-07,191246,,False
风格审美,western,western christmas stockings,1,2025-11,191269,,False
风格审美,vampire,girls vampire costume size 8-10,1,2025-10,191628,,False
风格审美,boho,boho plus size dress,1,2025-05,191663,,False
风格审美,western,western clothes,1,2025-11,191917,,False
风格审美,vampire,halloween costumes vampire,1,2025-10,192506,,False
风格审美,vampire,vampire shirt women,1,2025-10,192884,,False
风格审美,boho,plus size boho tops for women,1,2025-03,193190,,False
风格审美,vampire,woman vampire costume,1,2025-10,193247,,False
风格审美,vampire,anita blake vampire hunter series,1,2025-02,193317,,False
风格审美,vampire,vampire ears,1,2025-10,193394,,False
风格审美,western,western sweatshirts for women,1,2025-01,193513,,False
风格审美,y2k,y2k rings,1,2025-08,193542,,True
风格审美,western,white western dress,1,2025-09,193620,,False
风格审美,goth,goth shoes for women,1,2025-09,193620,,False
风格审美,boho,boho bedding king,1,2025-09,193620,,False
风格审美,goth,goth summer dress,1,2025-06,193951,,False
风格审美,y2k,y2k fashion,1,2025-08,193980,,False
风格审美,vampire,red contacts for eyes vampire,1,2025-10,194066,,False
风格审美,gothic,gothic tapestry,2,2025-08;2025-09,194113,,False
风格审美,mermaid,mermaid sprinkles,2,2025-06;2025-07,194239,,False
风格审美,boho,boho wall hangings,1,2025-06,194397,,False
风格审美,western,western heels,1,2025-09,194473,,False
风格审美,goth,goth accessories for women,1,2025-10,194562,,False
风格审美,western,western pillow covers,1,2025-01,195055,,False
风格审美,goth,plus size goth,1,2025-09,195085,,False
风格审美,y2k,y2k baggy jeans,2,2025-11;2025-12,195275,,False
风格审美,boho,boho picture frames,1,2025-01,195346,,False
风格审美,y2k,babydoll tops y2k,1,2025-08,195680,,False
风格审美,boho,boho summer dresses,1,2025-06,195854,,False
风格审美,mermaid,mermaid ornament,1,2025-12,195869,,False
风格审美,y2k,clothes y2k,1,2025-11,195962,,False
风格审美,goth,goth shower curtain,2,2025-08;2025-09,196007,,False
风格审美,mermaid,mermaid tail for swimming adult,2,2025-06;2025-07,196013,,False
风格审美,western,western rings for women,1,2025-03,196041,,True
风格审美,vampire,vampire plugs for christmas lights,1,2025-12,196103,,False
风格审美,boho,women's boho tops,2,2025-05;2025-08,196113,,False
风格审美,boho,boho ceiling fan,1,2025-07,196255,,False
风格审美,western,gold western jewelry for women,2,2025-06;2025-07,196393,,True
风格审美,western,western tree topper,1,2025-11,196452,,False
风格审美,boho,bedsure tufted boho comforter set,1,2025-09,196452,,False
风格审美,y2k,y2k baby tee,3,2025-03;2025-04;2025-06,196768,,False
风格审美,boho,boho white dress,1,2025-09,196894,,False
风格审美,y2k,fuzzy leg warmers y2k,1,2025-10,196967,,False
风格审美,boho,king size comforter set boho,1,2025-03,197191,,False
风格审美,mermaid,barbie mermaid doll,1,2025-11,197198,,False
风格审美,mermaid,mermaid coloring book,1,2025-06,197224,,False
风格审美,mermaid,mermaid gifts for girls 4-6,1,2025-07,197398,,False
风格审美,goth,goth wallet,1,2025-08,197402,,False
风格审美,boho,btfbm womens summer 2025 casual midi maxi dresses lightweight short sleeve v neck elastic waist boho,1,2025-04,197472,,False
风格审美,gothic,gothic corset dresses,1,2025-10,197512,,False
风格审美,boho,boho braids crochet hair,1,2025-07,197533,,False
风格审美,goth,black goth skirt,1,2025-10,197658,,False
风格审美,boho,boho flowers,2,2025-01;2025-02,197771,,False
风格审美,y2k,sweatpants y2k,1,2025-08,197958,,False
风格审美,boho,boho fall decor,1,2025-09,197966,,False
风格审美,boho,women's boho maxi dress,1,2025-04,198083,,False
风格审美,gothic,gothic stickers,2,2025-08;2025-09,198122,,False
风格审美,goth,goth bag,1,2025-08,198272,,False
风格审美,gothic,gothic heels,1,2025-09,198443,,False
风格审美,western,black western boots,1,2025-10,198456,,False
风格审美,gothic,gothic hair accessories,1,2025-10,198578,,False
风格审美,y2k,jean shorts y2k,1,2025-08,198685,,False
风格审美,gothic,gothic swimsuit,1,2025-06,198713,,False
风格审美,boho,white boho dress for women,1,2025-05,198773,,False
风格审美,gothic,gothic vampire costume women,1,2025-10,198863,,False
风格审美,vampire,gothic vampire costume women,1,2025-10,198863,,False
风格审美,mermaid,mermaid halloween costume,1,2025-10,198863,,False
风格审美,western,women western boots,1,2025-03,199098,,False
风格审美,boho,boho nursery decor,1,2025-01,199100,,False
风格审美,western,western women,1,2025-12,199336,,False
风格审美,vampire,vampire hunter costume,1,2025-10,199567,,False
风格审美,y2k,baby tees y2k,1,2025-08,199658,,False
风格审美,boho,boho steering wheel cover,1,2025-05,199787,,False
风格审美,y2k,loveimgs women y2k baggy barrel jeans overalls,1,2025-08,199968,,False
